traceId,spanId,parentSpanId,timestamp,srcService,srcRoute,dstService,dstRoute,latency_ms,latency,rps
trace00001,span00001,,2025-11-21T15:00:00+00:00,recommendation-service,/getUserRecommendations,cache-service,/getProfileCache,4.1,4.1,20
trace00002,span00002,,2025-11-21T15:00:00+00:00,recommendation-service,/getUserRecommendations,db-analytics,/updateRecStats,17.3,17.5,20
trace00003,span00003,,2025-11-21T15:00:01+00:00,recommendation-service,/getUserRecommendations,cache-service,/getProfileCache,4.2,4.6,20
trace00004,span00004,,2025-11-21T15:00:01+00:00,recommendation-service,/getUserRecommendations,db-analytics,/updateRecStats,17.4,17.2,20
trace00005,span00005,,2025-11-21T15:00:02+00:00,recommendation-service,/getUserRecommendations,cache-service,/getProfileCache,4.2,4.0,20
trace00006,span00006,,2025-11-21T15:00:02+00:00,recommendation-service,/getUserRecommendations,db-analytics,/updateRecStats,17.7,17.3,20
trace00007,span00007,,2025-11-21T15:00:03+00:00,recommendation-service,/getUserRecommendations,cache-service,/getProfileCache,4.5,4.0,20
trace00008,span00008,,2025-11-21T15:00:03+00:00,recommendation-service,/getUserRecommendations,db-analytics,/updateRecStats,17.3,16.9,20
trace00009,span00009,,2025-11-21T15:00:04+00:00,recommendation-service,/getUserRecommendations,cache-service,/getProfileCache,4.6,5.0,20
trace00010,span00010,,2025-11-21T15:00:04+00:00,recommendation-service,/getUserRecommendations,db-analytics,/updateRecStats,17.4,17.0,20
trace00011,span00011,,2025-11-21T15:00:05+00:00,recommendation-service,/getUserRecommendations,cache-service,/getProfileCache,4.3,4.6,20
trace00012,span00012,,2025-11-21T15:00:05+00:00,recommendation-service,/getUserRecommendations,db-analytics,/updateRecStats,17.6,17.3,20
trace00013,span00013,,2025-11-21T15:00:06+00:00,recommendation-service,/getUserRecommendations,cache-service,/getProfileCache,4.1,4.1,20
trace00014,span00014,,2025-11-21T15:00:06+00:00,recommendation-service,/getUserRecommendations,db-analytics,/updateRecStats,17.7,17.4,20
trace00015,span00015,,2025-11-21T15:00:07+00:00,recommendation-service,/getUserRecommendations,cache-service,/getProfileCache,4.3,4.1,20
trace00016,span00016,,2025-11-21T15:00:07+00:00,recommendation-service,/getUserRecommendations,db-analytics,/updateRecStats,17.3,17.0,20
trace00017,span00017,,2025-11-21T15:00:08+00:00,recommendation-service,/getUserRecommendations,cache-service,/getProfileCache,4.1,3.6,20
trace00018,span00018,,2025-11-21T15:00:08+00:00,recommendation-service,/getUserRecommendations,db-analytics,/updateRecStats,17.2,17.4,20
trace00019,span00019,,2025-11-21T15:00:09+00:00,recommendation-service,/getUserRecommendations,cache-service,/getProfileCache,3.9,3.6,20
trace00020,span00020,,2025-11-21T15:00:09+00:00,recommendation-service,/getUserRecommendations,db-analytics,/updateRecStats,17.6,17.6,20
trace00021,span00021,,2025-11-21T15:00:10+00:00,recommendation-service,/getUserRecommendations,cache-service,/getProfileCache,3.9,4.3,20
trace00022,span00022,,2025-11-21T15:00:10+00:00,recommendation-service,/getUserRecommendations,db-analytics,/updateRecStats,17.7,18.0,20
trace00023,span00023,,2025-11-21T15:00:11+00:00,recommendation-service,/getUserRecommendations,cache-service,/getProfileCache,4.1,3.6,20
trace00024,span00024,,2025-11-21T15:00:11+00:00,recommendation-service,/getUserRecommendations,db-analytics,/updateRecStats,17.1,17.6,20
trace00025,span00025,,2025-11-21T15:00:12+00:00,recommendation-service,/getUserRecommendations,cache-service,/getProfileCache,4.2,4.5,20
trace00026,span00026,,2025-11-21T15:00:12+00:00,recommendation-service,/getUserRecommendations,db-analytics,/updateRecStats,17.8,18.1,20
trace00027,span00027,,2025-11-21T15:00:13+00:00,recommendation-service,/getUserRecommendations,cache-service,/getProfileCache,4.0,4.3,20
trace00028,span00028,,2025-11-21T15:00:13+00:00,recommendation-service,/getUserRecommendations,db-analytics,/updateRecStats,17.2,17.3,20
trace00029,span00029,,2025-11-21T15:00:14+00:00,recommendation-service,/getUserRecommendations,cache-service,/getProfileCache,4.4,4.6,20
trace00030,span00030,,2025-11-21T15:00:14+00:00,recommendation-service,/getUserRecommendations,db-analytics,/updateRecStats,17.3,17.2,20
trace00031,span00031,,2025-11-21T15:00:15+00:00,recommendation-service,/getUserRecommendations,cache-service,/getProfileCache,3.8,3.8,20
trace00032,span00032,,2025-11-21T15:00:15+00:00,recommendation-service,/getUserRecommendations,db-analytics,/updateRecStats,17.4,17.5,20
trace00033,span00033,,2025-11-21T15:00:16+00:00,recommendation-service,/getUserRecommendations,cache-service,/getProfileCache,4.5,4.2,20
trace00034,span00034,,2025-11-21T15:00:16+00:00,recommendation-service,/getUserRecommendations,db-analytics,/updateRecStats,17.8,18.0,20
trace00035,span00035,,2025-11-21T15:00:17+00:00,recommendation-service,/getUserRecommendations,cache-service,/getProfileCache,4.5,4.5,20
trace00036,span00036,,2025-11-21T15:00:17+00:00,recommendation-service,/getUserRecommendations,db-analytics,/updateRecStats,17.2,17.0,20
trace00037,span00037,,2025-11-21T15:00:18+00:00,recommendation-service,/getUserRecommendations,cache-service,/getProfileCache,4.1,4.1,20
trace00038,span00038,,2025-11-21T15:00:18+00:00,recommendation-service,/getUserRecommendations,db-analytics,/updateRecStats,17.6,17.2,20
trace00039,span00039,,2025-11-21T15:00:19+00:00,recommendation-service,/getUserRecommendations,cache-service,/getProfileCache,3.9,3.9,21
trace00040,span00040,,2025-11-21T15:00:19+00:00,recommendation-service,/getUserRecommendations,db-analytics,/updateRecStats,17.7,17.6,21
trace00041,span00041,,2025-11-21T15:00:20+00:00,recommendation-service,/getUserRecommendations,cache-service,/getProfileCache,4.3,4.5,20
trace00042,span00042,,2025-11-21T15:00:20+00:00,recommendation-service,/getUserRecommendations,db-analytics,/updateRecStats,17.2,16.8,20
trace00043,span00043,,2025-11-21T15:00:21+00:00,recommendation-service,/getUserRecommendations,cache-service,/getProfileCache,4.0,3.6,21
trace00044,span00044,,2025-11-21T15:00:21+00:00,recommendation-service,/getUserRecommendations,db-analytics,/updateRecStats,17.5,17.8,21
trace00045,span00045,,2025-11-21T15:00:22+00:00,recommendation-service,/getUserRecommendations,cache-service,/getProfileCache,4.6,4.5,21
trace00046,span00046,,2025-11-21T15:00:22+00:00,recommendation-service,/getUserRecommendations,db-analytics,/updateRecStats,17.1,17.4,21
trace00047,span00047,,2025-11-21T15:00:23+00:00,recommendation-service,/getUserRecommendations,cache-service,/getProfileCache,4.3,4.1,21
trace00048,span00048,,2025-11-21T15:00:23+00:00,recommendation-service,/getUserRecommendations,db-analytics,/updateRecStats,17.6,17.9,21
trace00049,span00049,,2025-11-21T15:00:24+00:00,recommendation-service,/getUserRecommendations,cache-service,/getProfileCache,4.3,3.9,21
trace00050,span00050,,2025-11-21T15:00:24+00:00,recommendation-service,/getUserRecommendations,db-analytics,/updateRecStats,17.7,18.0,21
trace00051,span00051,,2025-11-21T15:00:25+00:00,recommendation-service,/getUserRecommendations,cache-service,/getProfileCache,4.2,4.5,21
trace00052,span00052,,2025-11-21T15:00:25+00:00,recommendation-service,/getUserRecommendations,db-analytics,/updateRecStats,17.1,17.0,21
trace00053,span00053,,2025-11-21T15:00:26+00:00,recommendation-service,/getUserRecommendations,cache-service,/getProfileCache,4.5,4.8,21
trace00054,span00054,,2025-11-21T15:00:26+00:00,recommendation-service,/getUserRecommendations,db-analytics,/updateRecStats,17.1,16.8,21
trace00055,span00055,,2025-11-21T15:00:27+00:00,recommendation-service,/getUserRecommendations,cache-service,/getProfileCache,4.3,4.7,21
trace00056,span00056,,2025-11-21T15:00:27+00:00,recommendation-service,/getUserRecommendations,db-analytics,/updateRecStats,17.9,17.5,21
trace00057,span00057,,2025-11-21T15:00:28+00:00,recommendation-service,/getUserRecommendations,cache-service,/getProfileCache,4.4,3.9,21
trace00058,span00058,,2025-11-21T15:00:28+00:00,recommendation-service,/getUserRecommendations,db-analytics,/updateRecStats,17.6,17.5,21
trace00059,span00059,,2025-11-21T15:00:29+00:00,recommendation-service,/getUserRecommendations,cache-service,/getProfileCache,4.2,4.4,21
trace00060,span00060,,2025-11-21T15:00:29+00:00,recommendation-service,/getUserRecommendations,db-analytics,/updateRecStats,17.5,17.6,21
trace00061,span00061,,2025-11-21T15:00:30+00:00,recommendation-service,/getUserRecommendations,cache-service,/getProfileCache,4.3,4.3,21
trace00062,span00062,,2025-11-21T15:00:30+00:00,recommendation-service,/getUserRecommendations,db-analytics,/updateRecStats,17.3,17.7,21
trace00063,span00063,,2025-11-21T15:00:31+00:00,recommendation-service,/getUserRecommendations,cache-service,/getProfileCache,4.3,4.2,21
trace00064,span00064,,2025-11-21T15:00:31+00:00,recommendation-service,/getUserRecommendations,db-analytics,/updateRecStats,17.3,17.7,21
trace00065,span00065,,2025-11-21T15:00:32+00:00,recommendation-service,/getUserRecommendations,cache-service,/getProfileCache,4.6,4.4,21
trace00066,span00066,,2025-11-21T15:00:32+00:00,recommendation-service,/getUserRecommendations,db-analytics,/updateRecStats,17.8,17.5,21
trace00067,span00067,,2025-11-21T15:00:33+00:00,recommendation-service,/getUserRecommendations,cache-service,/getProfileCache,4.6,4.5,21
trace00068,span00068,,2025-11-21T15:00:33+00:00,recommendation-service,/getUserRecommendations,db-analytics,/updateRecStats,17.4,17.4,21
trace00069,span00069,,2025-11-21T15:00:34+00:00,recommendation-service,/getUserRecommendations,cache-service,/getProfileCache,4.1,4.6,21
trace00070,span00070,,2025-11-21T15:00:34+00:00,recommendation-service,/getUserRecommendations,db-analytics,/updateRecStats,17.8,18.1,21
trace00071,span00071,,2025-11-21T15:00:35+00:00,recommendation-service,/getUserRecommendations,cache-service,/getProfileCache,4.0,4.1,21
trace00072,span00072,,2025-11-21T15:00:35+00:00,recommendation-service,/getUserRecommendations,db-analytics,/updateRecStats,17.6,17.5,21
trace00073,span00073,,2025-11-21T15:00:36+00:00,recommendation-service,/getUserRecommendations,cache-service,/getProfileCache,4.0,4.1,21
trace00074,span00074,,2025-11-21T15:00:36+00:00,recommendation-service,/getUserRecommendations,db-analytics,/updateRecStats,17.5,17.6,21
trace00075,span00075,,2025-11-21T15:00:37+00:00,recommendation-service,/getUserRecommendations,cache-service,/getProfileCache,4.3,4.5,22
trace00076,span00076,,2025-11-21T15:00:37+00:00,recommendation-service,/getUserRecommendations,db-analytics,/updateRecStats,17.7,17.4,22
trace00077,span00077,,2025-11-21T15:00:38+00:00,recommendation-service,/getUserRecommendations,cache-service,/getProfileCache,4.5,4.7,22
trace00078,span00078,,2025-11-21T15:00:38+00:00,recommendation-service,/getUserRecommendations,db-analytics,/updateRecStats,17.7,18.1,22
trace00079,span00079,,2025-11-21T15:00:39+00:00,recommendation-service,/getUserRecommendations,cache-service,/getProfileCache,4.4,4.2,22
trace00080,span00080,,2025-11-21T15:00:39+00:00,recommendation-service,/getUserRecommendations,db-analytics,/updateRecStats,17.2,17.3,22
trace00081,span00081,,2025-11-21T15:00:40+00:00,recommendation-service,/getUserRecommendations,cache-service,/getProfileCache,4.1,4.4,22
trace00082,span00082,,2025-11-21T15:00:40+00:00,recommendation-service,/getUserRecommendations,db-analytics,/updateRecStats,17.6,17.5,22
trace00083,span00083,,2025-11-21T15:00:41+00:00,recommendation-service,/getUserRecommendations,cache-service,/getProfileCache,4.6,5.0,22
trace00084,span00084,,2025-11-21T15:00:41+00:00,recommendation-service,/getUserRecommendations,db-analytics,/updateRecStats,17.5,17.3,22
trace00085,span00085,,2025-11-21T15:00:42+00:00,recommendation-service,/getUserRecommendations,cache-service,/getProfileCache,4.5,4.2,22
trace00086,span00086,,2025-11-21T15:00:42+00:00,recommendation-service,/getUserRecommendations,db-analytics,/updateRecStats,17.4,17.8,22
trace00087,span00087,,2025-11-21T15:00:43+00:00,recommendation-service,/getUserRecommendations,cache-service,/getProfileCache,3.9,4.3,22
trace00088,span00088,,2025-11-21T15:00:43+00:00,recommendation-service,/getUserRecommendations,db-analytics,/updateRecStats,17.5,17.7,22
trace00089,span00089,,2025-11-21T15:00:44+00:00,recommendation-service,/getUserRecommendations,cache-service,/getProfileCache,4.4,4.9,22
trace00090,span00090,,2025-11-21T15:00:44+00:00,recommendation-service,/getUserRecommendations,db-analytics,/updateRecStats,17.6,17.8,22
trace00091,span00091,,2025-11-21T15:00:45+00:00,recommendation-service,/getUserRecommendations,cache-service,/getProfileCache,4.5,4.3,22
trace00092,span00092,,2025-11-21T15:00:45+00:00,recommendation-service,/getUserRecommendations,db-analytics,/updateRecStats,17.9,18.2,22
trace00093,span00093,,2025-11-21T15:00:46+00:00,recommendation-service,/getUserRecommendations,cache-service,/getProfileCache,4.0,3.8,22
trace00094,span00094,,2025-11-21T15:00:46+00:00,recommendation-service,/getUserRecommendations,db-analytics,/updateRecStats,17.4,17.1,22
trace00095,span00095,,2025-11-21T15:00:47+00:00,recommendation-service,/getUserRecommendations,cache-service,/getProfileCache,4.1,4.4,22
trace00096,span00096,,2025-11-21T15:00:47+00:00,recommendation-service,/getUserRecommendations,db-analytics,/updateRecStats,17.2,17.1,22
trace00097,span00097,,2025-11-21T15:00:48+00:00,recommendation-service,/getUserRecommendations,cache-service,/getProfileCache,4.2,4.5,22
trace00098,span00098,,2025-11-21T15:00:48+00:00,recommendation-service,/getUserRecommendations,db-analytics,/updateRecStats,17.2,16.7,22
trace00099,span00099,,2025-11-21T15:00:49+00:00,recommendation-service,/getUserRecommendations,cache-service,/getProfileCache,4.0,3.8,22
trace00100,span00100,,2025-11-21T15:00:49+00:00,recommendation-service,/getUserRecommendations,db-analytics,/updateRecStats,17.4,17.7,22
trace00101,span00101,,2025-11-21T15:00:50+00:00,recommendation-service,/getUserRecommendations,cache-service,/getProfileCache,4.1,3.7,23
trace00102,span00102,,2025-11-21T15:00:50+00:00,recommendation-service,/getUserRecommendations,db-analytics,/updateRecStats,17.5,17.0,23
trace00103,span00103,,2025-11-21T15:00:51+00:00,recommendation-service,/getUserRecommendations,cache-service,/getProfileCache,4.0,3.8,23
trace00104,span00104,,2025-11-21T15:00:51+00:00,recommendation-service,/getUserRecommendations,db-analytics,/updateRecStats,17.9,18.3,23
trace00105,span00105,,2025-11-21T15:00:52+00:00,recommendation-service,/getUserRecommendations,cache-service,/getProfileCache,4.4,4.6,23
trace00106,span00106,,2025-11-21T15:00:52+00:00,recommendation-service,/getUserRecommendations,db-analytics,/updateRecStats,17.1,17.2,23
trace00107,span00107,,2025-11-21T15:00:53+00:00,recommendation-service,/getUserRecommendations,cache-service,/getProfileCache,4.4,4.7,23
trace00108,span00108,,2025-11-21T15:00:53+00:00,recommendation-service,/getUserRecommendations,db-analytics,/updateRecStats,17.2,16.8,23
trace00109,span00109,,2025-11-21T15:00:54+00:00,recommendation-service,/getUserRecommendations,cache-service,/getProfileCache,4.5,4.2,23
trace00110,span00110,,2025-11-21T15:00:54+00:00,recommendation-service,/getUserRecommendations,db-analytics,/updateRecStats,17.9,17.5,23
trace00111,span00111,,2025-11-21T15:00:55+00:00,recommendation-service,/getUserRecommendations,cache-service,/getProfileCache,4.4,4.1,23
trace00112,span00112,,2025-11-21T15:00:55+00:00,recommendation-service,/getUserRecommendations,db-analytics,/updateRecStats,17.1,16.8,23
trace00113,span00113,,2025-11-21T15:00:56+00:00,recommendation-service,/getUserRecommendations,cache-service,/getProfileCache,4.5,4.4,23
trace00114,span00114,,2025-11-21T15:00:56+00:00,recommendation-service,/getUserRecommendations,db-analytics,/updateRecStats,17.5,17.9,23
trace00115,span00115,,2025-11-21T15:00:57+00:00,recommendation-service,/getUserRecommendations,cache-service,/getProfileCache,3.8,4.1,23
trace00116,span00116,,2025-11-21T15:00:57+00:00,recommendation-service,/getUserRecommendations,db-analytics,/updateRecStats,17.7,17.5,23
trace00117,span00117,,2025-11-21T15:00:58+00:00,recommendation-service,/getUserRecommendations,cache-service,/getProfileCache,3.9,3.8,23
trace00118,span00118,,2025-11-21T15:00:58+00:00,recommendation-service,/getUserRecommendations,db-analytics,/updateRecStats,17.6,17.7,23
trace00119,span00119,,2025-11-21T15:00:59+00:00,recommendation-service,/getUserRecommendations,cache-service,/getProfileCache,3.9,3.5,23
trace00120,span00120,,2025-11-21T15:00:59+00:00,recommendation-service,/getUserRecommendations,db-analytics,/updateRecStats,17.5,17.8,23
trace00121,span00121,,2025-11-21T15:01:00+00:00,recommendation-service,/getUserRecommendations,cache-service,/getProfileCache,4.5,4.9,23
trace00122,span00122,,2025-11-21T15:01:00+00:00,recommendation-service,/getUserRecommendations,db-analytics,/updateRecStats,17.5,18.0,23
trace00123,span00123,,2025-11-21T15:01:01+00:00,recommendation-service,/getUserRecommendations,cache-service,/getProfileCache,4.4,4.4,23
trace00124,span00124,,2025-11-21T15:01:01+00:00,recommendation-service,/getUserRecommendations,db-analytics,/updateRecStats,17.2,17.6,23
trace00125,span00125,,2025-11-21T15:01:02+00:00,recommendation-service,/getUserRecommendations,cache-service,/getProfileCache,4.6,4.1,23
trace00126,span00126,,2025-11-21T15:01:02+00:00,recommendation-service,/getUserRecommendations,db-analytics,/updateRecStats,17.7,17.6,23
trace00127,span00127,,2025-11-21T15:01:03+00:00,recommendation-service,/getUserRecommendations,cache-service,/getProfileCache,4.6,4.6,23
trace00128,span00128,,2025-11-21T15:01:03+00:00,recommendation-service,/getUserRecommendations,db-analytics,/updateRecStats,17.2,17.2,23
trace00129,span00129,,2025-11-21T15:01:04+00:00,recommendation-service,/getUserRecommendations,cache-service,/getProfileCache,4.1,4.2,23
trace00130,span00130,,2025-11-21T15:01:04+00:00,recommendation-service,/getUserRecommendations,db-analytics,/updateRecStats,17.2,17.5,23
trace00131,span00131,,2025-11-21T15:01:05+00:00,recommendation-service,/getUserRecommendations,cache-service,/getProfileCache,4.2,4.3,23
trace00132,span00132,,2025-11-21T15:01:05+00:00,recommendation-service,/getUserRecommendations,db-analytics,/updateRecStats,17.3,17.7,23
trace00133,span00133,,2025-11-21T15:01:06+00:00,recommendation-service,/getUserRecommendations,cache-service,/getProfileCache,4.0,3.8,23
trace00134,span00134,,2025-11-21T15:01:06+00:00,recommendation-service,/getUserRecommendations,db-analytics,/updateRecStats,17.2,17.4,23
trace00135,span00135,,2025-11-21T15:01:07+00:00,recommendation-service,/getUserRecommendations,cache-service,/getProfileCache,4.3,4.5,23
trace00136,span00136,,2025-11-21T15:01:07+00:00,recommendation-service,/getUserRecommendations,db-analytics,/updateRecStats,17.4,17.1,23
trace00137,span00137,,2025-11-21T15:01:08+00:00,recommendation-service,/getUserRecommendations,cache-service,/getProfileCache,4.4,4.0,23
trace00138,span00138,,2025-11-21T15:01:08+00:00,recommendation-service,/getUserRecommendations,db-analytics,/updateRecStats,17.3,17.7,23
trace00139,span00139,,2025-11-21T15:01:09+00:00,recommendation-service,/getUserRecommendations,cache-service,/getProfileCache,4.5,4.0,23
trace00140,span00140,,2025-11-21T15:01:09+00:00,recommendation-service,/getUserRecommendations,db-analytics,/updateRecStats,17.8,18.3,23
trace00141,span00141,,2025-11-21T15:01:10+00:00,recommendation-service,/getUserRecommendations,cache-service,/getProfileCache,3.9,3.5,23
trace00142,span00142,,2025-11-21T15:01:10+00:00,recommendation-service,/getUserRecommendations,db-analytics,/updateRecStats,17.6,17.3,23
trace00143,span00143,,2025-11-21T15:01:11+00:00,recommendation-service,/getUserRecommendations,cache-service,/getProfileCache,4.0,4.4,24
trace00144,span00144,,2025-11-21T15:01:11+00:00,recommendation-service,/getUserRecommendations,db-analytics,/updateRecStats,17.2,17.2,24
trace00145,span00145,,2025-11-21T15:01:12+00:00,recommendation-service,/getUserRecommendations,cache-service,/getProfileCache,3.9,3.6,24
trace00146,span00146,,2025-11-21T15:01:12+00:00,recommendation-service,/getUserRecommendations,db-analytics,/updateRecStats,17.5,17.2,24
trace00147,span00147,,2025-11-21T15:01:13+00:00,recommendation-service,/getUserRecommendations,cache-service,/getProfileCache,3.9,4.1,24
trace00148,span00148,,2025-11-21T15:01:13+00:00,recommendation-service,/getUserRecommendations,db-analytics,/updateRecStats,17.4,17.1,24
trace00149,span00149,,2025-11-21T15:01:14+00:00,recommendation-service,/getUserRecommendations,cache-service,/getProfileCache,3.8,3.7,24
trace00150,span00150,,2025-11-21T15:01:14+00:00,recommendation-service,/getUserRecommendations,db-analytics,/updateRecStats,17.1,17.2,24
trace00151,span00151,,2025-11-21T15:01:15+00:00,recommendation-service,/getUserRecommendations,cache-service,/getProfileCache,4.6,4.1,24
trace00152,span00152,,2025-11-21T15:01:15+00:00,recommendation-service,/getUserRecommendations,db-analytics,/updateRecStats,17.3,17.2,24
trace00153,span00153,,2025-11-21T15:01:16+00:00,recommendation-service,/getUserRecommendations,cache-service,/getProfileCache,4.1,3.7,24
trace00154,span00154,,2025-11-21T15:01:16+00:00,recommendation-service,/getUserRecommendations,db-analytics,/updateRecStats,17.3,17.0,24
trace00155,span00155,,2025-11-21T15:01:17+00:00,recommendation-service,/getUserRecommendations,cache-service,/getProfileCache,4.5,4.2,24
trace00156,span00156,,2025-11-21T15:01:17+00:00,recommendation-service,/getUserRecommendations,db-analytics,/updateRecStats,17.8,17.8,24
trace00157,span00157,,2025-11-21T15:01:18+00:00,recommendation-service,/getUserRecommendations,cache-service,/getProfileCache,3.9,4.2,24
trace00158,span00158,,2025-11-21T15:01:18+00:00,recommendation-service,/getUserRecommendations,db-analytics,/updateRecStats,17.3,17.7,24
trace00159,span00159,,2025-11-21T15:01:19+00:00,recommendation-service,/getUserRecommendations,cache-service,/getProfileCache,4.5,4.7,24
trace00160,span00160,,2025-11-21T15:01:19+00:00,recommendation-service,/getUserRecommendations,db-analytics,/updateRecStats,17.7,17.3,24
trace00161,span00161,,2025-11-21T15:01:20+00:00,recommendation-service,/getUserRecommendations,cache-service,/getProfileCache,4.1,3.6,24
trace00162,span00162,,2025-11-21T15:01:20+00:00,recommendation-service,/getUserRecommendations,db-analytics,/updateRecStats,17.5,17.4,24
trace00163,span00163,,2025-11-21T15:01:21+00:00,recommendation-service,/getUserRecommendations,cache-service,/getProfileCache,4.4,4.5,24
trace00164,span00164,,2025-11-21T15:01:21+00:00,recommendation-service,/getUserRecommendations,db-analytics,/updateRecStats,17.1,17.4,24
trace00165,span00165,,2025-11-21T15:01:22+00:00,recommendation-service,/getUserRecommendations,cache-service,/getProfileCache,4.0,4.1,24
trace00166,span00166,,2025-11-21T15:01:22+00:00,recommendation-service,/getUserRecommendations,db-analytics,/updateRecStats,17.2,17.6,24
trace00167,span00167,,2025-11-21T15:01:23+00:00,recommendation-service,/getUserRecommendations,cache-service,/getProfileCache,4.0,3.9,24
trace00168,span00168,,2025-11-21T15:01:23+00:00,recommendation-service,/getUserRecommendations,db-analytics,/updateRecStats,17.6,17.3,24
trace00169,span00169,,2025-11-21T15:01:24+00:00,recommendation-service,/getUserRecommendations,cache-service,/getProfileCache,4.0,4.2,24
trace00170,span00170,,2025-11-21T15:01:24+00:00,recommendation-service,/getUserRecommendations,db-analytics,/updateRecStats,17.4,17.4,24
trace00171,span00171,,2025-11-21T15:01:25+00:00,recommendation-service,/getUserRecommendations,cache-service,/getProfileCache,3.9,4.2,24
trace00172,span00172,,2025-11-21T15:01:25+00:00,recommendation-service,/getUserRecommendations,db-analytics,/updateRecStats,17.3,16.9,24
trace00173,span00173,,2025-11-21T15:01:26+00:00,recommendation-service,/getUserRecommendations,cache-service,/getProfileCache,4.2,4.1,25
trace00174,span00174,,2025-11-21T15:01:26+00:00,recommendation-service,/getUserRecommendations,db-analytics,/updateRecStats,17.8,17.3,25
trace00175,span00175,,2025-11-21T15:01:27+00:00,recommendation-service,/getUserRecommendations,cache-service,/getProfileCache,4.0,4.1,25
trace00176,span00176,,2025-11-21T15:01:27+00:00,recommendation-service,/getUserRecommendations,db-analytics,/updateRecStats,17.6,18.0,25
trace00177,span00177,,2025-11-21T15:01:28+00:00,recommendation-service,/getUserRecommendations,cache-service,/getProfileCache,4.3,4.5,25
trace00178,span00178,,2025-11-21T15:01:28+00:00,recommendation-service,/getUserRecommendations,db-analytics,/updateRecStats,17.5,17.9,25
trace00179,span00179,,2025-11-21T15:01:29+00:00,recommendation-service,/getUserRecommendations,cache-service,/getProfileCache,3.9,4.2,25
trace00180,span00180,,2025-11-21T15:01:29+00:00,recommendation-service,/getUserRecommendations,db-analytics,/updateRecStats,17.6,17.8,25
trace00181,span00181,,2025-11-21T15:01:30+00:00,recommendation-service,/getUserRecommendations,cache-service,/getProfileCache,4.5,4.1,25
trace00182,span00182,,2025-11-21T15:01:30+00:00,recommendation-service,/getUserRecommendations,db-analytics,/updateRecStats,17.2,17.2,25
trace00183,span00183,,2025-11-21T15:01:31+00:00,recommendation-service,/getUserRecommendations,cache-service,/getProfileCache,3.9,4.2,25
trace00184,span00184,,2025-11-21T15:01:31+00:00,recommendation-service,/getUserRecommendations,db-analytics,/updateRecStats,17.1,17.2,25
trace00185,span00185,,2025-11-21T15:01:32+00:00,recommendation-service,/getUserRecommendations,cache-service,/getProfileCache,4.0,4.2,25
trace00186,span00186,,2025-11-21T15:01:32+00:00,recommendation-service,/getUserRecommendations,db-analytics,/updateRecStats,17.8,17.9,25
trace00187,span00187,,2025-11-21T15:01:33+00:00,recommendation-service,/getUserRecommendations,cache-service,/getProfileCache,4.0,4.2,25
trace00188,span00188,,2025-11-21T15:01:33+00:00,recommendation-service,/getUserRecommendations,db-analytics,/updateRecStats,17.7,17.2,25
trace00189,span00189,,2025-11-21T15:01:34+00:00,recommendation-service,/getUserRecommendations,cache-service,/getProfileCache,4.3,4.1,25
trace00190,span00190,,2025-11-21T15:01:34+00:00,recommendation-service,/getUserRecommendations,db-analytics,/updateRecStats,17.8,18.2,25
trace00191,span00191,,2025-11-21T15:01:35+00:00,recommendation-service,/getUserRecommendations,cache-service,/getProfileCache,3.9,4.4,25
trace00192,span00192,,2025-11-21T15:01:35+00:00,recommendation-service,/getUserRecommendations,db-analytics,/updateRecStats,17.7,17.6,25
trace00193,span00193,,2025-11-21T15:01:36+00:00,recommendation-service,/getUserRecommendations,cache-service,/getProfileCache,4.4,4.8,25
trace00194,span00194,,2025-11-21T15:01:36+00:00,recommendation-service,/getUserRecommendations,db-analytics,/updateRecStats,17.9,18.2,25
trace00195,span00195,,2025-11-21T15:01:37+00:00,recommendation-service,/getUserRecommendations,cache-service,/getProfileCache,4.5,4.5,25
trace00196,span00196,,2025-11-21T15:01:37+00:00,recommendation-service,/getUserRecommendations,db-analytics,/updateRecStats,17.7,17.3,25
trace00197,span00197,,2025-11-21T15:01:38+00:00,recommendation-service,/getUserRecommendations,cache-service,/getProfileCache,4.5,4.4,25
trace00198,span00198,,2025-11-21T15:01:38+00:00,recommendation-service,/getUserRecommendations,db-analytics,/updateRecStats,17.6,17.1,25
trace00199,span00199,,2025-11-21T15:01:39+00:00,recommendation-service,/getUserRecommendations,cache-service,/getProfileCache,4.4,4.5,26
trace00200,span00200,,2025-11-21T15:01:39+00:00,recommendation-service,/getUserRecommendations,db-analytics,/updateRecStats,17.9,17.8,26
trace00201,span00201,,2025-11-21T15:01:40+00:00,recommendation-service,/getUserRecommendations,cache-service,/getProfileCache,3.9,4.1,26
trace00202,span00202,,2025-11-21T15:01:40+00:00,recommendation-service,/getUserRecommendations,db-analytics,/updateRecStats,17.4,16.9,26
trace00203,span00203,,2025-11-21T15:01:41+00:00,recommendation-service,/getUserRecommendations,cache-service,/getProfileCache,4.2,4.5,26
trace00204,span00204,,2025-11-21T15:01:41+00:00,recommendation-service,/getUserRecommendations,db-analytics,/updateRecStats,17.3,17.0,26
trace00205,span00205,,2025-11-21T15:01:42+00:00,recommendation-service,/getUserRecommendations,cache-service,/getProfileCache,3.9,4.4,26
trace00206,span00206,,2025-11-21T15:01:42+00:00,recommendation-service,/getUserRecommendations,db-analytics,/updateRecStats,17.6,17.7,26
trace00207,span00207,,2025-11-21T15:01:43+00:00,recommendation-service,/getUserRecommendations,cache-service,/getProfileCache,4.1,3.6,26
trace00208,span00208,,2025-11-21T15:01:43+00:00,recommendation-service,/getUserRecommendations,db-analytics,/updateRecStats,17.4,17.2,26
trace00209,span00209,,2025-11-21T15:01:44+00:00,recommendation-service,/getUserRecommendations,cache-service,/getProfileCache,4.3,4.0,26
trace00210,span00210,,2025-11-21T15:01:44+00:00,recommendation-service,/getUserRecommendations,db-analytics,/updateRecStats,17.3,17.6,26
trace00211,span00211,,2025-11-21T15:01:45+00:00,recommendation-service,/getUserRecommendations,cache-service,/getProfileCache,4.3,4.8,26
trace00212,span00212,,2025-11-21T15:01:45+00:00,recommendation-service,/getUserRecommendations,db-analytics,/updateRecStats,17.5,17.1,26
trace00213,span00213,,2025-11-21T15:01:46+00:00,recommendation-service,/getUserRecommendations,cache-service,/getProfileCache,4.5,4.3,26
trace00214,span00214,,2025-11-21T15:01:46+00:00,recommendation-service,/getUserRecommendations,db-analytics,/updateRecStats,17.4,16.9,26
trace00215,span00215,,2025-11-21T15:01:47+00:00,recommendation-service,/getUserRecommendations,cache-service,/getProfileCache,4.3,4.3,26
trace00216,span00216,,2025-11-21T15:01:47+00:00,recommendation-service,/getUserRecommendations,db-analytics,/updateRecStats,17.2,17.0,26
trace00217,span00217,,2025-11-21T15:01:48+00:00,recommendation-service,/getUserRecommendations,cache-service,/getProfileCache,4.2,3.9,26
trace00218,span00218,,2025-11-21T15:01:48+00:00,recommendation-service,/getUserRecommendations,db-analytics,/updateRecStats,17.2,17.1,26
trace00219,span00219,,2025-11-21T15:01:49+00:00,recommendation-service,/getUserRecommendations,cache-service,/getProfileCache,4.2,3.8,26
trace00220,span00220,,2025-11-21T15:01:49+00:00,recommendation-service,/getUserRecommendations,db-analytics,/updateRecStats,17.7,17.7,26
trace00221,span00221,,2025-11-21T15:01:50+00:00,recommendation-service,/getUserRecommendations,cache-service,/getProfileCache,4.1,4.5,26
trace00222,span00222,,2025-11-21T15:01:50+00:00,recommendation-service,/getUserRecommendations,db-analytics,/updateRecStats,17.5,17.4,26
trace00223,span00223,,2025-11-21T15:01:51+00:00,recommendation-service,/getUserRecommendations,cache-service,/getProfileCache,4.5,4.3,26
trace00224,span00224,,2025-11-21T15:01:51+00:00,recommendation-service,/getUserRecommendations,db-analytics,/updateRecStats,17.8,17.5,26
trace00225,span00225,,2025-11-21T15:01:52+00:00,recommendation-service,/getUserRecommendations,cache-service,/getProfileCache,4.6,4.6,26
trace00226,span00226,,2025-11-21T15:01:52+00:00,recommendation-service,/getUserRecommendations,db-analytics,/updateRecStats,17.7,17.4,26
trace00227,span00227,,2025-11-21T15:01:53+00:00,recommendation-service,/getUserRecommendations,cache-service,/getProfileCache,4.1,4.4,26
trace00228,span00228,,2025-11-21T15:01:53+00:00,recommendation-service,/getUserRecommendations,db-analytics,/updateRecStats,17.2,17.0,26
trace00229,span00229,,2025-11-21T15:01:54+00:00,recommendation-service,/getUserRecommendations,cache-service,/getProfileCache,4.1,4.6,26
trace00230,span00230,,2025-11-21T15:01:54+00:00,recommendation-service,/getUserRecommendations,db-analytics,/updateRecStats,17.3,17.1,26
trace00231,span00231,,2025-11-21T15:01:55+00:00,recommendation-service,/getUserRecommendations,cache-service,/getProfileCache,4.1,3.9,26
trace00232,span00232,,2025-11-21T15:01:55+00:00,recommendation-service,/getUserRecommendations,db-analytics,/updateRecStats,17.9,18.3,26
trace00233,span00233,,2025-11-21T15:01:56+00:00,recommendation-service,/getUserRecommendations,cache-service,/getProfileCache,4.4,4.5,26
trace00234,span00234,,2025-11-21T15:01:56+00:00,recommendation-service,/getUserRecommendations,db-analytics,/updateRecStats,17.4,16.9,26
trace00235,span00235,,2025-11-21T15:01:57+00:00,recommendation-service,/getUserRecommendations,cache-service,/getProfileCache,4.4,4.0,26
trace00236,span00236,,2025-11-21T15:01:57+00:00,recommendation-service,/getUserRecommendations,db-analytics,/updateRecStats,17.8,18.0,26
trace00237,span00237,,2025-11-21T15:01:58+00:00,recommendation-service,/getUserRecommendations,cache-service,/getProfileCache,4.0,4.0,26
trace00238,span00238,,2025-11-21T15:01:58+00:00,recommendation-service,/getUserRecommendations,db-analytics,/updateRecStats,17.2,16.9,26
trace00239,span00239,,2025-11-21T15:01:59+00:00,recommendation-service,/getUserRecommendations,cache-service,/getProfileCache,4.3,4.1,26
trace00240,span00240,,2025-11-21T15:01:59+00:00,recommendation-service,/getUserRecommendations,db-analytics,/updateRecStats,17.4,17.1,26
trace00241,span00241,,2025-11-21T15:02:00+00:00,recommendation-service,/getUserRecommendations,cache-service,/getProfileCache,4.0,4.4,27
trace00242,span00242,,2025-11-21T15:02:00+00:00,recommendation-service,/getUserRecommendations,db-analytics,/updateRecStats,17.5,17.4,27
trace00243,span00243,,2025-11-21T15:02:01+00:00,recommendation-service,/getUserRecommendations,cache-service,/getProfileCache,4.1,4.0,27
trace00244,span00244,,2025-11-21T15:02:01+00:00,recommendation-service,/getUserRecommendations,db-analytics,/updateRecStats,17.9,17.5,27
trace00245,span00245,,2025-11-21T15:02:02+00:00,recommendation-service,/getUserRecommendations,cache-service,/getProfileCache,4.3,4.1,27
trace00246,span00246,,2025-11-21T15:02:02+00:00,recommendation-service,/getUserRecommendations,db-analytics,/updateRecStats,17.5,17.0,27
trace00247,span00247,,2025-11-21T15:02:03+00:00,recommendation-service,/getUserRecommendations,cache-service,/getProfileCache,4.3,4.1,27
trace00248,span00248,,2025-11-21T15:02:03+00:00,recommendation-service,/getUserRecommendations,db-analytics,/updateRecStats,17.7,17.3,27
trace00249,span00249,,2025-11-21T15:02:04+00:00,recommendation-service,/getUserRecommendations,cache-service,/getProfileCache,4.2,3.8,27
trace00250,span00250,,2025-11-21T15:02:04+00:00,recommendation-service,/getUserRecommendations,db-analytics,/updateRecStats,17.9,17.9,27
trace00251,span00251,,2025-11-21T15:02:05+00:00,recommendation-service,/getUserRecommendations,cache-service,/getProfileCache,4.4,4.7,27
trace00252,span00252,,2025-11-21T15:02:05+00:00,recommendation-service,/getUserRecommendations,db-analytics,/updateRecStats,17.4,17.1,27
trace00253,span00253,,2025-11-21T15:02:06+00:00,recommendation-service,/getUserRecommendations,cache-service,/getProfileCache,3.9,3.5,27
trace00254,span00254,,2025-11-21T15:02:06+00:00,recommendation-service,/getUserRecommendations,db-analytics,/updateRecStats,17.8,17.7,27
trace00255,span00255,,2025-11-21T15:02:07+00:00,recommendation-service,/getUserRecommendations,cache-service,/getProfileCache,4.5,4.9,27
trace00256,span00256,,2025-11-21T15:02:07+00:00,recommendation-service,/getUserRecommendations,db-analytics,/updateRecStats,17.3,17.7,27
trace00257,span00257,,2025-11-21T15:02:08+00:00,recommendation-service,/getUserRecommendations,cache-service,/getProfileCache,4.5,4.8,27
trace00258,span00258,,2025-11-21T15:02:08+00:00,recommendation-service,/getUserRecommendations,db-analytics,/updateRecStats,17.3,17.2,27
trace00259,span00259,,2025-11-21T15:02:09+00:00,recommendation-service,/getUserRecommendations,cache-service,/getProfileCache,3.9,4.2,27
trace00260,span00260,,2025-11-21T15:02:09+00:00,recommendation-service,/getUserRecommendations,db-analytics,/updateRecStats,17.4,17.1,27
trace00261,span00261,,2025-11-21T15:02:10+00:00,recommendation-service,/getUserRecommendations,cache-service,/getProfileCache,4.4,4.8,27
trace00262,span00262,,2025-11-21T15:02:10+00:00,recommendation-service,/getUserRecommendations,db-analytics,/updateRecStats,17.6,18.0,27
trace00263,span00263,,2025-11-21T15:02:11+00:00,recommendation-service,/getUserRecommendations,cache-service,/getProfileCache,4.3,4.1,27
trace00264,span00264,,2025-11-21T15:02:11+00:00,recommendation-service,/getUserRecommendations,db-analytics,/updateRecStats,17.9,17.6,27
trace00265,span00265,,2025-11-21T15:02:12+00:00,recommendation-service,/getUserRecommendations,cache-service,/getProfileCache,3.9,4.1,27
trace00266,span00266,,2025-11-21T15:02:12+00:00,recommendation-service,/getUserRecommendations,db-analytics,/updateRecStats,17.1,17.3,27
trace00267,span00267,,2025-11-21T15:02:13+00:00,recommendation-service,/getUserRecommendations,cache-service,/getProfileCache,4.0,4.5,27
trace00268,span00268,,2025-11-21T15:02:13+00:00,recommendation-service,/getUserRecommendations,db-analytics,/updateRecStats,17.1,16.8,27
trace00269,span00269,,2025-11-21T15:02:14+00:00,recommendation-service,/getUserRecommendations,cache-service,/getProfileCache,4.0,3.6,27
trace00270,span00270,,2025-11-21T15:02:14+00:00,recommendation-service,/getUserRecommendations,db-analytics,/updateRecStats,17.1,17.2,27
trace00271,span00271,,2025-11-21T15:02:15+00:00,recommendation-service,/getUserRecommendations,cache-service,/getProfileCache,4.5,4.3,27
trace00272,span00272,,2025-11-21T15:02:15+00:00,recommendation-service,/getUserRecommendations,db-analytics,/updateRecStats,17.7,18.0,27
trace00273,span00273,,2025-11-21T15:02:16+00:00,recommendation-service,/getUserRecommendations,cache-service,/getProfileCache,4.4,4.8,27
trace00274,span00274,,2025-11-21T15:02:16+00:00,recommendation-service,/getUserRecommendations,db-analytics,/updateRecStats,17.7,17.3,27
trace00275,span00275,,2025-11-21T15:02:17+00:00,recommendation-service,/getUserRecommendations,cache-service,/getProfileCache,3.9,4.2,28
trace00276,span00276,,2025-11-21T15:02:17+00:00,recommendation-service,/getUserRecommendations,db-analytics,/updateRecStats,17.2,16.8,28
trace00277,span00277,,2025-11-21T15:02:18+00:00,recommendation-service,/getUserRecommendations,cache-service,/getProfileCache,4.5,4.0,28
trace00278,span00278,,2025-11-21T15:02:18+00:00,recommendation-service,/getUserRecommendations,db-analytics,/updateRecStats,17.6,18.1,28
trace00279,span00279,,2025-11-21T15:02:19+00:00,recommendation-service,/getUserRecommendations,cache-service,/getProfileCache,4.0,4.5,28
trace00280,span00280,,2025-11-21T15:02:19+00:00,recommendation-service,/getUserRecommendations,db-analytics,/updateRecStats,17.7,17.5,28
trace00281,span00281,,2025-11-21T15:02:20+00:00,recommendation-service,/getUserRecommendations,cache-service,/getProfileCache,4.1,3.6,28
trace00282,span00282,,2025-11-21T15:02:20+00:00,recommendation-service,/getUserRecommendations,db-analytics,/updateRecStats,17.6,17.9,28
trace00283,span00283,,2025-11-21T15:02:21+00:00,recommendation-service,/getUserRecommendations,cache-service,/getProfileCache,4.3,4.0,28
trace00284,span00284,,2025-11-21T15:02:21+00:00,recommendation-service,/getUserRecommendations,db-analytics,/updateRecStats,17.1,16.7,28
trace00285,span00285,,2025-11-21T15:02:22+00:00,recommendation-service,/getUserRecommendations,cache-service,/getProfileCache,3.9,4.1,28
trace00286,span00286,,2025-11-21T15:02:22+00:00,recommendation-service,/getUserRecommendations,db-analytics,/updateRecStats,17.1,17.5,28
trace00287,span00287,,2025-11-21T15:02:23+00:00,recommendation-service,/getUserRecommendations,cache-service,/getProfileCache,4.0,4.0,28
trace00288,span00288,,2025-11-21T15:02:23+00:00,recommendation-service,/getUserRecommendations,db-analytics,/updateRecStats,17.2,17.1,28
trace00289,span00289,,2025-11-21T15:02:24+00:00,recommendation-service,/getUserRecommendations,cache-service,/getProfileCache,4.1,4.5,28
trace00290,span00290,,2025-11-21T15:02:24+00:00,recommendation-service,/getUserRecommendations,db-analytics,/updateRecStats,17.4,17.5,28
trace00291,span00291,,2025-11-21T15:02:25+00:00,recommendation-service,/getUserRecommendations,cache-service,/getProfileCache,4.1,3.6,28
trace00292,span00292,,2025-11-21T15:02:25+00:00,recommendation-service,/getUserRecommendations,db-analytics,/updateRecStats,17.7,17.5,28
trace00293,span00293,,2025-11-21T15:02:26+00:00,recommendation-service,/getUserRecommendations,cache-service,/getProfileCache,4.3,4.0,28
trace00294,span00294,,2025-11-21T15:02:26+00:00,recommendation-service,/getUserRecommendations,db-analytics,/updateRecStats,17.3,17.6,28
trace00295,span00295,,2025-11-21T15:02:27+00:00,recommendation-service,/getUserRecommendations,cache-service,/getProfileCache,4.5,5.0,28
trace00296,span00296,,2025-11-21T15:02:27+00:00,recommendation-service,/getUserRecommendations,db-analytics,/updateRecStats,17.7,17.6,28
trace00297,span00297,,2025-11-21T15:02:28+00:00,recommendation-service,/getUserRecommendations,cache-service,/getProfileCache,4.3,4.6,28
trace00298,span00298,,2025-11-21T15:02:28+00:00,recommendation-service,/getUserRecommendations,db-analytics,/updateRecStats,17.2,16.8,28
trace00299,span00299,,2025-11-21T15:02:29+00:00,recommendation-service,/getUserRecommendations,cache-service,/getProfileCache,4.5,4.0,28
trace00300,span00300,,2025-11-21T15:02:29+00:00,recommendation-service,/getUserRecommendations,db-analytics,/updateRecStats,17.9,17.6,28
trace00301,span00301,,2025-11-21T15:02:30+00:00,recommendation-service,/getUserRecommendations,cache-service,/getProfileCache,3.8,3.8,28
trace00302,span00302,,2025-11-21T15:02:30+00:00,recommendation-service,/getUserRecommendations,db-analytics,/updateRecStats,17.6,17.2,28
trace00303,span00303,,2025-11-21T15:02:31+00:00,recommendation-service,/getUserRecommendations,cache-service,/getProfileCache,3.9,3.6,28
trace00304,span00304,,2025-11-21T15:02:31+00:00,recommendation-service,/getUserRecommendations,db-analytics,/updateRecStats,17.1,17.6,28
trace00305,span00305,,2025-11-21T15:02:32+00:00,recommendation-service,/getUserRecommendations,cache-service,/getProfileCache,3.9,4.3,28
trace00306,span00306,,2025-11-21T15:02:32+00:00,recommendation-service,/getUserRecommendations,db-analytics,/updateRecStats,17.3,17.7,28
trace00307,span00307,,2025-11-21T15:02:33+00:00,recommendation-service,/getUserRecommendations,cache-service,/getProfileCache,3.9,3.6,28
trace00308,span00308,,2025-11-21T15:02:33+00:00,recommendation-service,/getUserRecommendations,db-analytics,/updateRecStats,17.6,18.0,28
trace00309,span00309,,2025-11-21T15:02:34+00:00,recommendation-service,/getUserRecommendations,cache-service,/getProfileCache,4.2,4.6,28
trace00310,span00310,,2025-11-21T15:02:34+00:00,recommendation-service,/getUserRecommendations,db-analytics,/updateRecStats,17.8,17.6,28
trace00311,span00311,,2025-11-21T15:02:35+00:00,recommendation-service,/getUserRecommendations,cache-service,/getProfileCache,3.9,3.4,28
trace00312,span00312,,2025-11-21T15:02:35+00:00,recommendation-service,/getUserRecommendations,db-analytics,/updateRecStats,17.7,17.8,28
trace00313,span00313,,2025-11-21T15:02:36+00:00,recommendation-service,/getUserRecommendations,cache-service,/getProfileCache,4.1,4.5,28
trace00314,span00314,,2025-11-21T15:02:36+00:00,recommendation-service,/getUserRecommendations,db-analytics,/updateRecStats,17.5,17.4,28
trace00315,span00315,,2025-11-21T15:02:37+00:00,recommendation-service,/getUserRecommendations,cache-service,/getProfileCache,4.1,4.2,28
trace00316,span00316,,2025-11-21T15:02:37+00:00,recommendation-service,/getUserRecommendations,db-analytics,/updateRecStats,17.2,17.4,28
trace00317,span00317,,2025-11-21T15:02:38+00:00,recommendation-service,/getUserRecommendations,cache-service,/getProfileCache,3.8,4.3,29
trace00318,span00318,,2025-11-21T15:02:38+00:00,recommendation-service,/getUserRecommendations,db-analytics,/updateRecStats,17.7,17.9,29
trace00319,span00319,,2025-11-21T15:02:39+00:00,recommendation-service,/getUserRecommendations,cache-service,/getProfileCache,4.6,4.6,29
trace00320,span00320,,2025-11-21T15:02:39+00:00,recommendation-service,/getUserRecommendations,db-analytics,/updateRecStats,17.1,17.2,29
trace00321,span00321,,2025-11-21T15:02:40+00:00,recommendation-service,/getUserRecommendations,cache-service,/getProfileCache,3.9,4.3,29
trace00322,span00322,,2025-11-21T15:02:40+00:00,recommendation-service,/getUserRecommendations,db-analytics,/updateRecStats,17.5,17.7,29
trace00323,span00323,,2025-11-21T15:02:41+00:00,recommendation-service,/getUserRecommendations,cache-service,/getProfileCache,4.1,3.8,29
trace00324,span00324,,2025-11-21T15:02:41+00:00,recommendation-service,/getUserRecommendations,db-analytics,/updateRecStats,17.7,18.0,29
trace00325,span00325,,2025-11-21T15:02:42+00:00,recommendation-service,/getUserRecommendations,cache-service,/getProfileCache,4.3,4.2,29
trace00326,span00326,,2025-11-21T15:02:42+00:00,recommendation-service,/getUserRecommendations,db-analytics,/updateRecStats,17.6,17.1,29
trace00327,span00327,,2025-11-21T15:02:43+00:00,recommendation-service,/getUserRecommendations,cache-service,/getProfileCache,4.5,4.8,29
trace00328,span00328,,2025-11-21T15:02:43+00:00,recommendation-service,/getUserRecommendations,db-analytics,/updateRecStats,17.2,17.1,29
trace00329,span00329,,2025-11-21T15:02:44+00:00,recommendation-service,/getUserRecommendations,cache-service,/getProfileCache,4.5,4.9,29
trace00330,span00330,,2025-11-21T15:02:44+00:00,recommendation-service,/getUserRecommendations,db-analytics,/updateRecStats,17.9,18.0,29
trace00331,span00331,,2025-11-21T15:02:45+00:00,recommendation-service,/getUserRecommendations,cache-service,/getProfileCache,4.1,3.8,29
trace00332,span00332,,2025-11-21T15:02:45+00:00,recommendation-service,/getUserRecommendations,db-analytics,/updateRecStats,17.8,18.2,29
trace00333,span00333,,2025-11-21T15:02:46+00:00,recommendation-service,/getUserRecommendations,cache-service,/getProfileCache,4.6,4.5,29
trace00334,span00334,,2025-11-21T15:02:46+00:00,recommendation-service,/getUserRecommendations,db-analytics,/updateRecStats,17.6,17.3,29
trace00335,span00335,,2025-11-21T15:02:47+00:00,recommendation-service,/getUserRecommendations,cache-service,/getProfileCache,4.4,4.6,29
trace00336,span00336,,2025-11-21T15:02:47+00:00,recommendation-service,/getUserRecommendations,db-analytics,/updateRecStats,17.7,17.4,29
trace00337,span00337,,2025-11-21T15:02:48+00:00,recommendation-service,/getUserRecommendations,cache-service,/getProfileCache,4.2,3.9,29
trace00338,span00338,,2025-11-21T15:02:48+00:00,recommendation-service,/getUserRecommendations,db-analytics,/updateRecStats,17.3,16.9,29
trace00339,span00339,,2025-11-21T15:02:49+00:00,recommendation-service,/getUserRecommendations,cache-service,/getProfileCache,3.9,3.6,29
trace00340,span00340,,2025-11-21T15:02:49+00:00,recommendation-service,/getUserRecommendations,db-analytics,/updateRecStats,17.1,16.9,29
trace00341,span00341,,2025-11-21T15:02:50+00:00,recommendation-service,/getUserRecommendations,cache-service,/getProfileCache,4.1,4.3,29
trace00342,span00342,,2025-11-21T15:02:50+00:00,recommendation-service,/getUserRecommendations,db-analytics,/updateRecStats,17.2,17.4,29
trace00343,span00343,,2025-11-21T15:02:51+00:00,recommendation-service,/getUserRecommendations,cache-service,/getProfileCache,4.1,4.1,29
trace00344,span00344,,2025-11-21T15:02:51+00:00,recommendation-service,/getUserRecommendations,db-analytics,/updateRecStats,17.7,17.6,29
trace00345,span00345,,2025-11-21T15:02:52+00:00,recommendation-service,/getUserRecommendations,cache-service,/getProfileCache,4.4,4.2,29
trace00346,span00346,,2025-11-21T15:02:52+00:00,recommendation-service,/getUserRecommendations,db-analytics,/updateRecStats,17.8,17.4,29
trace00347,span00347,,2025-11-21T15:02:53+00:00,recommendation-service,/getUserRecommendations,cache-service,/getProfileCache,4.1,4.1,29
trace00348,span00348,,2025-11-21T15:02:53+00:00,recommendation-service,/getUserRecommendations,db-analytics,/updateRecStats,17.6,17.8,29
trace00349,span00349,,2025-11-21T15:02:54+00:00,recommendation-service,/getUserRecommendations,cache-service,/getProfileCache,4.1,4.1,30
trace00350,span00350,,2025-11-21T15:02:54+00:00,recommendation-service,/getUserRecommendations,db-analytics,/updateRecStats,16.6,16.9,30
trace00351,span00351,,2025-11-21T15:02:55+00:00,recommendation-service,/getUserRecommendations,cache-service,/getProfileCache,4.2,3.8,30
trace00352,span00352,,2025-11-21T15:02:55+00:00,recommendation-service,/getUserRecommendations,db-analytics,/updateRecStats,17.2,16.9,30
trace00353,span00353,,2025-11-21T15:02:56+00:00,recommendation-service,/getUserRecommendations,cache-service,/getProfileCache,4.5,4.5,30
trace00354,span00354,,2025-11-21T15:02:56+00:00,recommendation-service,/getUserRecommendations,db-analytics,/updateRecStats,16.7,16.6,30
trace00355,span00355,,2025-11-21T15:02:57+00:00,recommendation-service,/getUserRecommendations,cache-service,/getProfileCache,4.3,4.5,30
trace00356,span00356,,2025-11-21T15:02:57+00:00,recommendation-service,/getUserRecommendations,db-analytics,/updateRecStats,18.1,17.7,30
trace00357,span00357,,2025-11-21T15:02:58+00:00,recommendation-service,/getUserRecommendations,cache-service,/getProfileCache,4.1,4.0,30
trace00358,span00358,,2025-11-21T15:02:58+00:00,recommendation-service,/getUserRecommendations,db-analytics,/updateRecStats,17.1,17.4,30
trace00359,span00359,,2025-11-21T15:02:59+00:00,recommendation-service,/getUserRecommendations,cache-service,/getProfileCache,4.4,4.7,30
trace00360,span00360,,2025-11-21T15:02:59+00:00,recommendation-service,/getUserRecommendations,db-analytics,/updateRecStats,16.9,17.3,30
trace00361,span00361,,2025-11-21T15:03:00+00:00,recommendation-service,/getUserRecommendations,cache-service,/getProfileCache,4.2,4.1,30
trace00362,span00362,,2025-11-21T15:03:00+00:00,recommendation-service,/getUserRecommendations,db-analytics,/updateRecStats,18.4,18.0,30
trace00363,span00363,,2025-11-21T15:03:01+00:00,recommendation-service,/getUserRecommendations,cache-service,/getProfileCache,3.8,3.7,30
trace00364,span00364,,2025-11-21T15:03:01+00:00,recommendation-service,/getUserRecommendations,db-analytics,/updateRecStats,18.0,18.3,30
trace00365,span00365,,2025-11-21T15:03:02+00:00,recommendation-service,/getUserRecommendations,cache-service,/getProfileCache,3.9,3.7,30
trace00366,span00366,,2025-11-21T15:03:02+00:00,recommendation-service,/getUserRecommendations,db-analytics,/updateRecStats,17.6,17.2,30
trace00367,span00367,,2025-11-21T15:03:03+00:00,recommendation-service,/getUserRecommendations,cache-service,/getProfileCache,4.2,4.5,30
trace00368,span00368,,2025-11-21T15:03:03+00:00,recommendation-service,/getUserRecommendations,db-analytics,/updateRecStats,17.7,17.6,30
trace00369,span00369,,2025-11-21T15:03:04+00:00,recommendation-service,/getUserRecommendations,cache-service,/getProfileCache,4.1,3.8,30
trace00370,span00370,,2025-11-21T15:03:04+00:00,recommendation-service,/getUserRecommendations,db-analytics,/updateRecStats,17.2,17.5,30
trace00371,span00371,,2025-11-21T15:03:05+00:00,recommendation-service,/getUserRecommendations,cache-service,/getProfileCache,4.1,4.5,30
trace00372,span00372,,2025-11-21T15:03:05+00:00,recommendation-service,/getUserRecommendations,db-analytics,/updateRecStats,17.9,18.4,30
trace00373,span00373,,2025-11-21T15:03:06+00:00,recommendation-service,/getUserRecommendations,cache-service,/getProfileCache,4.0,4.4,30
trace00374,span00374,,2025-11-21T15:03:06+00:00,recommendation-service,/getUserRecommendations,db-analytics,/updateRecStats,17.6,17.8,30
trace00375,span00375,,2025-11-21T15:03:07+00:00,recommendation-service,/getUserRecommendations,cache-service,/getProfileCache,3.9,3.7,30
trace00376,span00376,,2025-11-21T15:03:07+00:00,recommendation-service,/getUserRecommendations,db-analytics,/updateRecStats,17.5,17.5,30
trace00377,span00377,,2025-11-21T15:03:08+00:00,recommendation-service,/getUserRecommendations,cache-service,/getProfileCache,4.6,5.1,30
trace00378,span00378,,2025-11-21T15:03:08+00:00,recommendation-service,/getUserRecommendations,db-analytics,/updateRecStats,18.0,17.9,30
trace00379,span00379,,2025-11-21T15:03:09+00:00,recommendation-service,/getUserRecommendations,cache-service,/getProfileCache,4.2,4.4,30
trace00380,span00380,,2025-11-21T15:03:09+00:00,recommendation-service,/getUserRecommendations,db-analytics,/updateRecStats,18.5,18.4,30
trace00381,span00381,,2025-11-21T15:03:10+00:00,recommendation-service,/getUserRecommendations,cache-service,/getProfileCache,3.9,3.7,30
trace00382,span00382,,2025-11-21T15:03:10+00:00,recommendation-service,/getUserRecommendations,db-analytics,/updateRecStats,17.2,17.5,30
trace00383,span00383,,2025-11-21T15:03:11+00:00,recommendation-service,/getUserRecommendations,cache-service,/getProfileCache,4.3,4.3,31
trace00384,span00384,,2025-11-21T15:03:11+00:00,recommendation-service,/getUserRecommendations,db-analytics,/updateRecStats,18.0,17.9,31
trace00385,span00385,,2025-11-21T15:03:12+00:00,recommendation-service,/getUserRecommendations,cache-service,/getProfileCache,4.0,3.9,31
trace00386,span00386,,2025-11-21T15:03:12+00:00,recommendation-service,/getUserRecommendations,db-analytics,/updateRecStats,18.9,19.0,31
trace00387,span00387,,2025-11-21T15:03:13+00:00,recommendation-service,/getUserRecommendations,cache-service,/getProfileCache,4.3,4.4,31
trace00388,span00388,,2025-11-21T15:03:13+00:00,recommendation-service,/getUserRecommendations,db-analytics,/updateRecStats,17.5,17.7,31
trace00389,span00389,,2025-11-21T15:03:14+00:00,recommendation-service,/getUserRecommendations,cache-service,/getProfileCache,4.1,4.1,31
trace00390,span00390,,2025-11-21T15:03:14+00:00,recommendation-service,/getUserRecommendations,db-analytics,/updateRecStats,18.4,18.7,31
trace00391,span00391,,2025-11-21T15:03:15+00:00,recommendation-service,/getUserRecommendations,cache-service,/getProfileCache,4.1,3.8,31
trace00392,span00392,,2025-11-21T15:03:15+00:00,recommendation-service,/getUserRecommendations,db-analytics,/updateRecStats,18.0,18.5,31
trace00393,span00393,,2025-11-21T15:03:16+00:00,recommendation-service,/getUserRecommendations,cache-service,/getProfileCache,4.6,4.5,31
trace00394,span00394,,2025-11-21T15:03:16+00:00,recommendation-service,/getUserRecommendations,db-analytics,/updateRecStats,18.3,18.8,31
trace00395,span00395,,2025-11-21T15:03:17+00:00,recommendation-service,/getUserRecommendations,cache-service,/getProfileCache,4.5,4.5,31
trace00396,span00396,,2025-11-21T15:03:17+00:00,recommendation-service,/getUserRecommendations,db-analytics,/updateRecStats,19.1,19.2,31
trace00397,span00397,,2025-11-21T15:03:18+00:00,recommendation-service,/getUserRecommendations,cache-service,/getProfileCache,4.3,4.4,31
trace00398,span00398,,2025-11-21T15:03:18+00:00,recommendation-service,/getUserRecommendations,db-analytics,/updateRecStats,17.3,17.4,31
trace00399,span00399,,2025-11-21T15:03:19+00:00,recommendation-service,/getUserRecommendations,cache-service,/getProfileCache,4.4,4.1,31
trace00400,span00400,,2025-11-21T15:03:19+00:00,recommendation-service,/getUserRecommendations,db-analytics,/updateRecStats,18.1,17.7,31
trace00401,span00401,,2025-11-21T15:03:20+00:00,recommendation-service,/getUserRecommendations,cache-service,/getProfileCache,4.0,3.8,31
trace00402,span00402,,2025-11-21T15:03:20+00:00,recommendation-service,/getUserRecommendations,db-analytics,/updateRecStats,17.8,17.5,31
trace00403,span00403,,2025-11-21T15:03:21+00:00,recommendation-service,/getUserRecommendations,cache-service,/getProfileCache,4.4,4.2,31
trace00404,span00404,,2025-11-21T15:03:21+00:00,recommendation-service,/getUserRecommendations,db-analytics,/updateRecStats,18.1,18.1,31
trace00405,span00405,,2025-11-21T15:03:22+00:00,recommendation-service,/getUserRecommendations,cache-service,/getProfileCache,4.3,4.5,31
trace00406,span00406,,2025-11-21T15:03:22+00:00,recommendation-service,/getUserRecommendations,db-analytics,/updateRecStats,19.1,18.8,31
trace00407,span00407,,2025-11-21T15:03:23+00:00,recommendation-service,/getUserRecommendations,cache-service,/getProfileCache,3.9,3.7,32
trace00408,span00408,,2025-11-21T15:03:23+00:00,recommendation-service,/getUserRecommendations,db-analytics,/updateRecStats,17.7,17.8,32
trace00409,span00409,,2025-11-21T15:03:24+00:00,recommendation-service,/getUserRecommendations,cache-service,/getProfileCache,4.4,4.2,32
trace00410,span00410,,2025-11-21T15:03:24+00:00,recommendation-service,/getUserRecommendations,db-analytics,/updateRecStats,19.0,19.0,32
trace00411,span00411,,2025-11-21T15:03:25+00:00,recommendation-service,/getUserRecommendations,cache-service,/getProfileCache,4.2,4.1,32
trace00412,span00412,,2025-11-21T15:03:25+00:00,recommendation-service,/getUserRecommendations,db-analytics,/updateRecStats,19.2,19.1,32
trace00413,span00413,,2025-11-21T15:03:26+00:00,recommendation-service,/getUserRecommendations,cache-service,/getProfileCache,4.4,4.6,32
trace00414,span00414,,2025-11-21T15:03:26+00:00,recommendation-service,/getUserRecommendations,db-analytics,/updateRecStats,18.6,18.1,32
trace00415,span00415,,2025-11-21T15:03:27+00:00,recommendation-service,/getUserRecommendations,cache-service,/getProfileCache,4.5,4.0,32
trace00416,span00416,,2025-11-21T15:03:27+00:00,recommendation-service,/getUserRecommendations,db-analytics,/updateRecStats,17.8,17.3,32
trace00417,span00417,,2025-11-21T15:03:28+00:00,recommendation-service,/getUserRecommendations,cache-service,/getProfileCache,4.2,3.7,32
trace00418,span00418,,2025-11-21T15:03:28+00:00,recommendation-service,/getUserRecommendations,db-analytics,/updateRecStats,19.6,20.0,32
trace00419,span00419,,2025-11-21T15:03:29+00:00,recommendation-service,/getUserRecommendations,cache-service,/getProfileCache,4.6,4.9,32
trace00420,span00420,,2025-11-21T15:03:29+00:00,recommendation-service,/getUserRecommendations,db-analytics,/updateRecStats,18.0,18.5,32
trace00421,span00421,,2025-11-21T15:03:30+00:00,recommendation-service,/getUserRecommendations,cache-service,/getProfileCache,4.1,3.7,32
trace00422,span00422,,2025-11-21T15:03:30+00:00,recommendation-service,/getUserRecommendations,db-analytics,/updateRecStats,19.5,19.3,32
trace00423,span00423,,2025-11-21T15:03:31+00:00,recommendation-service,/getUserRecommendations,cache-service,/getProfileCache,4.1,3.9,32
trace00424,span00424,,2025-11-21T15:03:31+00:00,recommendation-service,/getUserRecommendations,db-analytics,/updateRecStats,18.1,18.3,32
trace00425,span00425,,2025-11-21T15:03:32+00:00,recommendation-service,/getUserRecommendations,cache-service,/getProfileCache,4.3,3.9,32
trace00426,span00426,,2025-11-21T15:03:32+00:00,recommendation-service,/getUserRecommendations,db-analytics,/updateRecStats,18.3,18.2,32
trace00427,span00427,,2025-11-21T15:03:33+00:00,recommendation-service,/getUserRecommendations,cache-service,/getProfileCache,4.2,4.6,32
trace00428,span00428,,2025-11-21T15:03:33+00:00,recommendation-service,/getUserRecommendations,db-analytics,/updateRecStats,19.0,18.9,32
trace00429,span00429,,2025-11-21T15:03:34+00:00,recommendation-service,/getUserRecommendations,cache-service,/getProfileCache,4.3,4.5,32
trace00430,span00430,,2025-11-21T15:03:34+00:00,recommendation-service,/getUserRecommendations,db-analytics,/updateRecStats,18.3,18.4,32
trace00431,span00431,,2025-11-21T15:03:35+00:00,recommendation-service,/getUserRecommendations,cache-service,/getProfileCache,4.3,4.1,33
trace00432,span00432,,2025-11-21T15:03:35+00:00,recommendation-service,/getUserRecommendations,db-analytics,/updateRecStats,19.6,19.3,33
trace00433,span00433,,2025-11-21T15:03:36+00:00,recommendation-service,/getUserRecommendations,cache-service,/getProfileCache,4.3,4.4,33
trace00434,span00434,,2025-11-21T15:03:36+00:00,recommendation-service,/getUserRecommendations,db-analytics,/updateRecStats,19.9,20.0,33
trace00435,span00435,,2025-11-21T15:03:37+00:00,recommendation-service,/getUserRecommendations,cache-service,/getProfileCache,4.5,4.1,33
trace00436,span00436,,2025-11-21T15:03:37+00:00,recommendation-service,/getUserRecommendations,db-analytics,/updateRecStats,18.8,18.4,33
trace00437,span00437,,2025-11-21T15:03:38+00:00,recommendation-service,/getUserRecommendations,cache-service,/getProfileCache,4.5,4.9,33
trace00438,span00438,,2025-11-21T15:03:38+00:00,recommendation-service,/getUserRecommendations,db-analytics,/updateRecStats,18.4,18.9,33
trace00439,span00439,,2025-11-21T15:03:39+00:00,recommendation-service,/getUserRecommendations,cache-service,/getProfileCache,4.4,4.7,33
trace00440,span00440,,2025-11-21T15:03:39+00:00,recommendation-service,/getUserRecommendations,db-analytics,/updateRecStats,19.8,19.4,33
trace00441,span00441,,2025-11-21T15:03:40+00:00,recommendation-service,/getUserRecommendations,cache-service,/getProfileCache,4.5,4.0,33
trace00442,span00442,,2025-11-21T15:03:40+00:00,recommendation-service,/getUserRecommendations,db-analytics,/updateRecStats,18.1,18.5,33
trace00443,span00443,,2025-11-21T15:03:41+00:00,recommendation-service,/getUserRecommendations,cache-service,/getProfileCache,4.1,3.9,33
trace00444,span00444,,2025-11-21T15:03:41+00:00,recommendation-service,/getUserRecommendations,db-analytics,/updateRecStats,18.7,18.4,33
trace00445,span00445,,2025-11-21T15:03:42+00:00,recommendation-service,/getUserRecommendations,cache-service,/getProfileCache,4.4,4.1,33
trace00446,span00446,,2025-11-21T15:03:42+00:00,recommendation-service,/getUserRecommendations,db-analytics,/updateRecStats,18.2,17.8,33
trace00447,span00447,,2025-11-21T15:03:43+00:00,recommendation-service,/getUserRecommendations,cache-service,/getProfileCache,4.5,4.2,33
trace00448,span00448,,2025-11-21T15:03:43+00:00,recommendation-service,/getUserRecommendations,db-analytics,/updateRecStats,19.8,20.0,33
trace00449,span00449,,2025-11-21T15:03:44+00:00,recommendation-service,/getUserRecommendations,cache-service,/getProfileCache,4.5,4.3,33
trace00450,span00450,,2025-11-21T15:03:44+00:00,recommendation-service,/getUserRecommendations,db-analytics,/updateRecStats,19.3,19.1,33
trace00451,span00451,,2025-11-21T15:03:45+00:00,recommendation-service,/getUserRecommendations,cache-service,/getProfileCache,4.4,4.2,33
trace00452,span00452,,2025-11-21T15:03:45+00:00,recommendation-service,/getUserRecommendations,db-analytics,/updateRecStats,18.9,18.5,33
trace00453,span00453,,2025-11-21T15:03:46+00:00,recommendation-service,/getUserRecommendations,cache-service,/getProfileCache,4.0,3.9,33
trace00454,span00454,,2025-11-21T15:03:46+00:00,recommendation-service,/getUserRecommendations,db-analytics,/updateRecStats,19.8,20.0,33
trace00455,span00455,,2025-11-21T15:03:47+00:00,recommendation-service,/getUserRecommendations,cache-service,/getProfileCache,4.0,3.6,33
trace00456,span00456,,2025-11-21T15:03:47+00:00,recommendation-service,/getUserRecommendations,db-analytics,/updateRecStats,18.4,18.3,33
trace00457,span00457,,2025-11-21T15:03:48+00:00,recommendation-service,/getUserRecommendations,cache-service,/getProfileCache,4.6,4.4,33
trace00458,span00458,,2025-11-21T15:03:48+00:00,recommendation-service,/getUserRecommendations,db-analytics,/updateRecStats,18.1,18.2,33
trace00459,span00459,,2025-11-21T15:03:49+00:00,recommendation-service,/getUserRecommendations,cache-service,/getProfileCache,4.5,4.9,33
trace00460,span00460,,2025-11-21T15:03:49+00:00,recommendation-service,/getUserRecommendations,db-analytics,/updateRecStats,18.5,18.6,33
trace00461,span00461,,2025-11-21T15:03:50+00:00,recommendation-service,/getUserRecommendations,cache-service,/getProfileCache,4.2,4.3,33
trace00462,span00462,,2025-11-21T15:03:50+00:00,recommendation-service,/getUserRecommendations,db-analytics,/updateRecStats,19.6,19.9,33
trace00463,span00463,,2025-11-21T15:03:51+00:00,recommendation-service,/getUserRecommendations,cache-service,/getProfileCache,4.5,4.1,33
trace00464,span00464,,2025-11-21T15:03:51+00:00,recommendation-service,/getUserRecommendations,db-analytics,/updateRecStats,19.8,19.8,33
trace00465,span00465,,2025-11-21T15:03:52+00:00,recommendation-service,/getUserRecommendations,cache-service,/getProfileCache,4.5,4.7,33
trace00466,span00466,,2025-11-21T15:03:52+00:00,recommendation-service,/getUserRecommendations,db-analytics,/updateRecStats,19.7,20.1,33
trace00467,span00467,,2025-11-21T15:03:53+00:00,recommendation-service,/getUserRecommendations,cache-service,/getProfileCache,4.3,4.3,33
trace00468,span00468,,2025-11-21T15:03:53+00:00,recommendation-service,/getUserRecommendations,db-analytics,/updateRecStats,18.4,18.1,33
trace00469,span00469,,2025-11-21T15:03:54+00:00,recommendation-service,/getUserRecommendations,cache-service,/getProfileCache,4.0,4.1,33
trace00470,span00470,,2025-11-21T15:03:54+00:00,recommendation-service,/getUserRecommendations,db-analytics,/updateRecStats,19.9,20.2,33
trace00471,span00471,,2025-11-21T15:03:55+00:00,recommendation-service,/getUserRecommendations,cache-service,/getProfileCache,4.6,4.3,33
trace00472,span00472,,2025-11-21T15:03:55+00:00,recommendation-service,/getUserRecommendations,db-analytics,/updateRecStats,18.3,18.5,33
trace00473,span00473,,2025-11-21T15:03:56+00:00,recommendation-service,/getUserRecommendations,cache-service,/getProfileCache,4.0,4.2,34
trace00474,span00474,,2025-11-21T15:03:56+00:00,recommendation-service,/getUserRecommendations,db-analytics,/updateRecStats,18.9,18.8,34
trace00475,span00475,,2025-11-21T15:03:57+00:00,recommendation-service,/getUserRecommendations,cache-service,/getProfileCache,4.1,3.6,33
trace00476,span00476,,2025-11-21T15:03:57+00:00,recommendation-service,/getUserRecommendations,db-analytics,/updateRecStats,18.8,18.6,33
trace00477,span00477,,2025-11-21T15:03:58+00:00,recommendation-service,/getUserRecommendations,cache-service,/getProfileCache,4.0,4.0,34
trace00478,span00478,,2025-11-21T15:03:58+00:00,recommendation-service,/getUserRecommendations,db-analytics,/updateRecStats,18.6,18.8,34
trace00479,span00479,,2025-11-21T15:03:59+00:00,recommendation-service,/getUserRecommendations,cache-service,/getProfileCache,4.6,4.7,34
trace00480,span00480,,2025-11-21T15:03:59+00:00,recommendation-service,/getUserRecommendations,db-analytics,/updateRecStats,19.5,19.9,34
trace00481,span00481,,2025-11-21T15:04:00+00:00,recommendation-service,/getUserRecommendations,cache-service,/getProfileCache,4.2,3.9,34
trace00482,span00482,,2025-11-21T15:04:00+00:00,recommendation-service,/getUserRecommendations,db-analytics,/updateRecStats,19.2,18.7,34
trace00483,span00483,,2025-11-21T15:04:01+00:00,recommendation-service,/getUserRecommendations,cache-service,/getProfileCache,4.1,4.3,34
trace00484,span00484,,2025-11-21T15:04:01+00:00,recommendation-service,/getUserRecommendations,db-analytics,/updateRecStats,19.0,18.8,34
trace00485,span00485,,2025-11-21T15:04:02+00:00,recommendation-service,/getUserRecommendations,cache-service,/getProfileCache,3.8,4.1,34
trace00486,span00486,,2025-11-21T15:04:02+00:00,recommendation-service,/getUserRecommendations,db-analytics,/updateRecStats,19.1,18.9,34
trace00487,span00487,,2025-11-21T15:04:03+00:00,recommendation-service,/getUserRecommendations,cache-service,/getProfileCache,4.1,3.7,34
trace00488,span00488,,2025-11-21T15:04:03+00:00,recommendation-service,/getUserRecommendations,db-analytics,/updateRecStats,19.9,20.2,34
trace00489,span00489,,2025-11-21T15:04:04+00:00,recommendation-service,/getUserRecommendations,cache-service,/getProfileCache,3.9,3.8,34
trace00490,span00490,,2025-11-21T15:04:04+00:00,recommendation-service,/getUserRecommendations,db-analytics,/updateRecStats,19.6,19.4,34
trace00491,span00491,,2025-11-21T15:04:05+00:00,recommendation-service,/getUserRecommendations,cache-service,/getProfileCache,4.0,3.8,34
trace00492,span00492,,2025-11-21T15:04:05+00:00,recommendation-service,/getUserRecommendations,db-analytics,/updateRecStats,20.3,20.4,34
trace00493,span00493,,2025-11-21T15:04:06+00:00,recommendation-service,/getUserRecommendations,cache-service,/getProfileCache,4.1,3.7,34
trace00494,span00494,,2025-11-21T15:04:06+00:00,recommendation-service,/getUserRecommendations,db-analytics,/updateRecStats,20.5,20.5,34
trace00495,span00495,,2025-11-21T15:04:07+00:00,recommendation-service,/getUserRecommendations,cache-service,/getProfileCache,4.0,3.8,34
trace00496,span00496,,2025-11-21T15:04:07+00:00,recommendation-service,/getUserRecommendations,db-analytics,/updateRecStats,19.4,19.3,34
trace00497,span00497,,2025-11-21T15:04:08+00:00,recommendation-service,/getUserRecommendations,cache-service,/getProfileCache,4.3,4.5,35
trace00498,span00498,,2025-11-21T15:04:08+00:00,recommendation-service,/getUserRecommendations,db-analytics,/updateRecStats,19.8,20.0,35
trace00499,span00499,,2025-11-21T15:04:09+00:00,recommendation-service,/getUserRecommendations,cache-service,/getProfileCache,4.4,4.8,35
trace00500,span00500,,2025-11-21T15:04:09+00:00,recommendation-service,/getUserRecommendations,db-analytics,/updateRecStats,19.9,19.4,35
trace00501,span00501,,2025-11-21T15:04:10+00:00,recommendation-service,/getUserRecommendations,cache-service,/getProfileCache,3.9,4.3,35
trace00502,span00502,,2025-11-21T15:04:10+00:00,recommendation-service,/getUserRecommendations,db-analytics,/updateRecStats,19.6,19.7,35
trace00503,span00503,,2025-11-21T15:04:11+00:00,recommendation-service,/getUserRecommendations,cache-service,/getProfileCache,3.8,3.8,35
trace00504,span00504,,2025-11-21T15:04:11+00:00,recommendation-service,/getUserRecommendations,db-analytics,/updateRecStats,20.0,20.0,35
trace00505,span00505,,2025-11-21T15:04:12+00:00,recommendation-service,/getUserRecommendations,cache-service,/getProfileCache,4.2,4.7,35
trace00506,span00506,,2025-11-21T15:04:12+00:00,recommendation-service,/getUserRecommendations,db-analytics,/updateRecStats,20.1,20.0,35
trace00507,span00507,,2025-11-21T15:04:13+00:00,recommendation-service,/getUserRecommendations,cache-service,/getProfileCache,4.4,4.2,35
trace00508,span00508,,2025-11-21T15:04:13+00:00,recommendation-service,/getUserRecommendations,db-analytics,/updateRecStats,20.5,20.8,35
trace00509,span00509,,2025-11-21T15:04:14+00:00,recommendation-service,/getUserRecommendations,cache-service,/getProfileCache,4.1,4.0,35
trace00510,span00510,,2025-11-21T15:04:14+00:00,recommendation-service,/getUserRecommendations,db-analytics,/updateRecStats,19.2,19.2,35
trace00511,span00511,,2025-11-21T15:04:15+00:00,recommendation-service,/getUserRecommendations,cache-service,/getProfileCache,3.9,4.2,35
trace00512,span00512,,2025-11-21T15:04:15+00:00,recommendation-service,/getUserRecommendations,db-analytics,/updateRecStats,19.1,19.2,35
trace00513,span00513,,2025-11-21T15:04:16+00:00,recommendation-service,/getUserRecommendations,cache-service,/getProfileCache,4.1,4.0,35
trace00514,span00514,,2025-11-21T15:04:16+00:00,recommendation-service,/getUserRecommendations,db-analytics,/updateRecStats,20.8,21.0,35
trace00515,span00515,,2025-11-21T15:04:17+00:00,recommendation-service,/getUserRecommendations,cache-service,/getProfileCache,4.2,4.1,35
trace00516,span00516,,2025-11-21T15:04:17+00:00,recommendation-service,/getUserRecommendations,db-analytics,/updateRecStats,19.8,19.9,35
trace00517,span00517,,2025-11-21T15:04:18+00:00,recommendation-service,/getUserRecommendations,cache-service,/getProfileCache,4.4,4.6,35
trace00518,span00518,,2025-11-21T15:04:18+00:00,recommendation-service,/getUserRecommendations,db-analytics,/updateRecStats,19.9,20.4,35
trace00519,span00519,,2025-11-21T15:04:19+00:00,recommendation-service,/getUserRecommendations,cache-service,/getProfileCache,4.4,4.7,35
trace00520,span00520,,2025-11-21T15:04:19+00:00,recommendation-service,/getUserRecommendations,db-analytics,/updateRecStats,20.7,21.1,35
trace00521,span00521,,2025-11-21T15:04:20+00:00,recommendation-service,/getUserRecommendations,cache-service,/getProfileCache,3.9,4.0,35
trace00522,span00522,,2025-11-21T15:04:20+00:00,recommendation-service,/getUserRecommendations,db-analytics,/updateRecStats,20.5,20.2,35
trace00523,span00523,,2025-11-21T15:04:21+00:00,recommendation-service,/getUserRecommendations,cache-service,/getProfileCache,4.2,4.6,35
trace00524,span00524,,2025-11-21T15:04:21+00:00,recommendation-service,/getUserRecommendations,db-analytics,/updateRecStats,20.0,19.8,35
trace00525,span00525,,2025-11-21T15:04:22+00:00,recommendation-service,/getUserRecommendations,cache-service,/getProfileCache,3.9,3.5,35
trace00526,span00526,,2025-11-21T15:04:22+00:00,recommendation-service,/getUserRecommendations,db-analytics,/updateRecStats,20.0,20.0,35
trace00527,span00527,,2025-11-21T15:04:23+00:00,recommendation-service,/getUserRecommendations,cache-service,/getProfileCache,3.9,3.8,35
trace00528,span00528,,2025-11-21T15:04:23+00:00,recommendation-service,/getUserRecommendations,db-analytics,/updateRecStats,20.3,20.0,35
trace00529,span00529,,2025-11-21T15:04:24+00:00,recommendation-service,/getUserRecommendations,cache-service,/getProfileCache,4.1,4.0,35
trace00530,span00530,,2025-11-21T15:04:24+00:00,recommendation-service,/getUserRecommendations,db-analytics,/updateRecStats,19.4,19.1,35
trace00531,span00531,,2025-11-21T15:04:25+00:00,recommendation-service,/getUserRecommendations,cache-service,/getProfileCache,3.9,3.7,35
trace00532,span00532,,2025-11-21T15:04:25+00:00,recommendation-service,/getUserRecommendations,db-analytics,/updateRecStats,19.8,19.5,35
trace00533,span00533,,2025-11-21T15:04:26+00:00,recommendation-service,/getUserRecommendations,cache-service,/getProfileCache,4.2,3.8,35
trace00534,span00534,,2025-11-21T15:04:26+00:00,recommendation-service,/getUserRecommendations,db-analytics,/updateRecStats,19.2,19.4,35
trace00535,span00535,,2025-11-21T15:04:27+00:00,recommendation-service,/getUserRecommendations,cache-service,/getProfileCache,4.2,4.1,35
trace00536,span00536,,2025-11-21T15:04:27+00:00,recommendation-service,/getUserRecommendations,db-analytics,/updateRecStats,20.1,20.5,35
trace00537,span00537,,2025-11-21T15:04:28+00:00,recommendation-service,/getUserRecommendations,cache-service,/getProfileCache,4.3,4.3,35
trace00538,span00538,,2025-11-21T15:04:28+00:00,recommendation-service,/getUserRecommendations,db-analytics,/updateRecStats,20.7,21.1,35
trace00539,span00539,,2025-11-21T15:04:29+00:00,recommendation-service,/getUserRecommendations,cache-service,/getProfileCache,4.5,4.7,36
trace00540,span00540,,2025-11-21T15:04:29+00:00,recommendation-service,/getUserRecommendations,db-analytics,/updateRecStats,19.4,19.0,36
trace00541,span00541,,2025-11-21T15:04:30+00:00,recommendation-service,/getUserRecommendations,cache-service,/getProfileCache,4.4,4.2,36
trace00542,span00542,,2025-11-21T15:04:30+00:00,recommendation-service,/getUserRecommendations,db-analytics,/updateRecStats,20.7,20.9,36
trace00543,span00543,,2025-11-21T15:04:31+00:00,recommendation-service,/getUserRecommendations,cache-service,/getProfileCache,4.5,4.8,36
trace00544,span00544,,2025-11-21T15:04:31+00:00,recommendation-service,/getUserRecommendations,db-analytics,/updateRecStats,21.0,21.0,36
trace00545,span00545,,2025-11-21T15:04:32+00:00,recommendation-service,/getUserRecommendations,cache-service,/getProfileCache,4.0,3.9,36
trace00546,span00546,,2025-11-21T15:04:32+00:00,recommendation-service,/getUserRecommendations,db-analytics,/updateRecStats,19.6,19.7,36
trace00547,span00547,,2025-11-21T15:04:33+00:00,recommendation-service,/getUserRecommendations,cache-service,/getProfileCache,4.2,3.7,36
trace00548,span00548,,2025-11-21T15:04:33+00:00,recommendation-service,/getUserRecommendations,db-analytics,/updateRecStats,20.2,20.2,36
trace00549,span00549,,2025-11-21T15:04:34+00:00,recommendation-service,/getUserRecommendations,cache-service,/getProfileCache,4.3,3.9,36
trace00550,span00550,,2025-11-21T15:04:34+00:00,recommendation-service,/getUserRecommendations,db-analytics,/updateRecStats,20.1,20.4,36
trace00551,span00551,,2025-11-21T15:04:35+00:00,recommendation-service,/getUserRecommendations,cache-service,/getProfileCache,4.3,3.9,36
trace00552,span00552,,2025-11-21T15:04:35+00:00,recommendation-service,/getUserRecommendations,db-analytics,/updateRecStats,20.9,20.4,36
trace00553,span00553,,2025-11-21T15:04:36+00:00,recommendation-service,/getUserRecommendations,cache-service,/getProfileCache,3.8,3.8,36
trace00554,span00554,,2025-11-21T15:04:36+00:00,recommendation-service,/getUserRecommendations,db-analytics,/updateRecStats,19.8,20.2,36
trace00555,span00555,,2025-11-21T15:04:37+00:00,recommendation-service,/getUserRecommendations,cache-service,/getProfileCache,4.0,3.8,36
trace00556,span00556,,2025-11-21T15:04:37+00:00,recommendation-service,/getUserRecommendations,db-analytics,/updateRecStats,20.5,20.0,36
trace00557,span00557,,2025-11-21T15:04:38+00:00,recommendation-service,/getUserRecommendations,cache-service,/getProfileCache,4.5,4.2,36
trace00558,span00558,,2025-11-21T15:04:38+00:00,recommendation-service,/getUserRecommendations,db-analytics,/updateRecStats,20.1,19.8,36
trace00559,span00559,,2025-11-21T15:04:39+00:00,recommendation-service,/getUserRecommendations,cache-service,/getProfileCache,4.3,3.9,36
trace00560,span00560,,2025-11-21T15:04:39+00:00,recommendation-service,/getUserRecommendations,db-analytics,/updateRecStats,20.8,20.3,36
trace00561,span00561,,2025-11-21T15:04:40+00:00,recommendation-service,/getUserRecommendations,cache-service,/getProfileCache,4.2,4.5,36
trace00562,span00562,,2025-11-21T15:04:40+00:00,recommendation-service,/getUserRecommendations,db-analytics,/updateRecStats,20.8,20.8,36
trace00563,span00563,,2025-11-21T15:04:41+00:00,recommendation-service,/getUserRecommendations,cache-service,/getProfileCache,4.1,4.2,36
trace00564,span00564,,2025-11-21T15:04:41+00:00,recommendation-service,/getUserRecommendations,db-analytics,/updateRecStats,19.5,19.1,36
trace00565,span00565,,2025-11-21T15:04:42+00:00,recommendation-service,/getUserRecommendations,cache-service,/getProfileCache,4.2,4.1,36
trace00566,span00566,,2025-11-21T15:04:42+00:00,recommendation-service,/getUserRecommendations,db-analytics,/updateRecStats,21.0,20.8,36
trace00567,span00567,,2025-11-21T15:04:43+00:00,recommendation-service,/getUserRecommendations,cache-service,/getProfileCache,4.4,4.7,37
trace00568,span00568,,2025-11-21T15:04:43+00:00,recommendation-service,/getUserRecommendations,db-analytics,/updateRecStats,19.9,20.1,37
trace00569,span00569,,2025-11-21T15:04:44+00:00,recommendation-service,/getUserRecommendations,cache-service,/getProfileCache,4.4,4.9,37
trace00570,span00570,,2025-11-21T15:04:44+00:00,recommendation-service,/getUserRecommendations,db-analytics,/updateRecStats,20.5,20.1,37
trace00571,span00571,,2025-11-21T15:04:45+00:00,recommendation-service,/getUserRecommendations,cache-service,/getProfileCache,4.5,4.4,37
trace00572,span00572,,2025-11-21T15:04:45+00:00,recommendation-service,/getUserRecommendations,db-analytics,/updateRecStats,20.2,20.4,37
trace00573,span00573,,2025-11-21T15:04:46+00:00,recommendation-service,/getUserRecommendations,cache-service,/getProfileCache,4.1,4.0,37
trace00574,span00574,,2025-11-21T15:04:46+00:00,recommendation-service,/getUserRecommendations,db-analytics,/updateRecStats,21.6,21.5,37
trace00575,span00575,,2025-11-21T15:04:47+00:00,recommendation-service,/getUserRecommendations,cache-service,/getProfileCache,4.5,4.4,37
trace00576,span00576,,2025-11-21T15:04:47+00:00,recommendation-service,/getUserRecommendations,db-analytics,/updateRecStats,21.6,21.3,37
trace00577,span00577,,2025-11-21T15:04:48+00:00,recommendation-service,/getUserRecommendations,cache-service,/getProfileCache,4.1,4.1,37
trace00578,span00578,,2025-11-21T15:04:48+00:00,recommendation-service,/getUserRecommendations,db-analytics,/updateRecStats,21.0,20.8,37
trace00579,span00579,,2025-11-21T15:04:49+00:00,recommendation-service,/getUserRecommendations,cache-service,/getProfileCache,4.1,3.8,37
trace00580,span00580,,2025-11-21T15:04:49+00:00,recommendation-service,/getUserRecommendations,db-analytics,/updateRecStats,20.6,20.9,37
trace00581,span00581,,2025-11-21T15:04:50+00:00,recommendation-service,/getUserRecommendations,cache-service,/getProfileCache,4.2,4.6,37
trace00582,span00582,,2025-11-21T15:04:50+00:00,recommendation-service,/getUserRecommendations,db-analytics,/updateRecStats,20.2,20.3,37
trace00583,span00583,,2025-11-21T15:04:51+00:00,recommendation-service,/getUserRecommendations,cache-service,/getProfileCache,4.0,3.9,37
trace00584,span00584,,2025-11-21T15:04:51+00:00,recommendation-service,/getUserRecommendations,db-analytics,/updateRecStats,20.8,21.0,37
trace00585,span00585,,2025-11-21T15:04:52+00:00,recommendation-service,/getUserRecommendations,cache-service,/getProfileCache,4.3,3.8,37
trace00586,span00586,,2025-11-21T15:04:52+00:00,recommendation-service,/getUserRecommendations,db-analytics,/updateRecStats,20.4,20.3,37
trace00587,span00587,,2025-11-21T15:04:53+00:00,recommendation-service,/getUserRecommendations,cache-service,/getProfileCache,4.6,5.1,37
trace00588,span00588,,2025-11-21T15:04:53+00:00,recommendation-service,/getUserRecommendations,db-analytics,/updateRecStats,21.8,22.3,37
trace00589,span00589,,2025-11-21T15:04:54+00:00,recommendation-service,/getUserRecommendations,cache-service,/getProfileCache,3.9,4.3,37
trace00590,span00590,,2025-11-21T15:04:54+00:00,recommendation-service,/getUserRecommendations,db-analytics,/updateRecStats,20.9,21.3,37
trace00591,span00591,,2025-11-21T15:04:55+00:00,recommendation-service,/getUserRecommendations,cache-service,/getProfileCache,3.9,3.7,37
trace00592,span00592,,2025-11-21T15:04:55+00:00,recommendation-service,/getUserRecommendations,db-analytics,/updateRecStats,20.6,20.5,37
trace00593,span00593,,2025-11-21T15:04:56+00:00,recommendation-service,/getUserRecommendations,cache-service,/getProfileCache,4.4,4.7,37
trace00594,span00594,,2025-11-21T15:04:56+00:00,recommendation-service,/getUserRecommendations,db-analytics,/updateRecStats,21.8,21.8,37
trace00595,span00595,,2025-11-21T15:04:57+00:00,recommendation-service,/getUserRecommendations,cache-service,/getProfileCache,4.2,3.9,37
trace00596,span00596,,2025-11-21T15:04:57+00:00,recommendation-service,/getUserRecommendations,db-analytics,/updateRecStats,20.6,20.4,37
trace00597,span00597,,2025-11-21T15:04:58+00:00,recommendation-service,/getUserRecommendations,cache-service,/getProfileCache,3.9,3.7,37
trace00598,span00598,,2025-11-21T15:04:58+00:00,recommendation-service,/getUserRecommendations,db-analytics,/updateRecStats,20.6,20.7,37
trace00599,span00599,,2025-11-21T15:04:59+00:00,recommendation-service,/getUserRecommendations,cache-service,/getProfileCache,4.5,4.4,37
trace00600,span00600,,2025-11-21T15:04:59+00:00,recommendation-service,/getUserRecommendations,db-analytics,/updateRecStats,20.8,20.7,37
trace00601,span00601,,2025-11-21T15:05:00+00:00,recommendation-service,/getUserRecommendations,cache-service,/getProfileCache,4.4,4.9,38
trace00602,span00602,,2025-11-21T15:05:00+00:00,recommendation-service,/getUserRecommendations,db-analytics,/updateRecStats,21.8,22.0,38
trace00603,span00603,,2025-11-21T15:05:01+00:00,recommendation-service,/getUserRecommendations,cache-service,/getProfileCache,4.6,4.7,38
trace00604,span00604,,2025-11-21T15:05:01+00:00,recommendation-service,/getUserRecommendations,db-analytics,/updateRecStats,21.2,20.8,38
trace00605,span00605,,2025-11-21T15:05:02+00:00,recommendation-service,/getUserRecommendations,cache-service,/getProfileCache,3.9,4.0,38
trace00606,span00606,,2025-11-21T15:05:02+00:00,recommendation-service,/getUserRecommendations,db-analytics,/updateRecStats,21.1,21.3,38
trace00607,span00607,,2025-11-21T15:05:03+00:00,recommendation-service,/getUserRecommendations,cache-service,/getProfileCache,4.3,4.3,38
trace00608,span00608,,2025-11-21T15:05:03+00:00,recommendation-service,/getUserRecommendations,db-analytics,/updateRecStats,21.4,21.7,38
trace00609,span00609,,2025-11-21T15:05:04+00:00,recommendation-service,/getUserRecommendations,cache-service,/getProfileCache,4.4,4.8,38
trace00610,span00610,,2025-11-21T15:05:04+00:00,recommendation-service,/getUserRecommendations,db-analytics,/updateRecStats,20.5,20.6,38
trace00611,span00611,,2025-11-21T15:05:05+00:00,recommendation-service,/getUserRecommendations,cache-service,/getProfileCache,4.5,4.0,38
trace00612,span00612,,2025-11-21T15:05:05+00:00,recommendation-service,/getUserRecommendations,db-analytics,/updateRecStats,21.2,21.0,38
trace00613,span00613,,2025-11-21T15:05:06+00:00,recommendation-service,/getUserRecommendations,cache-service,/getProfileCache,4.5,4.1,38
trace00614,span00614,,2025-11-21T15:05:06+00:00,recommendation-service,/getUserRecommendations,db-analytics,/updateRecStats,20.6,20.3,38
trace00615,span00615,,2025-11-21T15:05:07+00:00,recommendation-service,/getUserRecommendations,cache-service,/getProfileCache,4.3,3.8,38
trace00616,span00616,,2025-11-21T15:05:07+00:00,recommendation-service,/getUserRecommendations,db-analytics,/updateRecStats,21.3,21.6,38
trace00617,span00617,,2025-11-21T15:05:08+00:00,recommendation-service,/getUserRecommendations,cache-service,/getProfileCache,4.3,4.7,38
trace00618,span00618,,2025-11-21T15:05:08+00:00,recommendation-service,/getUserRecommendations,db-analytics,/updateRecStats,21.6,21.3,38
trace00619,span00619,,2025-11-21T15:05:09+00:00,recommendation-service,/getUserRecommendations,cache-service,/getProfileCache,4.5,4.2,38
trace00620,span00620,,2025-11-21T15:05:09+00:00,recommendation-service,/getUserRecommendations,db-analytics,/updateRecStats,21.2,21.1,38
trace00621,span00621,,2025-11-21T15:05:10+00:00,recommendation-service,/getUserRecommendations,cache-service,/getProfileCache,4.0,4.3,38
trace00622,span00622,,2025-11-21T15:05:10+00:00,recommendation-service,/getUserRecommendations,db-analytics,/updateRecStats,21.3,21.0,38
trace00623,span00623,,2025-11-21T15:05:11+00:00,recommendation-service,/getUserRecommendations,cache-service,/getProfileCache,4.5,4.6,38
trace00624,span00624,,2025-11-21T15:05:11+00:00,recommendation-service,/getUserRecommendations,db-analytics,/updateRecStats,21.7,21.7,38
trace00625,span00625,,2025-11-21T15:05:12+00:00,recommendation-service,/getUserRecommendations,cache-service,/getProfileCache,4.1,4.1,38
trace00626,span00626,,2025-11-21T15:05:12+00:00,recommendation-service,/getUserRecommendations,db-analytics,/updateRecStats,20.4,20.4,38
trace00627,span00627,,2025-11-21T15:05:13+00:00,recommendation-service,/getUserRecommendations,cache-service,/getProfileCache,4.3,4.0,38
trace00628,span00628,,2025-11-21T15:05:13+00:00,recommendation-service,/getUserRecommendations,db-analytics,/updateRecStats,22.0,22.2,38
trace00629,span00629,,2025-11-21T15:05:14+00:00,recommendation-service,/getUserRecommendations,cache-service,/getProfileCache,4.5,4.5,38
trace00630,span00630,,2025-11-21T15:05:14+00:00,recommendation-service,/getUserRecommendations,db-analytics,/updateRecStats,22.0,22.1,38
trace00631,span00631,,2025-11-21T15:05:15+00:00,recommendation-service,/getUserRecommendations,cache-service,/getProfileCache,4.3,4.1,38
trace00632,span00632,,2025-11-21T15:05:15+00:00,recommendation-service,/getUserRecommendations,db-analytics,/updateRecStats,21.7,22.1,38
trace00633,span00633,,2025-11-21T15:05:16+00:00,recommendation-service,/getUserRecommendations,cache-service,/getProfileCache,4.6,4.3,38
trace00634,span00634,,2025-11-21T15:05:16+00:00,recommendation-service,/getUserRecommendations,db-analytics,/updateRecStats,22.0,22.4,38
trace00635,span00635,,2025-11-21T15:05:17+00:00,recommendation-service,/getUserRecommendations,cache-service,/getProfileCache,4.5,4.9,38
trace00636,span00636,,2025-11-21T15:05:17+00:00,recommendation-service,/getUserRecommendations,db-analytics,/updateRecStats,21.6,21.9,38
trace00637,span00637,,2025-11-21T15:05:18+00:00,recommendation-service,/getUserRecommendations,cache-service,/getProfileCache,3.9,4.1,38
trace00638,span00638,,2025-11-21T15:05:18+00:00,recommendation-service,/getUserRecommendations,db-analytics,/updateRecStats,21.2,21.4,38
trace00639,span00639,,2025-11-21T15:05:19+00:00,recommendation-service,/getUserRecommendations,cache-service,/getProfileCache,4.1,4.5,38
trace00640,span00640,,2025-11-21T15:05:19+00:00,recommendation-service,/getUserRecommendations,db-analytics,/updateRecStats,21.6,21.3,38
trace00641,span00641,,2025-11-21T15:05:20+00:00,recommendation-service,/getUserRecommendations,cache-service,/getProfileCache,4.1,4.0,38
trace00642,span00642,,2025-11-21T15:05:20+00:00,recommendation-service,/getUserRecommendations,db-analytics,/updateRecStats,20.7,20.8,38
trace00643,span00643,,2025-11-21T15:05:21+00:00,recommendation-service,/getUserRecommendations,cache-service,/getProfileCache,3.9,3.8,39
trace00644,span00644,,2025-11-21T15:05:21+00:00,recommendation-service,/getUserRecommendations,db-analytics,/updateRecStats,21.1,21.0,39
trace00645,span00645,,2025-11-21T15:05:22+00:00,recommendation-service,/getUserRecommendations,cache-service,/getProfileCache,4.4,4.4,39
trace00646,span00646,,2025-11-21T15:05:22+00:00,recommendation-service,/getUserRecommendations,db-analytics,/updateRecStats,22.2,22.3,39
trace00647,span00647,,2025-11-21T15:05:23+00:00,recommendation-service,/getUserRecommendations,cache-service,/getProfileCache,4.4,4.0,39
trace00648,span00648,,2025-11-21T15:05:23+00:00,recommendation-service,/getUserRecommendations,db-analytics,/updateRecStats,20.7,20.4,39
trace00649,span00649,,2025-11-21T15:05:24+00:00,recommendation-service,/getUserRecommendations,cache-service,/getProfileCache,4.0,4.0,39
trace00650,span00650,,2025-11-21T15:05:24+00:00,recommendation-service,/getUserRecommendations,db-analytics,/updateRecStats,21.1,21.0,39
trace00651,span00651,,2025-11-21T15:05:25+00:00,recommendation-service,/getUserRecommendations,cache-service,/getProfileCache,4.3,4.4,39
trace00652,span00652,,2025-11-21T15:05:25+00:00,recommendation-service,/getUserRecommendations,db-analytics,/updateRecStats,22.1,22.4,39
trace00653,span00653,,2025-11-21T15:05:26+00:00,recommendation-service,/getUserRecommendations,cache-service,/getProfileCache,3.9,3.9,39
trace00654,span00654,,2025-11-21T15:05:26+00:00,recommendation-service,/getUserRecommendations,db-analytics,/updateRecStats,22.2,22.6,39
trace00655,span00655,,2025-11-21T15:05:27+00:00,recommendation-service,/getUserRecommendations,cache-service,/getProfileCache,4.4,4.4,39
trace00656,span00656,,2025-11-21T15:05:27+00:00,recommendation-service,/getUserRecommendations,db-analytics,/updateRecStats,21.3,21.3,39
trace00657,span00657,,2025-11-21T15:05:28+00:00,recommendation-service,/getUserRecommendations,cache-service,/getProfileCache,4.2,4.0,39
trace00658,span00658,,2025-11-21T15:05:28+00:00,recommendation-service,/getUserRecommendations,db-analytics,/updateRecStats,20.8,20.7,39
trace00659,span00659,,2025-11-21T15:05:29+00:00,recommendation-service,/getUserRecommendations,cache-service,/getProfileCache,4.6,5.0,39
trace00660,span00660,,2025-11-21T15:05:29+00:00,recommendation-service,/getUserRecommendations,db-analytics,/updateRecStats,22.4,22.5,39
trace00661,span00661,,2025-11-21T15:05:30+00:00,recommendation-service,/getUserRecommendations,cache-service,/getProfileCache,4.3,3.9,39
trace00662,span00662,,2025-11-21T15:05:30+00:00,recommendation-service,/getUserRecommendations,db-analytics,/updateRecStats,21.0,20.9,39
trace00663,span00663,,2025-11-21T15:05:31+00:00,recommendation-service,/getUserRecommendations,cache-service,/getProfileCache,3.9,4.1,39
trace00664,span00664,,2025-11-21T15:05:31+00:00,recommendation-service,/getUserRecommendations,db-analytics,/updateRecStats,21.9,22.2,39
trace00665,span00665,,2025-11-21T15:05:32+00:00,recommendation-service,/getUserRecommendations,cache-service,/getProfileCache,4.0,3.8,39
trace00666,span00666,,2025-11-21T15:05:32+00:00,recommendation-service,/getUserRecommendations,db-analytics,/updateRecStats,22.3,22.8,39
trace00667,span00667,,2025-11-21T15:05:33+00:00,recommendation-service,/getUserRecommendations,cache-service,/getProfileCache,4.0,4.2,39
trace00668,span00668,,2025-11-21T15:05:33+00:00,recommendation-service,/getUserRecommendations,db-analytics,/updateRecStats,22.7,23.1,39
trace00669,span00669,,2025-11-21T15:05:34+00:00,recommendation-service,/getUserRecommendations,cache-service,/getProfileCache,3.8,3.8,39
trace00670,span00670,,2025-11-21T15:05:34+00:00,recommendation-service,/getUserRecommendations,db-analytics,/updateRecStats,21.5,21.3,39
trace00671,span00671,,2025-11-21T15:05:35+00:00,recommendation-service,/getUserRecommendations,cache-service,/getProfileCache,4.5,4.4,39
trace00672,span00672,,2025-11-21T15:05:35+00:00,recommendation-service,/getUserRecommendations,db-analytics,/updateRecStats,21.7,22.0,39
trace00673,span00673,,2025-11-21T15:05:36+00:00,recommendation-service,/getUserRecommendations,cache-service,/getProfileCache,4.2,3.9,39
trace00674,span00674,,2025-11-21T15:05:36+00:00,recommendation-service,/getUserRecommendations,db-analytics,/updateRecStats,22.6,22.9,39
trace00675,span00675,,2025-11-21T15:05:37+00:00,recommendation-service,/getUserRecommendations,cache-service,/getProfileCache,3.9,3.5,39
trace00676,span00676,,2025-11-21T15:05:37+00:00,recommendation-service,/getUserRecommendations,db-analytics,/updateRecStats,21.8,21.6,39
trace00677,span00677,,2025-11-21T15:05:38+00:00,recommendation-service,/getUserRecommendations,cache-service,/getProfileCache,4.4,4.8,39
trace00678,span00678,,2025-11-21T15:05:38+00:00,recommendation-service,/getUserRecommendations,db-analytics,/updateRecStats,22.8,22.9,39
trace00679,span00679,,2025-11-21T15:05:39+00:00,recommendation-service,/getUserRecommendations,cache-service,/getProfileCache,4.1,3.9,40
trace00680,span00680,,2025-11-21T15:05:39+00:00,recommendation-service,/getUserRecommendations,db-analytics,/updateRecStats,21.2,21.1,40
trace00681,span00681,,2025-11-21T15:05:40+00:00,recommendation-service,/getUserRecommendations,cache-service,/getProfileCache,4.3,4.6,40
trace00682,span00682,,2025-11-21T15:05:40+00:00,recommendation-service,/getUserRecommendations,db-analytics,/updateRecStats,21.2,21.0,40
trace00683,span00683,,2025-11-21T15:05:41+00:00,recommendation-service,/getUserRecommendations,cache-service,/getProfileCache,4.4,4.3,40
trace00684,span00684,,2025-11-21T15:05:41+00:00,recommendation-service,/getUserRecommendations,db-analytics,/updateRecStats,21.1,21.5,40
trace00685,span00685,,2025-11-21T15:05:42+00:00,recommendation-service,/getUserRecommendations,cache-service,/getProfileCache,3.8,3.6,40
trace00686,span00686,,2025-11-21T15:05:42+00:00,recommendation-service,/getUserRecommendations,db-analytics,/updateRecStats,21.6,21.2,40
trace00687,span00687,,2025-11-21T15:05:43+00:00,recommendation-service,/getUserRecommendations,cache-service,/getProfileCache,3.9,4.2,40
trace00688,span00688,,2025-11-21T15:05:43+00:00,recommendation-service,/getUserRecommendations,db-analytics,/updateRecStats,21.7,21.3,40
trace00689,span00689,,2025-11-21T15:05:44+00:00,recommendation-service,/getUserRecommendations,cache-service,/getProfileCache,4.1,4.1,40
trace00690,span00690,,2025-11-21T15:05:44+00:00,recommendation-service,/getUserRecommendations,db-analytics,/updateRecStats,22.3,21.9,40
trace00691,span00691,,2025-11-21T15:05:45+00:00,recommendation-service,/getUserRecommendations,cache-service,/getProfileCache,4.3,4.7,40
trace00692,span00692,,2025-11-21T15:05:45+00:00,recommendation-service,/getUserRecommendations,db-analytics,/updateRecStats,21.4,21.8,40
trace00693,span00693,,2025-11-21T15:05:46+00:00,recommendation-service,/getUserRecommendations,cache-service,/getProfileCache,4.3,3.9,40
trace00694,span00694,,2025-11-21T15:05:46+00:00,recommendation-service,/getUserRecommendations,db-analytics,/updateRecStats,23.0,23.2,40
trace00695,span00695,,2025-11-21T15:05:47+00:00,recommendation-service,/getUserRecommendations,cache-service,/getProfileCache,4.5,4.1,40
trace00696,span00696,,2025-11-21T15:05:47+00:00,recommendation-service,/getUserRecommendations,db-analytics,/updateRecStats,22.6,22.6,40
trace00697,span00697,,2025-11-21T15:05:48+00:00,recommendation-service,/getUserRecommendations,cache-service,/getProfileCache,4.4,3.9,40
trace00698,span00698,,2025-11-21T15:05:48+00:00,recommendation-service,/getUserRecommendations,db-analytics,/updateRecStats,22.3,22.0,40
trace00699,span00699,,2025-11-21T15:05:49+00:00,recommendation-service,/getUserRecommendations,cache-service,/getProfileCache,4.4,4.7,40
trace00700,span00700,,2025-11-21T15:05:49+00:00,recommendation-service,/getUserRecommendations,db-analytics,/updateRecStats,22.3,22.6,40
trace00701,span00701,,2025-11-21T15:05:50+00:00,recommendation-service,/getUserRecommendations,cache-service,/getProfileCache,3.9,3.9,40
trace00702,span00702,,2025-11-21T15:05:50+00:00,recommendation-service,/getUserRecommendations,db-analytics,/updateRecStats,22.2,22.0,40
trace00703,span00703,,2025-11-21T15:05:51+00:00,recommendation-service,/getUserRecommendations,cache-service,/getProfileCache,4.2,3.9,40
trace00704,span00704,,2025-11-21T15:05:51+00:00,recommendation-service,/getUserRecommendations,db-analytics,/updateRecStats,22.0,22.4,40
trace00705,span00705,,2025-11-21T15:05:52+00:00,recommendation-service,/getUserRecommendations,cache-service,/getProfileCache,4.0,4.0,40
trace00706,span00706,,2025-11-21T15:05:52+00:00,recommendation-service,/getUserRecommendations,db-analytics,/updateRecStats,22.6,22.2,40
trace00707,span00707,,2025-11-21T15:05:53+00:00,recommendation-service,/getUserRecommendations,cache-service,/getProfileCache,4.2,4.2,40
trace00708,span00708,,2025-11-21T15:05:53+00:00,recommendation-service,/getUserRecommendations,db-analytics,/updateRecStats,23.1,23.4,40
trace00709,span00709,,2025-11-21T15:05:54+00:00,recommendation-service,/getUserRecommendations,cache-service,/getProfileCache,3.8,4.3,40
trace00710,span00710,,2025-11-21T15:05:54+00:00,recommendation-service,/getUserRecommendations,db-analytics,/updateRecStats,23.0,23.3,40
trace00711,span00711,,2025-11-21T15:05:55+00:00,recommendation-service,/getUserRecommendations,cache-service,/getProfileCache,4.4,4.2,40
trace00712,span00712,,2025-11-21T15:05:55+00:00,recommendation-service,/getUserRecommendations,db-analytics,/updateRecStats,21.5,21.6,40
trace00713,span00713,,2025-11-21T15:05:56+00:00,recommendation-service,/getUserRecommendations,cache-service,/getProfileCache,4.0,3.8,40
trace00714,span00714,,2025-11-21T15:05:56+00:00,recommendation-service,/getUserRecommendations,db-analytics,/updateRecStats,23.1,22.6,40
trace00715,span00715,,2025-11-21T15:05:57+00:00,recommendation-service,/getUserRecommendations,cache-service,/getProfileCache,4.0,3.5,40
trace00716,span00716,,2025-11-21T15:05:57+00:00,recommendation-service,/getUserRecommendations,db-analytics,/updateRecStats,21.6,21.5,40
trace00717,span00717,,2025-11-21T15:05:58+00:00,recommendation-service,/getUserRecommendations,cache-service,/getProfileCache,3.9,3.9,40
trace00718,span00718,,2025-11-21T15:05:58+00:00,recommendation-service,/getUserRecommendations,db-analytics,/updateRecStats,21.8,22.2,40
trace00719,span00719,,2025-11-21T15:05:59+00:00,recommendation-service,/getUserRecommendations,cache-service,/getProfileCache,4.0,4.0,40
trace00720,span00720,,2025-11-21T15:05:59+00:00,recommendation-service,/getUserRecommendations,db-analytics,/updateRecStats,22.6,22.9,40
trace00721,span00721,,2025-11-21T15:06:00+00:00,recommendation-service,/getUserRecommendations,cache-service,/getProfileCache,4.4,4.7,40
trace00722,span00722,,2025-11-21T15:06:00+00:00,recommendation-service,/getUserRecommendations,db-analytics,/updateRecStats,21.4,21.1,40
trace00723,span00723,,2025-11-21T15:06:01+00:00,recommendation-service,/getUserRecommendations,cache-service,/getProfileCache,4.0,4.0,40
trace00724,span00724,,2025-11-21T15:06:01+00:00,recommendation-service,/getUserRecommendations,db-analytics,/updateRecStats,22.3,22.3,40
trace00725,span00725,,2025-11-21T15:06:02+00:00,recommendation-service,/getUserRecommendations,cache-service,/getProfileCache,4.5,5.0,40
trace00726,span00726,,2025-11-21T15:06:02+00:00,recommendation-service,/getUserRecommendations,db-analytics,/updateRecStats,22.6,23.1,40
trace00727,span00727,,2025-11-21T15:06:03+00:00,recommendation-service,/getUserRecommendations,cache-service,/getProfileCache,4.4,4.4,40
trace00728,span00728,,2025-11-21T15:06:03+00:00,recommendation-service,/getUserRecommendations,db-analytics,/updateRecStats,22.7,22.4,40
trace00729,span00729,,2025-11-21T15:06:04+00:00,recommendation-service,/getUserRecommendations,cache-service,/getProfileCache,4.1,4.1,40
trace00730,span00730,,2025-11-21T15:06:04+00:00,recommendation-service,/getUserRecommendations,db-analytics,/updateRecStats,22.9,23.3,40
trace00731,span00731,,2025-11-21T15:06:05+00:00,recommendation-service,/getUserRecommendations,cache-service,/getProfileCache,4.4,4.1,41
trace00732,span00732,,2025-11-21T15:06:05+00:00,recommendation-service,/getUserRecommendations,db-analytics,/updateRecStats,22.1,22.2,41
trace00733,span00733,,2025-11-21T15:06:06+00:00,recommendation-service,/getUserRecommendations,cache-service,/getProfileCache,3.9,3.7,41
trace00734,span00734,,2025-11-21T15:06:06+00:00,recommendation-service,/getUserRecommendations,db-analytics,/updateRecStats,22.1,22.0,41
trace00735,span00735,,2025-11-21T15:06:07+00:00,recommendation-service,/getUserRecommendations,cache-service,/getProfileCache,4.1,3.8,41
trace00736,span00736,,2025-11-21T15:06:07+00:00,recommendation-service,/getUserRecommendations,db-analytics,/updateRecStats,23.1,22.7,41
trace00737,span00737,,2025-11-21T15:06:08+00:00,recommendation-service,/getUserRecommendations,cache-service,/getProfileCache,4.5,4.4,41
trace00738,span00738,,2025-11-21T15:06:08+00:00,recommendation-service,/getUserRecommendations,db-analytics,/updateRecStats,22.9,23.3,41
trace00739,span00739,,2025-11-21T15:06:09+00:00,recommendation-service,/getUserRecommendations,cache-service,/getProfileCache,4.1,3.8,41
trace00740,span00740,,2025-11-21T15:06:09+00:00,recommendation-service,/getUserRecommendations,db-analytics,/updateRecStats,21.7,21.5,41
trace00741,span00741,,2025-11-21T15:06:10+00:00,recommendation-service,/getUserRecommendations,cache-service,/getProfileCache,4.1,4.5,41
trace00742,span00742,,2025-11-21T15:06:10+00:00,recommendation-service,/getUserRecommendations,db-analytics,/updateRecStats,22.0,21.7,41
trace00743,span00743,,2025-11-21T15:06:11+00:00,recommendation-service,/getUserRecommendations,cache-service,/getProfileCache,4.1,4.1,41
trace00744,span00744,,2025-11-21T15:06:11+00:00,recommendation-service,/getUserRecommendations,db-analytics,/updateRecStats,21.7,21.5,41
trace00745,span00745,,2025-11-21T15:06:12+00:00,recommendation-service,/getUserRecommendations,cache-service,/getProfileCache,4.3,4.0,41
trace00746,span00746,,2025-11-21T15:06:12+00:00,recommendation-service,/getUserRecommendations,db-analytics,/updateRecStats,23.0,23.4,41
trace00747,span00747,,2025-11-21T15:06:13+00:00,recommendation-service,/getUserRecommendations,cache-service,/getProfileCache,4.3,4.7,41
trace00748,span00748,,2025-11-21T15:06:13+00:00,recommendation-service,/getUserRecommendations,db-analytics,/updateRecStats,23.4,23.2,41
trace00749,span00749,,2025-11-21T15:06:14+00:00,recommendation-service,/getUserRecommendations,cache-service,/getProfileCache,3.8,3.7,41
trace00750,span00750,,2025-11-21T15:06:14+00:00,recommendation-service,/getUserRecommendations,db-analytics,/updateRecStats,22.3,22.5,41
trace00751,span00751,,2025-11-21T15:06:15+00:00,recommendation-service,/getUserRecommendations,cache-service,/getProfileCache,4.4,4.6,41
trace00752,span00752,,2025-11-21T15:06:15+00:00,recommendation-service,/getUserRecommendations,db-analytics,/updateRecStats,23.2,22.8,41
trace00753,span00753,,2025-11-21T15:06:16+00:00,recommendation-service,/getUserRecommendations,cache-service,/getProfileCache,3.9,4.0,41
trace00754,span00754,,2025-11-21T15:06:16+00:00,recommendation-service,/getUserRecommendations,db-analytics,/updateRecStats,22.8,23.3,41
trace00755,span00755,,2025-11-21T15:06:17+00:00,recommendation-service,/getUserRecommendations,cache-service,/getProfileCache,4.0,3.7,41
trace00756,span00756,,2025-11-21T15:06:17+00:00,recommendation-service,/getUserRecommendations,db-analytics,/updateRecStats,21.8,21.8,41
trace00757,span00757,,2025-11-21T15:06:18+00:00,recommendation-service,/getUserRecommendations,cache-service,/getProfileCache,3.9,3.9,41
trace00758,span00758,,2025-11-21T15:06:18+00:00,recommendation-service,/getUserRecommendations,db-analytics,/updateRecStats,22.3,22.0,41
trace00759,span00759,,2025-11-21T15:06:19+00:00,recommendation-service,/getUserRecommendations,cache-service,/getProfileCache,4.2,3.9,41
trace00760,span00760,,2025-11-21T15:06:19+00:00,recommendation-service,/getUserRecommendations,db-analytics,/updateRecStats,22.9,22.9,41
trace00761,span00761,,2025-11-21T15:06:20+00:00,recommendation-service,/getUserRecommendations,cache-service,/getProfileCache,4.0,4.1,41
trace00762,span00762,,2025-11-21T15:06:20+00:00,recommendation-service,/getUserRecommendations,db-analytics,/updateRecStats,22.3,21.9,41
trace00763,span00763,,2025-11-21T15:06:21+00:00,recommendation-service,/getUserRecommendations,cache-service,/getProfileCache,4.5,4.7,41
trace00764,span00764,,2025-11-21T15:06:21+00:00,recommendation-service,/getUserRecommendations,db-analytics,/updateRecStats,22.7,22.7,41
trace00765,span00765,,2025-11-21T15:06:22+00:00,recommendation-service,/getUserRecommendations,cache-service,/getProfileCache,4.1,3.7,41
trace00766,span00766,,2025-11-21T15:06:22+00:00,recommendation-service,/getUserRecommendations,db-analytics,/updateRecStats,23.6,23.4,41
trace00767,span00767,,2025-11-21T15:06:23+00:00,recommendation-service,/getUserRecommendations,cache-service,/getProfileCache,3.8,4.2,41
trace00768,span00768,,2025-11-21T15:06:23+00:00,recommendation-service,/getUserRecommendations,db-analytics,/updateRecStats,22.2,21.8,41
trace00769,span00769,,2025-11-21T15:06:24+00:00,recommendation-service,/getUserRecommendations,cache-service,/getProfileCache,4.2,4.2,42
trace00770,span00770,,2025-11-21T15:06:24+00:00,recommendation-service,/getUserRecommendations,db-analytics,/updateRecStats,23.3,23.4,42
trace00771,span00771,,2025-11-21T15:06:25+00:00,recommendation-service,/getUserRecommendations,cache-service,/getProfileCache,4.0,3.9,42
trace00772,span00772,,2025-11-21T15:06:25+00:00,recommendation-service,/getUserRecommendations,db-analytics,/updateRecStats,22.0,22.3,42
trace00773,span00773,,2025-11-21T15:06:26+00:00,recommendation-service,/getUserRecommendations,cache-service,/getProfileCache,4.4,4.6,42
trace00774,span00774,,2025-11-21T15:06:26+00:00,recommendation-service,/getUserRecommendations,db-analytics,/updateRecStats,23.7,23.7,42
trace00775,span00775,,2025-11-21T15:06:27+00:00,recommendation-service,/getUserRecommendations,cache-service,/getProfileCache,4.2,4.1,42
trace00776,span00776,,2025-11-21T15:06:27+00:00,recommendation-service,/getUserRecommendations,db-analytics,/updateRecStats,22.2,21.9,42
trace00777,span00777,,2025-11-21T15:06:28+00:00,recommendation-service,/getUserRecommendations,cache-service,/getProfileCache,4.1,3.9,42
trace00778,span00778,,2025-11-21T15:06:28+00:00,recommendation-service,/getUserRecommendations,db-analytics,/updateRecStats,23.4,23.5,42
trace00779,span00779,,2025-11-21T15:06:29+00:00,recommendation-service,/getUserRecommendations,cache-service,/getProfileCache,3.8,3.9,42
trace00780,span00780,,2025-11-21T15:06:29+00:00,recommendation-service,/getUserRecommendations,db-analytics,/updateRecStats,22.0,21.5,42
trace00781,span00781,,2025-11-21T15:06:30+00:00,recommendation-service,/getUserRecommendations,cache-service,/getProfileCache,4.1,4.6,42
trace00782,span00782,,2025-11-21T15:06:30+00:00,recommendation-service,/getUserRecommendations,db-analytics,/updateRecStats,23.1,23.5,42
trace00783,span00783,,2025-11-21T15:06:31+00:00,recommendation-service,/getUserRecommendations,cache-service,/getProfileCache,4.3,4.2,42
trace00784,span00784,,2025-11-21T15:06:31+00:00,recommendation-service,/getUserRecommendations,db-analytics,/updateRecStats,24.0,23.9,42
trace00785,span00785,,2025-11-21T15:06:32+00:00,recommendation-service,/getUserRecommendations,cache-service,/getProfileCache,4.5,4.1,42
trace00786,span00786,,2025-11-21T15:06:32+00:00,recommendation-service,/getUserRecommendations,db-analytics,/updateRecStats,22.6,22.7,42
trace00787,span00787,,2025-11-21T15:06:33+00:00,recommendation-service,/getUserRecommendations,cache-service,/getProfileCache,3.9,4.1,42
trace00788,span00788,,2025-11-21T15:06:33+00:00,recommendation-service,/getUserRecommendations,db-analytics,/updateRecStats,22.8,22.7,42
trace00789,span00789,,2025-11-21T15:06:34+00:00,recommendation-service,/getUserRecommendations,cache-service,/getProfileCache,4.2,3.8,42
trace00790,span00790,,2025-11-21T15:06:34+00:00,recommendation-service,/getUserRecommendations,db-analytics,/updateRecStats,22.8,23.0,42
trace00791,span00791,,2025-11-21T15:06:35+00:00,recommendation-service,/getUserRecommendations,cache-service,/getProfileCache,4.6,5.0,42
trace00792,span00792,,2025-11-21T15:06:35+00:00,recommendation-service,/getUserRecommendations,db-analytics,/updateRecStats,23.6,23.3,42
trace00793,span00793,,2025-11-21T15:06:36+00:00,recommendation-service,/getUserRecommendations,cache-service,/getProfileCache,4.2,4.6,42
trace00794,span00794,,2025-11-21T15:06:36+00:00,recommendation-service,/getUserRecommendations,db-analytics,/updateRecStats,22.8,23.3,42
trace00795,span00795,,2025-11-21T15:06:37+00:00,recommendation-service,/getUserRecommendations,cache-service,/getProfileCache,3.8,3.5,42
trace00796,span00796,,2025-11-21T15:06:37+00:00,recommendation-service,/getUserRecommendations,db-analytics,/updateRecStats,23.9,23.9,42
trace00797,span00797,,2025-11-21T15:06:38+00:00,recommendation-service,/getUserRecommendations,cache-service,/getProfileCache,4.4,4.8,42
trace00798,span00798,,2025-11-21T15:06:38+00:00,recommendation-service,/getUserRecommendations,db-analytics,/updateRecStats,23.1,23.3,42
trace00799,span00799,,2025-11-21T15:06:39+00:00,recommendation-service,/getUserRecommendations,cache-service,/getProfileCache,3.8,3.5,42
trace00800,span00800,,2025-11-21T15:06:39+00:00,recommendation-service,/getUserRecommendations,db-analytics,/updateRecStats,23.4,23.4,42
trace00801,span00801,,2025-11-21T15:06:40+00:00,recommendation-service,/getUserRecommendations,cache-service,/getProfileCache,4.4,4.4,42
trace00802,span00802,,2025-11-21T15:06:40+00:00,recommendation-service,/getUserRecommendations,db-analytics,/updateRecStats,22.5,22.5,42
trace00803,span00803,,2025-11-21T15:06:41+00:00,recommendation-service,/getUserRecommendations,cache-service,/getProfileCache,4.3,3.8,42
trace00804,span00804,,2025-11-21T15:06:41+00:00,recommendation-service,/getUserRecommendations,db-analytics,/updateRecStats,23.7,23.3,42
trace00805,span00805,,2025-11-21T15:06:42+00:00,recommendation-service,/getUserRecommendations,cache-service,/getProfileCache,4.3,4.5,43
trace00806,span00806,,2025-11-21T15:06:42+00:00,recommendation-service,/getUserRecommendations,db-analytics,/updateRecStats,22.8,22.5,43
trace00807,span00807,,2025-11-21T15:06:43+00:00,recommendation-service,/getUserRecommendations,cache-service,/getProfileCache,4.5,4.0,43
trace00808,span00808,,2025-11-21T15:06:43+00:00,recommendation-service,/getUserRecommendations,db-analytics,/updateRecStats,23.4,23.5,43
trace00809,span00809,,2025-11-21T15:06:44+00:00,recommendation-service,/getUserRecommendations,cache-service,/getProfileCache,4.3,4.1,43
trace00810,span00810,,2025-11-21T15:06:44+00:00,recommendation-service,/getUserRecommendations,db-analytics,/updateRecStats,24.1,23.8,43
trace00811,span00811,,2025-11-21T15:06:45+00:00,recommendation-service,/getUserRecommendations,cache-service,/getProfileCache,3.8,4.2,43
trace00812,span00812,,2025-11-21T15:06:45+00:00,recommendation-service,/getUserRecommendations,db-analytics,/updateRecStats,23.4,23.3,43
trace00813,span00813,,2025-11-21T15:06:46+00:00,recommendation-service,/getUserRecommendations,cache-service,/getProfileCache,4.4,4.3,43
trace00814,span00814,,2025-11-21T15:06:46+00:00,recommendation-service,/getUserRecommendations,db-analytics,/updateRecStats,23.3,23.1,43
trace00815,span00815,,2025-11-21T15:06:47+00:00,recommendation-service,/getUserRecommendations,cache-service,/getProfileCache,3.9,3.9,43
trace00816,span00816,,2025-11-21T15:06:47+00:00,recommendation-service,/getUserRecommendations,db-analytics,/updateRecStats,22.4,22.8,43
trace00817,span00817,,2025-11-21T15:06:48+00:00,recommendation-service,/getUserRecommendations,cache-service,/getProfileCache,4.3,3.9,43
trace00818,span00818,,2025-11-21T15:06:48+00:00,recommendation-service,/getUserRecommendations,db-analytics,/updateRecStats,23.1,22.8,43
trace00819,span00819,,2025-11-21T15:06:49+00:00,recommendation-service,/getUserRecommendations,cache-service,/getProfileCache,3.9,3.7,43
trace00820,span00820,,2025-11-21T15:06:49+00:00,recommendation-service,/getUserRecommendations,db-analytics,/updateRecStats,22.5,22.7,43
trace00821,span00821,,2025-11-21T15:06:50+00:00,recommendation-service,/getUserRecommendations,cache-service,/getProfileCache,3.9,4.1,43
trace00822,span00822,,2025-11-21T15:06:50+00:00,recommendation-service,/getUserRecommendations,db-analytics,/updateRecStats,23.8,23.5,43
trace00823,span00823,,2025-11-21T15:06:51+00:00,recommendation-service,/getUserRecommendations,cache-service,/getProfileCache,4.6,4.7,43
trace00824,span00824,,2025-11-21T15:06:51+00:00,recommendation-service,/getUserRecommendations,db-analytics,/updateRecStats,23.4,23.2,43
trace00825,span00825,,2025-11-21T15:06:52+00:00,recommendation-service,/getUserRecommendations,cache-service,/getProfileCache,4.0,4.2,43
trace00826,span00826,,2025-11-21T15:06:52+00:00,recommendation-service,/getUserRecommendations,db-analytics,/updateRecStats,23.4,23.8,43
trace00827,span00827,,2025-11-21T15:06:53+00:00,recommendation-service,/getUserRecommendations,cache-service,/getProfileCache,4.2,4.4,43
trace00828,span00828,,2025-11-21T15:06:53+00:00,recommendation-service,/getUserRecommendations,db-analytics,/updateRecStats,22.6,23.0,43
trace00829,span00829,,2025-11-21T15:06:54+00:00,recommendation-service,/getUserRecommendations,cache-service,/getProfileCache,4.4,4.7,43
trace00830,span00830,,2025-11-21T15:06:54+00:00,recommendation-service,/getUserRecommendations,db-analytics,/updateRecStats,23.1,23.3,43
trace00831,span00831,,2025-11-21T15:06:55+00:00,recommendation-service,/getUserRecommendations,cache-service,/getProfileCache,4.4,4.9,43
trace00832,span00832,,2025-11-21T15:06:55+00:00,recommendation-service,/getUserRecommendations,db-analytics,/updateRecStats,22.6,22.2,43
trace00833,span00833,,2025-11-21T15:06:56+00:00,recommendation-service,/getUserRecommendations,cache-service,/getProfileCache,4.1,4.5,43
trace00834,span00834,,2025-11-21T15:06:56+00:00,recommendation-service,/getUserRecommendations,db-analytics,/updateRecStats,24.2,24.6,43
trace00835,span00835,,2025-11-21T15:06:57+00:00,recommendation-service,/getUserRecommendations,cache-service,/getProfileCache,4.0,4.4,43
trace00836,span00836,,2025-11-21T15:06:57+00:00,recommendation-service,/getUserRecommendations,db-analytics,/updateRecStats,23.6,23.2,43
trace00837,span00837,,2025-11-21T15:06:58+00:00,recommendation-service,/getUserRecommendations,cache-service,/getProfileCache,4.5,4.8,43
trace00838,span00838,,2025-11-21T15:06:58+00:00,recommendation-service,/getUserRecommendations,db-analytics,/updateRecStats,22.9,22.8,43
trace00839,span00839,,2025-11-21T15:06:59+00:00,recommendation-service,/getUserRecommendations,cache-service,/getProfileCache,4.2,4.6,43
trace00840,span00840,,2025-11-21T15:06:59+00:00,recommendation-service,/getUserRecommendations,db-analytics,/updateRecStats,23.6,23.3,43
trace00841,span00841,,2025-11-21T15:07:00+00:00,recommendation-service,/getUserRecommendations,cache-service,/getProfileCache,3.8,4.1,44
trace00842,span00842,,2025-11-21T15:07:00+00:00,recommendation-service,/getUserRecommendations,db-analytics,/updateRecStats,23.0,22.8,44
trace00843,span00843,,2025-11-21T15:07:01+00:00,recommendation-service,/getUserRecommendations,cache-service,/getProfileCache,4.3,4.4,44
trace00844,span00844,,2025-11-21T15:07:01+00:00,recommendation-service,/getUserRecommendations,db-analytics,/updateRecStats,24.6,24.4,44
trace00845,span00845,,2025-11-21T15:07:02+00:00,recommendation-service,/getUserRecommendations,cache-service,/getProfileCache,4.6,4.5,44
trace00846,span00846,,2025-11-21T15:07:02+00:00,recommendation-service,/getUserRecommendations,db-analytics,/updateRecStats,23.3,23.1,44
trace00847,span00847,,2025-11-21T15:07:03+00:00,recommendation-service,/getUserRecommendations,cache-service,/getProfileCache,4.2,4.6,44
trace00848,span00848,,2025-11-21T15:07:03+00:00,recommendation-service,/getUserRecommendations,db-analytics,/updateRecStats,23.6,23.6,44
trace00849,span00849,,2025-11-21T15:07:04+00:00,recommendation-service,/getUserRecommendations,cache-service,/getProfileCache,4.0,3.6,44
trace00850,span00850,,2025-11-21T15:07:04+00:00,recommendation-service,/getUserRecommendations,db-analytics,/updateRecStats,24.4,24.9,44
trace00851,span00851,,2025-11-21T15:07:05+00:00,recommendation-service,/getUserRecommendations,cache-service,/getProfileCache,4.0,4.4,44
trace00852,span00852,,2025-11-21T15:07:05+00:00,recommendation-service,/getUserRecommendations,db-analytics,/updateRecStats,22.8,22.7,44
trace00853,span00853,,2025-11-21T15:07:06+00:00,recommendation-service,/getUserRecommendations,cache-service,/getProfileCache,4.1,4.6,44
trace00854,span00854,,2025-11-21T15:07:06+00:00,recommendation-service,/getUserRecommendations,db-analytics,/updateRecStats,24.3,24.1,44
trace00855,span00855,,2025-11-21T15:07:07+00:00,recommendation-service,/getUserRecommendations,cache-service,/getProfileCache,4.2,4.3,44
trace00856,span00856,,2025-11-21T15:07:07+00:00,recommendation-service,/getUserRecommendations,db-analytics,/updateRecStats,24.7,25.0,44
trace00857,span00857,,2025-11-21T15:07:08+00:00,recommendation-service,/getUserRecommendations,cache-service,/getProfileCache,4.5,4.6,44
trace00858,span00858,,2025-11-21T15:07:08+00:00,recommendation-service,/getUserRecommendations,db-analytics,/updateRecStats,24.4,24.5,44
trace00859,span00859,,2025-11-21T15:07:09+00:00,recommendation-service,/getUserRecommendations,cache-service,/getProfileCache,4.4,4.1,44
trace00860,span00860,,2025-11-21T15:07:09+00:00,recommendation-service,/getUserRecommendations,db-analytics,/updateRecStats,24.4,24.4,44
trace00861,span00861,,2025-11-21T15:07:10+00:00,recommendation-service,/getUserRecommendations,cache-service,/getProfileCache,4.4,4.8,44
trace00862,span00862,,2025-11-21T15:07:10+00:00,recommendation-service,/getUserRecommendations,db-analytics,/updateRecStats,23.8,24.0,44
trace00863,span00863,,2025-11-21T15:07:11+00:00,recommendation-service,/getUserRecommendations,cache-service,/getProfileCache,4.4,4.7,44
trace00864,span00864,,2025-11-21T15:07:11+00:00,recommendation-service,/getUserRecommendations,db-analytics,/updateRecStats,23.5,23.3,44
trace00865,span00865,,2025-11-21T15:07:12+00:00,recommendation-service,/getUserRecommendations,cache-service,/getProfileCache,4.3,4.5,44
trace00866,span00866,,2025-11-21T15:07:12+00:00,recommendation-service,/getUserRecommendations,db-analytics,/updateRecStats,24.0,24.3,44
trace00867,span00867,,2025-11-21T15:07:13+00:00,recommendation-service,/getUserRecommendations,cache-service,/getProfileCache,4.5,4.7,44
trace00868,span00868,,2025-11-21T15:07:13+00:00,recommendation-service,/getUserRecommendations,db-analytics,/updateRecStats,23.8,23.8,44
trace00869,span00869,,2025-11-21T15:07:14+00:00,recommendation-service,/getUserRecommendations,cache-service,/getProfileCache,4.3,4.0,44
trace00870,span00870,,2025-11-21T15:07:14+00:00,recommendation-service,/getUserRecommendations,db-analytics,/updateRecStats,24.6,24.5,44
trace00871,span00871,,2025-11-21T15:07:15+00:00,recommendation-service,/getUserRecommendations,cache-service,/getProfileCache,3.9,3.7,44
trace00872,span00872,,2025-11-21T15:07:15+00:00,recommendation-service,/getUserRecommendations,db-analytics,/updateRecStats,23.1,22.6,44
trace00873,span00873,,2025-11-21T15:07:16+00:00,recommendation-service,/getUserRecommendations,cache-service,/getProfileCache,4.5,4.7,44
trace00874,span00874,,2025-11-21T15:07:16+00:00,recommendation-service,/getUserRecommendations,db-analytics,/updateRecStats,24.1,23.8,44
trace00875,span00875,,2025-11-21T15:07:17+00:00,recommendation-service,/getUserRecommendations,cache-service,/getProfileCache,3.8,3.7,44
trace00876,span00876,,2025-11-21T15:07:17+00:00,recommendation-service,/getUserRecommendations,db-analytics,/updateRecStats,24.5,24.1,44
trace00877,span00877,,2025-11-21T15:07:18+00:00,recommendation-service,/getUserRecommendations,cache-service,/getProfileCache,4.6,4.6,45
trace00878,span00878,,2025-11-21T15:07:18+00:00,recommendation-service,/getUserRecommendations,db-analytics,/updateRecStats,25.0,25.3,45
trace00879,span00879,,2025-11-21T15:07:19+00:00,recommendation-service,/getUserRecommendations,cache-service,/getProfileCache,4.2,4.1,45
trace00880,span00880,,2025-11-21T15:07:19+00:00,recommendation-service,/getUserRecommendations,db-analytics,/updateRecStats,25.0,25.1,45
trace00881,span00881,,2025-11-21T15:07:20+00:00,recommendation-service,/getUserRecommendations,cache-service,/getProfileCache,4.5,4.5,45
trace00882,span00882,,2025-11-21T15:07:20+00:00,recommendation-service,/getUserRecommendations,db-analytics,/updateRecStats,23.8,24.1,45
trace00883,span00883,,2025-11-21T15:07:21+00:00,recommendation-service,/getUserRecommendations,cache-service,/getProfileCache,4.4,4.7,45
trace00884,span00884,,2025-11-21T15:07:21+00:00,recommendation-service,/getUserRecommendations,db-analytics,/updateRecStats,24.4,24.1,45
trace00885,span00885,,2025-11-21T15:07:22+00:00,recommendation-service,/getUserRecommendations,cache-service,/getProfileCache,3.9,4.1,45
trace00886,span00886,,2025-11-21T15:07:22+00:00,recommendation-service,/getUserRecommendations,db-analytics,/updateRecStats,24.6,24.6,45
trace00887,span00887,,2025-11-21T15:07:23+00:00,recommendation-service,/getUserRecommendations,cache-service,/getProfileCache,4.4,4.6,45
trace00888,span00888,,2025-11-21T15:07:23+00:00,recommendation-service,/getUserRecommendations,db-analytics,/updateRecStats,23.7,23.5,45
trace00889,span00889,,2025-11-21T15:07:24+00:00,recommendation-service,/getUserRecommendations,cache-service,/getProfileCache,4.2,4.4,45
trace00890,span00890,,2025-11-21T15:07:24+00:00,recommendation-service,/getUserRecommendations,db-analytics,/updateRecStats,24.9,24.8,45
trace00891,span00891,,2025-11-21T15:07:25+00:00,recommendation-service,/getUserRecommendations,cache-service,/getProfileCache,4.5,4.3,45
trace00892,span00892,,2025-11-21T15:07:25+00:00,recommendation-service,/getUserRecommendations,db-analytics,/updateRecStats,25.1,25.0,45
trace00893,span00893,,2025-11-21T15:07:26+00:00,recommendation-service,/getUserRecommendations,cache-service,/getProfileCache,4.0,3.7,45
trace00894,span00894,,2025-11-21T15:07:26+00:00,recommendation-service,/getUserRecommendations,db-analytics,/updateRecStats,23.5,23.6,45
trace00895,span00895,,2025-11-21T15:07:27+00:00,recommendation-service,/getUserRecommendations,cache-service,/getProfileCache,4.5,4.1,45
trace00896,span00896,,2025-11-21T15:07:27+00:00,recommendation-service,/getUserRecommendations,db-analytics,/updateRecStats,23.3,23.7,45
trace00897,span00897,,2025-11-21T15:07:28+00:00,recommendation-service,/getUserRecommendations,cache-service,/getProfileCache,4.4,4.7,45
trace00898,span00898,,2025-11-21T15:07:28+00:00,recommendation-service,/getUserRecommendations,db-analytics,/updateRecStats,25.2,25.1,45
trace00899,span00899,,2025-11-21T15:07:29+00:00,recommendation-service,/getUserRecommendations,cache-service,/getProfileCache,4.3,4.0,45
trace00900,span00900,,2025-11-21T15:07:29+00:00,recommendation-service,/getUserRecommendations,db-analytics,/updateRecStats,24.8,24.3,45
trace00901,span00901,,2025-11-21T15:07:30+00:00,recommendation-service,/getUserRecommendations,cache-service,/getProfileCache,3.9,3.9,45
trace00902,span00902,,2025-11-21T15:07:30+00:00,recommendation-service,/getUserRecommendations,db-analytics,/updateRecStats,23.6,23.8,45
trace00903,span00903,,2025-11-21T15:07:31+00:00,recommendation-service,/getUserRecommendations,cache-service,/getProfileCache,3.9,3.8,45
trace00904,span00904,,2025-11-21T15:07:31+00:00,recommendation-service,/getUserRecommendations,db-analytics,/updateRecStats,25.0,24.9,45
trace00905,span00905,,2025-11-21T15:07:32+00:00,recommendation-service,/getUserRecommendations,cache-service,/getProfileCache,3.9,4.3,45
trace00906,span00906,,2025-11-21T15:07:32+00:00,recommendation-service,/getUserRecommendations,db-analytics,/updateRecStats,23.6,23.8,45
trace00907,span00907,,2025-11-21T15:07:33+00:00,recommendation-service,/getUserRecommendations,cache-service,/getProfileCache,4.5,4.2,45
trace00908,span00908,,2025-11-21T15:07:33+00:00,recommendation-service,/getUserRecommendations,db-analytics,/updateRecStats,24.0,24.3,45
trace00909,span00909,,2025-11-21T15:07:34+00:00,recommendation-service,/getUserRecommendations,cache-service,/getProfileCache,4.0,3.6,45
trace00910,span00910,,2025-11-21T15:07:34+00:00,recommendation-service,/getUserRecommendations,db-analytics,/updateRecStats,24.4,24.3,45
trace00911,span00911,,2025-11-21T15:07:35+00:00,recommendation-service,/getUserRecommendations,cache-service,/getProfileCache,4.2,4.5,45
trace00912,span00912,,2025-11-21T15:07:35+00:00,recommendation-service,/getUserRecommendations,db-analytics,/updateRecStats,24.8,24.5,45
trace00913,span00913,,2025-11-21T15:07:36+00:00,recommendation-service,/getUserRecommendations,cache-service,/getProfileCache,3.8,3.4,45
trace00914,span00914,,2025-11-21T15:07:36+00:00,recommendation-service,/getUserRecommendations,db-analytics,/updateRecStats,24.5,24.5,45
trace00915,span00915,,2025-11-21T15:07:37+00:00,recommendation-service,/getUserRecommendations,cache-service,/getProfileCache,4.0,4.1,46
trace00916,span00916,,2025-11-21T15:07:37+00:00,recommendation-service,/getUserRecommendations,db-analytics,/updateRecStats,24.8,24.5,46
trace00917,span00917,,2025-11-21T15:07:38+00:00,recommendation-service,/getUserRecommendations,cache-service,/getProfileCache,4.5,4.7,46
trace00918,span00918,,2025-11-21T15:07:38+00:00,recommendation-service,/getUserRecommendations,db-analytics,/updateRecStats,24.3,24.2,46
trace00919,span00919,,2025-11-21T15:07:39+00:00,recommendation-service,/getUserRecommendations,cache-service,/getProfileCache,4.2,3.8,46
trace00920,span00920,,2025-11-21T15:07:39+00:00,recommendation-service,/getUserRecommendations,db-analytics,/updateRecStats,24.8,24.9,46
trace00921,span00921,,2025-11-21T15:07:40+00:00,recommendation-service,/getUserRecommendations,cache-service,/getProfileCache,4.1,4.0,46
trace00922,span00922,,2025-11-21T15:07:40+00:00,recommendation-service,/getUserRecommendations,db-analytics,/updateRecStats,24.2,23.8,46
trace00923,span00923,,2025-11-21T15:07:41+00:00,recommendation-service,/getUserRecommendations,cache-service,/getProfileCache,4.0,4.2,46
trace00924,span00924,,2025-11-21T15:07:41+00:00,recommendation-service,/getUserRecommendations,db-analytics,/updateRecStats,25.5,25.9,46
trace00925,span00925,,2025-11-21T15:07:42+00:00,recommendation-service,/getUserRecommendations,cache-service,/getProfileCache,3.9,4.0,46
trace00926,span00926,,2025-11-21T15:07:42+00:00,recommendation-service,/getUserRecommendations,db-analytics,/updateRecStats,25.6,25.4,46
trace00927,span00927,,2025-11-21T15:07:43+00:00,recommendation-service,/getUserRecommendations,cache-service,/getProfileCache,4.0,3.9,46
trace00928,span00928,,2025-11-21T15:07:43+00:00,recommendation-service,/getUserRecommendations,db-analytics,/updateRecStats,24.2,24.4,46
trace00929,span00929,,2025-11-21T15:07:44+00:00,recommendation-service,/getUserRecommendations,cache-service,/getProfileCache,4.4,4.8,46
trace00930,span00930,,2025-11-21T15:07:44+00:00,recommendation-service,/getUserRecommendations,db-analytics,/updateRecStats,25.6,25.6,46
trace00931,span00931,,2025-11-21T15:07:45+00:00,recommendation-service,/getUserRecommendations,cache-service,/getProfileCache,3.8,3.4,46
trace00932,span00932,,2025-11-21T15:07:45+00:00,recommendation-service,/getUserRecommendations,db-analytics,/updateRecStats,24.3,23.9,46
trace00933,span00933,,2025-11-21T15:07:46+00:00,recommendation-service,/getUserRecommendations,cache-service,/getProfileCache,4.3,3.9,46
trace00934,span00934,,2025-11-21T15:07:46+00:00,recommendation-service,/getUserRecommendations,db-analytics,/updateRecStats,25.0,25.4,46
trace00935,span00935,,2025-11-21T15:07:47+00:00,recommendation-service,/getUserRecommendations,cache-service,/getProfileCache,4.3,4.6,46
trace00936,span00936,,2025-11-21T15:07:47+00:00,recommendation-service,/getUserRecommendations,db-analytics,/updateRecStats,24.6,24.2,46
trace00937,span00937,,2025-11-21T15:07:48+00:00,recommendation-service,/getUserRecommendations,cache-service,/getProfileCache,4.0,4.4,46
trace00938,span00938,,2025-11-21T15:07:48+00:00,recommendation-service,/getUserRecommendations,db-analytics,/updateRecStats,25.8,25.4,46
trace00939,span00939,,2025-11-21T15:07:49+00:00,recommendation-service,/getUserRecommendations,cache-service,/getProfileCache,4.1,4.1,46
trace00940,span00940,,2025-11-21T15:07:49+00:00,recommendation-service,/getUserRecommendations,db-analytics,/updateRecStats,24.0,23.7,46
trace00941,span00941,,2025-11-21T15:07:50+00:00,recommendation-service,/getUserRecommendations,cache-service,/getProfileCache,4.3,4.0,47
trace00942,span00942,,2025-11-21T15:07:50+00:00,recommendation-service,/getUserRecommendations,db-analytics,/updateRecStats,25.7,25.6,47
trace00943,span00943,,2025-11-21T15:07:51+00:00,recommendation-service,/getUserRecommendations,cache-service,/getProfileCache,4.3,3.9,47
trace00944,span00944,,2025-11-21T15:07:51+00:00,recommendation-service,/getUserRecommendations,db-analytics,/updateRecStats,24.7,24.6,47
trace00945,span00945,,2025-11-21T15:07:52+00:00,recommendation-service,/getUserRecommendations,cache-service,/getProfileCache,4.1,4.0,47
trace00946,span00946,,2025-11-21T15:07:52+00:00,recommendation-service,/getUserRecommendations,db-analytics,/updateRecStats,24.2,24.2,47
trace00947,span00947,,2025-11-21T15:07:53+00:00,recommendation-service,/getUserRecommendations,cache-service,/getProfileCache,4.5,4.8,47
trace00948,span00948,,2025-11-21T15:07:53+00:00,recommendation-service,/getUserRecommendations,db-analytics,/updateRecStats,24.9,24.6,47
trace00949,span00949,,2025-11-21T15:07:54+00:00,recommendation-service,/getUserRecommendations,cache-service,/getProfileCache,4.5,4.5,47
trace00950,span00950,,2025-11-21T15:07:54+00:00,recommendation-service,/getUserRecommendations,db-analytics,/updateRecStats,25.1,25.1,47
trace00951,span00951,,2025-11-21T15:07:55+00:00,recommendation-service,/getUserRecommendations,cache-service,/getProfileCache,4.3,4.2,47
trace00952,span00952,,2025-11-21T15:07:55+00:00,recommendation-service,/getUserRecommendations,db-analytics,/updateRecStats,25.9,25.6,47
trace00953,span00953,,2025-11-21T15:07:56+00:00,recommendation-service,/getUserRecommendations,cache-service,/getProfileCache,4.3,4.5,47
trace00954,span00954,,2025-11-21T15:07:56+00:00,recommendation-service,/getUserRecommendations,db-analytics,/updateRecStats,24.4,24.3,47
trace00955,span00955,,2025-11-21T15:07:57+00:00,recommendation-service,/getUserRecommendations,cache-service,/getProfileCache,3.8,3.6,47
trace00956,span00956,,2025-11-21T15:07:57+00:00,recommendation-service,/getUserRecommendations,db-analytics,/updateRecStats,25.3,25.6,47
trace00957,span00957,,2025-11-21T15:07:58+00:00,recommendation-service,/getUserRecommendations,cache-service,/getProfileCache,4.6,4.7,47
trace00958,span00958,,2025-11-21T15:07:58+00:00,recommendation-service,/getUserRecommendations,db-analytics,/updateRecStats,25.2,24.9,47
trace00959,span00959,,2025-11-21T15:07:59+00:00,recommendation-service,/getUserRecommendations,cache-service,/getProfileCache,3.8,3.8,47
trace00960,span00960,,2025-11-21T15:07:59+00:00,recommendation-service,/getUserRecommendations,db-analytics,/updateRecStats,24.7,24.8,47
trace00961,span00961,,2025-11-21T15:08:00+00:00,recommendation-service,/getUserRecommendations,cache-service,/getProfileCache,4.5,4.5,47
trace00962,span00962,,2025-11-21T15:08:00+00:00,recommendation-service,/getUserRecommendations,db-analytics,/updateRecStats,24.3,24.2,47
trace00963,span00963,,2025-11-21T15:08:01+00:00,recommendation-service,/getUserRecommendations,cache-service,/getProfileCache,3.9,3.4,47
trace00964,span00964,,2025-11-21T15:08:01+00:00,recommendation-service,/getUserRecommendations,db-analytics,/updateRecStats,25.9,25.8,47
trace00965,span00965,,2025-11-21T15:08:02+00:00,recommendation-service,/getUserRecommendations,cache-service,/getProfileCache,4.2,4.6,47
trace00966,span00966,,2025-11-21T15:08:02+00:00,recommendation-service,/getUserRecommendations,db-analytics,/updateRecStats,25.0,25.1,47
trace00967,span00967,,2025-11-21T15:08:03+00:00,recommendation-service,/getUserRecommendations,cache-service,/getProfileCache,3.9,3.6,47
trace00968,span00968,,2025-11-21T15:08:03+00:00,recommendation-service,/getUserRecommendations,db-analytics,/updateRecStats,25.7,25.6,47
trace00969,span00969,,2025-11-21T15:08:04+00:00,recommendation-service,/getUserRecommendations,cache-service,/getProfileCache,3.9,4.3,47
trace00970,span00970,,2025-11-21T15:08:04+00:00,recommendation-service,/getUserRecommendations,db-analytics,/updateRecStats,25.6,25.1,47
trace00971,span00971,,2025-11-21T15:08:05+00:00,recommendation-service,/getUserRecommendations,cache-service,/getProfileCache,4.6,4.1,47
trace00972,span00972,,2025-11-21T15:08:05+00:00,recommendation-service,/getUserRecommendations,db-analytics,/updateRecStats,25.1,25.0,47
trace00973,span00973,,2025-11-21T15:08:06+00:00,recommendation-service,/getUserRecommendations,cache-service,/getProfileCache,4.5,4.7,47
trace00974,span00974,,2025-11-21T15:08:06+00:00,recommendation-service,/getUserRecommendations,db-analytics,/updateRecStats,26.1,26.0,47
trace00975,span00975,,2025-11-21T15:08:07+00:00,recommendation-service,/getUserRecommendations,cache-service,/getProfileCache,3.9,3.5,47
trace00976,span00976,,2025-11-21T15:08:07+00:00,recommendation-service,/getUserRecommendations,db-analytics,/updateRecStats,24.5,24.0,47
trace00977,span00977,,2025-11-21T15:08:08+00:00,recommendation-service,/getUserRecommendations,cache-service,/getProfileCache,4.3,4.1,48
trace00978,span00978,,2025-11-21T15:08:08+00:00,recommendation-service,/getUserRecommendations,db-analytics,/updateRecStats,26.1,26.5,48
trace00979,span00979,,2025-11-21T15:08:09+00:00,recommendation-service,/getUserRecommendations,cache-service,/getProfileCache,4.1,4.2,48
trace00980,span00980,,2025-11-21T15:08:09+00:00,recommendation-service,/getUserRecommendations,db-analytics,/updateRecStats,25.3,25.1,48
trace00981,span00981,,2025-11-21T15:08:10+00:00,recommendation-service,/getUserRecommendations,cache-service,/getProfileCache,4.5,4.7,48
trace00982,span00982,,2025-11-21T15:08:10+00:00,recommendation-service,/getUserRecommendations,db-analytics,/updateRecStats,26.3,26.6,48
trace00983,span00983,,2025-11-21T15:08:11+00:00,recommendation-service,/getUserRecommendations,cache-service,/getProfileCache,4.3,4.0,48
trace00984,span00984,,2025-11-21T15:08:11+00:00,recommendation-service,/getUserRecommendations,db-analytics,/updateRecStats,26.0,25.9,48
trace00985,span00985,,2025-11-21T15:08:12+00:00,recommendation-service,/getUserRecommendations,cache-service,/getProfileCache,4.0,4.1,48
trace00986,span00986,,2025-11-21T15:08:12+00:00,recommendation-service,/getUserRecommendations,db-analytics,/updateRecStats,26.2,25.9,48
trace00987,span00987,,2025-11-21T15:08:13+00:00,recommendation-service,/getUserRecommendations,cache-service,/getProfileCache,4.3,4.5,48
trace00988,span00988,,2025-11-21T15:08:13+00:00,recommendation-service,/getUserRecommendations,db-analytics,/updateRecStats,25.7,25.7,48
trace00989,span00989,,2025-11-21T15:08:14+00:00,recommendation-service,/getUserRecommendations,cache-service,/getProfileCache,3.9,3.6,48
trace00990,span00990,,2025-11-21T15:08:14+00:00,recommendation-service,/getUserRecommendations,db-analytics,/updateRecStats,25.0,24.6,48
trace00991,span00991,,2025-11-21T15:08:15+00:00,recommendation-service,/getUserRecommendations,cache-service,/getProfileCache,4.0,3.8,48
trace00992,span00992,,2025-11-21T15:08:15+00:00,recommendation-service,/getUserRecommendations,db-analytics,/updateRecStats,26.2,26.4,48
trace00993,span00993,,2025-11-21T15:08:16+00:00,recommendation-service,/getUserRecommendations,cache-service,/getProfileCache,4.2,3.8,48
trace00994,span00994,,2025-11-21T15:08:16+00:00,recommendation-service,/getUserRecommendations,db-analytics,/updateRecStats,24.8,24.8,48
trace00995,span00995,,2025-11-21T15:08:17+00:00,recommendation-service,/getUserRecommendations,cache-service,/getProfileCache,4.2,4.5,48
trace00996,span00996,,2025-11-21T15:08:17+00:00,recommendation-service,/getUserRecommendations,db-analytics,/updateRecStats,26.2,26.6,48
trace00997,span00997,,2025-11-21T15:08:18+00:00,recommendation-service,/getUserRecommendations,cache-service,/getProfileCache,4.2,4.5,48
trace00998,span00998,,2025-11-21T15:08:18+00:00,recommendation-service,/getUserRecommendations,db-analytics,/updateRecStats,25.0,25.0,48
trace00999,span00999,,2025-11-21T15:08:19+00:00,recommendation-service,/getUserRecommendations,cache-service,/getProfileCache,4.5,4.4,48
trace01000,span01000,,2025-11-21T15:08:19+00:00,recommendation-service,/getUserRecommendations,db-analytics,/updateRecStats,25.2,25.0,48
trace01001,span01001,,2025-11-21T15:08:20+00:00,recommendation-service,/getUserRecommendations,cache-service,/getProfileCache,3.9,3.6,48
trace01002,span01002,,2025-11-21T15:08:20+00:00,recommendation-service,/getUserRecommendations,db-analytics,/updateRecStats,26.4,26.1,48
trace01003,span01003,,2025-11-21T15:08:21+00:00,recommendation-service,/getUserRecommendations,cache-service,/getProfileCache,4.4,4.4,48
trace01004,span01004,,2025-11-21T15:08:21+00:00,recommendation-service,/getUserRecommendations,db-analytics,/updateRecStats,26.4,26.7,48
trace01005,span01005,,2025-11-21T15:08:22+00:00,recommendation-service,/getUserRecommendations,cache-service,/getProfileCache,4.1,3.9,48
trace01006,span01006,,2025-11-21T15:08:22+00:00,recommendation-service,/getUserRecommendations,db-analytics,/updateRecStats,26.3,26.8,48
trace01007,span01007,,2025-11-21T15:08:23+00:00,recommendation-service,/getUserRecommendations,cache-service,/getProfileCache,4.0,4.2,48
trace01008,span01008,,2025-11-21T15:08:23+00:00,recommendation-service,/getUserRecommendations,db-analytics,/updateRecStats,25.0,25.2,48
trace01009,span01009,,2025-11-21T15:08:24+00:00,recommendation-service,/getUserRecommendations,cache-service,/getProfileCache,4.6,4.7,48
trace01010,span01010,,2025-11-21T15:08:24+00:00,recommendation-service,/getUserRecommendations,db-analytics,/updateRecStats,26.5,26.4,48
trace01011,span01011,,2025-11-21T15:08:25+00:00,recommendation-service,/getUserRecommendations,cache-service,/getProfileCache,4.3,3.9,48
trace01012,span01012,,2025-11-21T15:08:25+00:00,recommendation-service,/getUserRecommendations,db-analytics,/updateRecStats,25.4,25.8,48
trace01013,span01013,,2025-11-21T15:08:26+00:00,recommendation-service,/getUserRecommendations,cache-service,/getProfileCache,3.9,4.3,48
trace01014,span01014,,2025-11-21T15:08:26+00:00,recommendation-service,/getUserRecommendations,db-analytics,/updateRecStats,26.6,26.3,48
trace01015,span01015,,2025-11-21T15:08:27+00:00,recommendation-service,/getUserRecommendations,cache-service,/getProfileCache,3.9,4.2,49
trace01016,span01016,,2025-11-21T15:08:27+00:00,recommendation-service,/getUserRecommendations,db-analytics,/updateRecStats,26.4,26.4,49
trace01017,span01017,,2025-11-21T15:08:28+00:00,recommendation-service,/getUserRecommendations,cache-service,/getProfileCache,4.5,4.7,48
trace01018,span01018,,2025-11-21T15:08:28+00:00,recommendation-service,/getUserRecommendations,db-analytics,/updateRecStats,26.4,26.4,48
trace01019,span01019,,2025-11-21T15:08:29+00:00,recommendation-service,/getUserRecommendations,cache-service,/getProfileCache,4.5,5.0,49
trace01020,span01020,,2025-11-21T15:08:29+00:00,recommendation-service,/getUserRecommendations,db-analytics,/updateRecStats,26.3,26.5,49
trace01021,span01021,,2025-11-21T15:08:30+00:00,recommendation-service,/getUserRecommendations,cache-service,/getProfileCache,4.0,4.0,49
trace01022,span01022,,2025-11-21T15:08:30+00:00,recommendation-service,/getUserRecommendations,db-analytics,/updateRecStats,24.9,24.6,49
trace01023,span01023,,2025-11-21T15:08:31+00:00,recommendation-service,/getUserRecommendations,cache-service,/getProfileCache,4.2,4.5,49
trace01024,span01024,,2025-11-21T15:08:31+00:00,recommendation-service,/getUserRecommendations,db-analytics,/updateRecStats,26.4,26.5,49
trace01025,span01025,,2025-11-21T15:08:32+00:00,recommendation-service,/getUserRecommendations,cache-service,/getProfileCache,4.2,3.8,49
trace01026,span01026,,2025-11-21T15:08:32+00:00,recommendation-service,/getUserRecommendations,db-analytics,/updateRecStats,25.0,24.7,49
trace01027,span01027,,2025-11-21T15:08:33+00:00,recommendation-service,/getUserRecommendations,cache-service,/getProfileCache,4.1,4.1,48
trace01028,span01028,,2025-11-21T15:08:33+00:00,recommendation-service,/getUserRecommendations,db-analytics,/updateRecStats,26.2,25.7,48
trace01029,span01029,,2025-11-21T15:08:34+00:00,recommendation-service,/getUserRecommendations,cache-service,/getProfileCache,4.6,4.3,48
trace01030,span01030,,2025-11-21T15:08:34+00:00,recommendation-service,/getUserRecommendations,db-analytics,/updateRecStats,25.0,25.1,48
trace01031,span01031,,2025-11-21T15:08:35+00:00,recommendation-service,/getUserRecommendations,cache-service,/getProfileCache,4.2,4.0,48
trace01032,span01032,,2025-11-21T15:08:35+00:00,recommendation-service,/getUserRecommendations,db-analytics,/updateRecStats,26.5,26.7,48
trace01033,span01033,,2025-11-21T15:08:36+00:00,recommendation-service,/getUserRecommendations,cache-service,/getProfileCache,4.3,4.5,49
trace01034,span01034,,2025-11-21T15:08:36+00:00,recommendation-service,/getUserRecommendations,db-analytics,/updateRecStats,25.4,25.4,49
trace01035,span01035,,2025-11-21T15:08:37+00:00,recommendation-service,/getUserRecommendations,cache-service,/getProfileCache,4.3,4.7,49
trace01036,span01036,,2025-11-21T15:08:37+00:00,recommendation-service,/getUserRecommendations,db-analytics,/updateRecStats,26.1,26.0,49
trace01037,span01037,,2025-11-21T15:08:38+00:00,recommendation-service,/getUserRecommendations,cache-service,/getProfileCache,4.0,4.2,49
trace01038,span01038,,2025-11-21T15:08:38+00:00,recommendation-service,/getUserRecommendations,db-analytics,/updateRecStats,24.9,25.4,49
trace01039,span01039,,2025-11-21T15:08:39+00:00,recommendation-service,/getUserRecommendations,cache-service,/getProfileCache,4.2,3.9,49
trace01040,span01040,,2025-11-21T15:08:39+00:00,recommendation-service,/getUserRecommendations,db-analytics,/updateRecStats,25.8,25.9,49
trace01041,span01041,,2025-11-21T15:08:40+00:00,recommendation-service,/getUserRecommendations,cache-service,/getProfileCache,4.1,3.8,49
trace01042,span01042,,2025-11-21T15:08:40+00:00,recommendation-service,/getUserRecommendations,db-analytics,/updateRecStats,26.4,26.8,49
trace01043,span01043,,2025-11-21T15:08:41+00:00,recommendation-service,/getUserRecommendations,cache-service,/getProfileCache,4.5,5.0,49
trace01044,span01044,,2025-11-21T15:08:41+00:00,recommendation-service,/getUserRecommendations,db-analytics,/updateRecStats,25.6,25.8,49
trace01045,span01045,,2025-11-21T15:08:42+00:00,recommendation-service,/getUserRecommendations,cache-service,/getProfileCache,4.4,4.5,49
trace01046,span01046,,2025-11-21T15:08:42+00:00,recommendation-service,/getUserRecommendations,db-analytics,/updateRecStats,25.9,25.9,49
trace01047,span01047,,2025-11-21T15:08:43+00:00,recommendation-service,/getUserRecommendations,cache-service,/getProfileCache,4.4,4.1,49
trace01048,span01048,,2025-11-21T15:08:43+00:00,recommendation-service,/getUserRecommendations,db-analytics,/updateRecStats,25.6,25.2,49
trace01049,span01049,,2025-11-21T15:08:44+00:00,recommendation-service,/getUserRecommendations,cache-service,/getProfileCache,4.2,4.3,49
trace01050,span01050,,2025-11-21T15:08:44+00:00,recommendation-service,/getUserRecommendations,db-analytics,/updateRecStats,26.3,26.7,49
trace01051,span01051,,2025-11-21T15:08:45+00:00,recommendation-service,/getUserRecommendations,cache-service,/getProfileCache,4.0,4.1,49
trace01052,span01052,,2025-11-21T15:08:45+00:00,recommendation-service,/getUserRecommendations,db-analytics,/updateRecStats,26.7,26.3,49
trace01053,span01053,,2025-11-21T15:08:46+00:00,recommendation-service,/getUserRecommendations,cache-service,/getProfileCache,4.1,4.4,49
trace01054,span01054,,2025-11-21T15:08:46+00:00,recommendation-service,/getUserRecommendations,db-analytics,/updateRecStats,25.1,25.0,49
trace01055,span01055,,2025-11-21T15:08:47+00:00,recommendation-service,/getUserRecommendations,cache-service,/getProfileCache,3.9,4.0,49
trace01056,span01056,,2025-11-21T15:08:47+00:00,recommendation-service,/getUserRecommendations,db-analytics,/updateRecStats,25.3,24.8,49
trace01057,span01057,,2025-11-21T15:08:48+00:00,recommendation-service,/getUserRecommendations,cache-service,/getProfileCache,3.9,3.6,49
trace01058,span01058,,2025-11-21T15:08:48+00:00,recommendation-service,/getUserRecommendations,db-analytics,/updateRecStats,25.7,25.4,49
trace01059,span01059,,2025-11-21T15:08:49+00:00,recommendation-service,/getUserRecommendations,cache-service,/getProfileCache,4.0,3.6,49
trace01060,span01060,,2025-11-21T15:08:49+00:00,recommendation-service,/getUserRecommendations,db-analytics,/updateRecStats,26.2,26.7,49
trace01061,span01061,,2025-11-21T15:08:50+00:00,recommendation-service,/getUserRecommendations,cache-service,/getProfileCache,4.0,4.5,49
trace01062,span01062,,2025-11-21T15:08:50+00:00,recommendation-service,/getUserRecommendations,db-analytics,/updateRecStats,25.6,25.5,49
trace01063,span01063,,2025-11-21T15:08:51+00:00,recommendation-service,/getUserRecommendations,cache-service,/getProfileCache,4.1,3.6,49
trace01064,span01064,,2025-11-21T15:08:51+00:00,recommendation-service,/getUserRecommendations,db-analytics,/updateRecStats,26.7,26.6,49
trace01065,span01065,,2025-11-21T15:08:52+00:00,recommendation-service,/getUserRecommendations,cache-service,/getProfileCache,4.2,4.5,49
trace01066,span01066,,2025-11-21T15:08:52+00:00,recommendation-service,/getUserRecommendations,db-analytics,/updateRecStats,26.3,26.7,49
trace01067,span01067,,2025-11-21T15:08:53+00:00,recommendation-service,/getUserRecommendations,cache-service,/getProfileCache,4.1,4.6,49
trace01068,span01068,,2025-11-21T15:08:53+00:00,recommendation-service,/getUserRecommendations,db-analytics,/updateRecStats,27.2,27.3,49
trace01069,span01069,,2025-11-21T15:08:54+00:00,recommendation-service,/getUserRecommendations,cache-service,/getProfileCache,4.0,3.9,50
trace01070,span01070,,2025-11-21T15:08:54+00:00,recommendation-service,/getUserRecommendations,db-analytics,/updateRecStats,16.9,16.6,50
trace01071,span01071,,2025-11-21T15:08:55+00:00,recommendation-service,/getUserRecommendations,cache-service,/getProfileCache,4.5,4.9,50
trace01072,span01072,,2025-11-21T15:08:55+00:00,recommendation-service,/getUserRecommendations,db-analytics,/updateRecStats,17.6,17.6,50
trace01073,span01073,,2025-11-21T15:08:56+00:00,recommendation-service,/getUserRecommendations,cache-service,/getProfileCache,4.3,4.5,50
trace01074,span01074,,2025-11-21T15:08:56+00:00,recommendation-service,/getUserRecommendations,db-analytics,/updateRecStats,17.5,17.7,50
trace01075,span01075,,2025-11-21T15:08:57+00:00,recommendation-service,/getUserRecommendations,cache-service,/getProfileCache,4.0,3.7,50
trace01076,span01076,,2025-11-21T15:08:57+00:00,recommendation-service,/getUserRecommendations,db-analytics,/updateRecStats,18.3,18.0,50
trace01077,span01077,,2025-11-21T15:08:58+00:00,recommendation-service,/getUserRecommendations,cache-service,/getProfileCache,4.3,4.1,50
trace01078,span01078,,2025-11-21T15:08:58+00:00,recommendation-service,/getUserRecommendations,db-analytics,/updateRecStats,17.5,17.0,50
trace01079,span01079,,2025-11-21T15:08:59+00:00,recommendation-service,/getUserRecommendations,cache-service,/getProfileCache,3.9,3.8,50
trace01080,span01080,,2025-11-21T15:08:59+00:00,recommendation-service,/getUserRecommendations,db-analytics,/updateRecStats,18.4,18.6,50
trace01081,span01081,,2025-11-21T15:09:00+00:00,recommendation-service,/getUserRecommendations,cache-service,/getProfileCache,4.1,4.0,50
trace01082,span01082,,2025-11-21T15:09:00+00:00,recommendation-service,/getUserRecommendations,db-analytics,/updateRecStats,17.5,17.9,50
trace01083,span01083,,2025-11-21T15:09:01+00:00,recommendation-service,/getUserRecommendations,cache-service,/getProfileCache,3.9,4.2,50
trace01084,span01084,,2025-11-21T15:09:01+00:00,recommendation-service,/getUserRecommendations,db-analytics,/updateRecStats,17.3,17.3,50
trace01085,span01085,,2025-11-21T15:09:02+00:00,recommendation-service,/getUserRecommendations,cache-service,/getProfileCache,4.1,4.0,50
trace01086,span01086,,2025-11-21T15:09:02+00:00,recommendation-service,/getUserRecommendations,db-analytics,/updateRecStats,18.5,18.0,50
trace01087,span01087,,2025-11-21T15:09:03+00:00,recommendation-service,/getUserRecommendations,cache-service,/getProfileCache,3.8,4.1,50
trace01088,span01088,,2025-11-21T15:09:03+00:00,recommendation-service,/getUserRecommendations,db-analytics,/updateRecStats,18.4,17.9,50
trace01089,span01089,,2025-11-21T15:09:04+00:00,recommendation-service,/getUserRecommendations,cache-service,/getProfileCache,4.1,4.0,50
trace01090,span01090,,2025-11-21T15:09:04+00:00,recommendation-service,/getUserRecommendations,db-analytics,/updateRecStats,17.7,17.5,50
trace01091,span01091,,2025-11-21T15:09:05+00:00,recommendation-service,/getUserRecommendations,cache-service,/getProfileCache,4.4,4.3,50
trace01092,span01092,,2025-11-21T15:09:05+00:00,recommendation-service,/getUserRecommendations,db-analytics,/updateRecStats,17.8,17.4,50
trace01093,span01093,,2025-11-21T15:09:06+00:00,recommendation-service,/getUserRecommendations,cache-service,/getProfileCache,4.5,4.5,50
trace01094,span01094,,2025-11-21T15:09:06+00:00,recommendation-service,/getUserRecommendations,db-analytics,/updateRecStats,17.6,18.1,50
trace01095,span01095,,2025-11-21T15:09:07+00:00,recommendation-service,/getUserRecommendations,cache-service,/getProfileCache,4.4,4.7,50
trace01096,span01096,,2025-11-21T15:09:07+00:00,recommendation-service,/getUserRecommendations,db-analytics,/updateRecStats,17.9,17.8,50
trace01097,span01097,,2025-11-21T15:09:08+00:00,recommendation-service,/getUserRecommendations,cache-service,/getProfileCache,4.5,4.5,50
trace01098,span01098,,2025-11-21T15:09:08+00:00,recommendation-service,/getUserRecommendations,db-analytics,/updateRecStats,18.9,19.1,50
trace01099,span01099,,2025-11-21T15:09:09+00:00,recommendation-service,/getUserRecommendations,cache-service,/getProfileCache,4.4,4.1,50
trace01100,span01100,,2025-11-21T15:09:09+00:00,recommendation-service,/getUserRecommendations,db-analytics,/updateRecStats,18.2,18.1,50
trace01101,span01101,,2025-11-21T15:09:10+00:00,recommendation-service,/getUserRecommendations,cache-service,/getProfileCache,4.5,4.3,50
trace01102,span01102,,2025-11-21T15:09:10+00:00,recommendation-service,/getUserRecommendations,db-analytics,/updateRecStats,19.4,19.2,50
trace01103,span01103,,2025-11-21T15:09:11+00:00,recommendation-service,/getUserRecommendations,cache-service,/getProfileCache,4.3,3.8,50
trace01104,span01104,,2025-11-21T15:09:11+00:00,recommendation-service,/getUserRecommendations,db-analytics,/updateRecStats,19.4,19.7,50
trace01105,span01105,,2025-11-21T15:09:12+00:00,recommendation-service,/getUserRecommendations,cache-service,/getProfileCache,4.0,4.1,50
trace01106,span01106,,2025-11-21T15:09:12+00:00,recommendation-service,/getUserRecommendations,db-analytics,/updateRecStats,17.8,17.3,50
trace01107,span01107,,2025-11-21T15:09:13+00:00,recommendation-service,/getUserRecommendations,cache-service,/getProfileCache,4.1,4.5,50
trace01108,span01108,,2025-11-21T15:09:13+00:00,recommendation-service,/getUserRecommendations,db-analytics,/updateRecStats,19.3,19.0,50
trace01109,span01109,,2025-11-21T15:09:14+00:00,recommendation-service,/getUserRecommendations,cache-service,/getProfileCache,4.2,3.8,50
trace01110,span01110,,2025-11-21T15:09:14+00:00,recommendation-service,/getUserRecommendations,db-analytics,/updateRecStats,18.0,18.1,50
trace01111,span01111,,2025-11-21T15:09:15+00:00,recommendation-service,/getUserRecommendations,cache-service,/getProfileCache,4.5,4.2,51
trace01112,span01112,,2025-11-21T15:09:15+00:00,recommendation-service,/getUserRecommendations,db-analytics,/updateRecStats,19.6,19.4,51
trace01113,span01113,,2025-11-21T15:09:16+00:00,recommendation-service,/getUserRecommendations,cache-service,/getProfileCache,4.0,4.0,51
trace01114,span01114,,2025-11-21T15:09:16+00:00,recommendation-service,/getUserRecommendations,db-analytics,/updateRecStats,19.6,19.1,51
trace01115,span01115,,2025-11-21T15:09:17+00:00,recommendation-service,/getUserRecommendations,cache-service,/getProfileCache,4.3,3.9,51
trace01116,span01116,,2025-11-21T15:09:17+00:00,recommendation-service,/getUserRecommendations,db-analytics,/updateRecStats,19.3,19.7,51
trace01117,span01117,,2025-11-21T15:09:18+00:00,recommendation-service,/getUserRecommendations,cache-service,/getProfileCache,4.0,4.1,51
trace01118,span01118,,2025-11-21T15:09:18+00:00,recommendation-service,/getUserRecommendations,db-analytics,/updateRecStats,18.8,18.7,51
trace01119,span01119,,2025-11-21T15:09:19+00:00,recommendation-service,/getUserRecommendations,cache-service,/getProfileCache,4.1,3.6,51
trace01120,span01120,,2025-11-21T15:09:19+00:00,recommendation-service,/getUserRecommendations,db-analytics,/updateRecStats,19.9,20.3,51
trace01121,span01121,,2025-11-21T15:09:20+00:00,recommendation-service,/getUserRecommendations,cache-service,/getProfileCache,4.2,4.3,51
trace01122,span01122,,2025-11-21T15:09:20+00:00,recommendation-service,/getUserRecommendations,db-analytics,/updateRecStats,19.2,18.8,51
trace01123,span01123,,2025-11-21T15:09:21+00:00,recommendation-service,/getUserRecommendations,cache-service,/getProfileCache,4.5,4.3,51
trace01124,span01124,,2025-11-21T15:09:21+00:00,recommendation-service,/getUserRecommendations,db-analytics,/updateRecStats,19.0,19.4,51
trace01125,span01125,,2025-11-21T15:09:22+00:00,recommendation-service,/getUserRecommendations,cache-service,/getProfileCache,4.2,3.7,51
trace01126,span01126,,2025-11-21T15:09:22+00:00,recommendation-service,/getUserRecommendations,db-analytics,/updateRecStats,19.4,18.9,51
trace01127,span01127,,2025-11-21T15:09:23+00:00,recommendation-service,/getUserRecommendations,cache-service,/getProfileCache,4.5,4.0,51
trace01128,span01128,,2025-11-21T15:09:23+00:00,recommendation-service,/getUserRecommendations,db-analytics,/updateRecStats,19.1,19.0,51
trace01129,span01129,,2025-11-21T15:09:24+00:00,recommendation-service,/getUserRecommendations,cache-service,/getProfileCache,4.2,4.0,51
trace01130,span01130,,2025-11-21T15:09:24+00:00,recommendation-service,/getUserRecommendations,db-analytics,/updateRecStats,18.8,18.3,51
trace01131,span01131,,2025-11-21T15:09:25+00:00,recommendation-service,/getUserRecommendations,cache-service,/getProfileCache,4.2,4.6,51
trace01132,span01132,,2025-11-21T15:09:25+00:00,recommendation-service,/getUserRecommendations,db-analytics,/updateRecStats,19.9,20.0,51
trace01133,span01133,,2025-11-21T15:09:26+00:00,recommendation-service,/getUserRecommendations,cache-service,/getProfileCache,4.1,4.5,51
trace01134,span01134,,2025-11-21T15:09:26+00:00,recommendation-service,/getUserRecommendations,db-analytics,/updateRecStats,20.0,20.4,51
trace01135,span01135,,2025-11-21T15:09:27+00:00,recommendation-service,/getUserRecommendations,cache-service,/getProfileCache,3.9,4.1,51
trace01136,span01136,,2025-11-21T15:09:27+00:00,recommendation-service,/getUserRecommendations,db-analytics,/updateRecStats,19.1,19.4,51
trace01137,span01137,,2025-11-21T15:09:28+00:00,recommendation-service,/getUserRecommendations,cache-service,/getProfileCache,4.0,4.0,51
trace01138,span01138,,2025-11-21T15:09:28+00:00,recommendation-service,/getUserRecommendations,db-analytics,/updateRecStats,20.3,20.8,51
trace01139,span01139,,2025-11-21T15:09:29+00:00,recommendation-service,/getUserRecommendations,cache-service,/getProfileCache,3.9,3.6,51
trace01140,span01140,,2025-11-21T15:09:29+00:00,recommendation-service,/getUserRecommendations,db-analytics,/updateRecStats,18.9,18.8,51
trace01141,span01141,,2025-11-21T15:09:30+00:00,recommendation-service,/getUserRecommendations,cache-service,/getProfileCache,4.4,4.2,51
trace01142,span01142,,2025-11-21T15:09:30+00:00,recommendation-service,/getUserRecommendations,db-analytics,/updateRecStats,20.1,20.1,51
trace01143,span01143,,2025-11-21T15:09:31+00:00,recommendation-service,/getUserRecommendations,cache-service,/getProfileCache,3.9,3.6,51
trace01144,span01144,,2025-11-21T15:09:31+00:00,recommendation-service,/getUserRecommendations,db-analytics,/updateRecStats,20.6,21.0,51
trace01145,span01145,,2025-11-21T15:09:32+00:00,recommendation-service,/getUserRecommendations,cache-service,/getProfileCache,4.4,4.4,51
trace01146,span01146,,2025-11-21T15:09:32+00:00,recommendation-service,/getUserRecommendations,db-analytics,/updateRecStats,19.7,20.2,51
trace01147,span01147,,2025-11-21T15:09:33+00:00,recommendation-service,/getUserRecommendations,cache-service,/getProfileCache,4.2,4.6,51
trace01148,span01148,,2025-11-21T15:09:33+00:00,recommendation-service,/getUserRecommendations,db-analytics,/updateRecStats,20.7,20.7,51
trace01149,span01149,,2025-11-21T15:09:34+00:00,recommendation-service,/getUserRecommendations,cache-service,/getProfileCache,4.2,4.6,52
trace01150,span01150,,2025-11-21T15:09:34+00:00,recommendation-service,/getUserRecommendations,db-analytics,/updateRecStats,20.1,20.5,52
trace01151,span01151,,2025-11-21T15:09:35+00:00,recommendation-service,/getUserRecommendations,cache-service,/getProfileCache,4.2,4.6,52
trace01152,span01152,,2025-11-21T15:09:35+00:00,recommendation-service,/getUserRecommendations,db-analytics,/updateRecStats,21.0,20.9,52
trace01153,span01153,,2025-11-21T15:09:36+00:00,recommendation-service,/getUserRecommendations,cache-service,/getProfileCache,4.0,4.3,52
trace01154,span01154,,2025-11-21T15:09:36+00:00,recommendation-service,/getUserRecommendations,db-analytics,/updateRecStats,19.7,20.1,52
trace01155,span01155,,2025-11-21T15:09:37+00:00,recommendation-service,/getUserRecommendations,cache-service,/getProfileCache,4.1,3.9,52
trace01156,span01156,,2025-11-21T15:09:37+00:00,recommendation-service,/getUserRecommendations,db-analytics,/updateRecStats,20.7,21.0,52
trace01157,span01157,,2025-11-21T15:09:38+00:00,recommendation-service,/getUserRecommendations,cache-service,/getProfileCache,4.1,4.3,52
trace01158,span01158,,2025-11-21T15:09:38+00:00,recommendation-service,/getUserRecommendations,db-analytics,/updateRecStats,21.6,21.8,52
trace01159,span01159,,2025-11-21T15:09:39+00:00,recommendation-service,/getUserRecommendations,cache-service,/getProfileCache,4.1,3.9,52
trace01160,span01160,,2025-11-21T15:09:39+00:00,recommendation-service,/getUserRecommendations,db-analytics,/updateRecStats,19.8,19.3,52
trace01161,span01161,,2025-11-21T15:09:40+00:00,recommendation-service,/getUserRecommendations,cache-service,/getProfileCache,4.4,4.2,52
trace01162,span01162,,2025-11-21T15:09:40+00:00,recommendation-service,/getUserRecommendations,db-analytics,/updateRecStats,21.6,22.0,52
trace01163,span01163,,2025-11-21T15:09:41+00:00,recommendation-service,/getUserRecommendations,cache-service,/getProfileCache,4.0,4.1,52
trace01164,span01164,,2025-11-21T15:09:41+00:00,recommendation-service,/getUserRecommendations,db-analytics,/updateRecStats,20.6,20.4,52
trace01165,span01165,,2025-11-21T15:09:42+00:00,recommendation-service,/getUserRecommendations,cache-service,/getProfileCache,4.3,4.4,52
trace01166,span01166,,2025-11-21T15:09:42+00:00,recommendation-service,/getUserRecommendations,db-analytics,/updateRecStats,20.6,20.1,52
trace01167,span01167,,2025-11-21T15:09:43+00:00,recommendation-service,/getUserRecommendations,cache-service,/getProfileCache,3.8,3.9,52
trace01168,span01168,,2025-11-21T15:09:43+00:00,recommendation-service,/getUserRecommendations,db-analytics,/updateRecStats,20.3,20.4,52
trace01169,span01169,,2025-11-21T15:09:44+00:00,recommendation-service,/getUserRecommendations,cache-service,/getProfileCache,4.3,4.5,52
trace01170,span01170,,2025-11-21T15:09:44+00:00,recommendation-service,/getUserRecommendations,db-analytics,/updateRecStats,20.1,19.9,52
trace01171,span01171,,2025-11-21T15:09:45+00:00,recommendation-service,/getUserRecommendations,cache-service,/getProfileCache,4.2,4.3,52
trace01172,span01172,,2025-11-21T15:09:45+00:00,recommendation-service,/getUserRecommendations,db-analytics,/updateRecStats,20.9,20.5,52
trace01173,span01173,,2025-11-21T15:09:46+00:00,recommendation-service,/getUserRecommendations,cache-service,/getProfileCache,4.1,4.4,52
trace01174,span01174,,2025-11-21T15:09:46+00:00,recommendation-service,/getUserRecommendations,db-analytics,/updateRecStats,21.3,21.1,52
trace01175,span01175,,2025-11-21T15:09:47+00:00,recommendation-service,/getUserRecommendations,cache-service,/getProfileCache,4.5,4.1,52
trace01176,span01176,,2025-11-21T15:09:47+00:00,recommendation-service,/getUserRecommendations,db-analytics,/updateRecStats,21.4,21.8,52
trace01177,span01177,,2025-11-21T15:09:48+00:00,recommendation-service,/getUserRecommendations,cache-service,/getProfileCache,3.9,3.9,52
trace01178,span01178,,2025-11-21T15:09:48+00:00,recommendation-service,/getUserRecommendations,db-analytics,/updateRecStats,20.4,20.6,52
trace01179,span01179,,2025-11-21T15:09:49+00:00,recommendation-service,/getUserRecommendations,cache-service,/getProfileCache,3.9,3.9,52
trace01180,span01180,,2025-11-21T15:09:49+00:00,recommendation-service,/getUserRecommendations,db-analytics,/updateRecStats,22.3,22.6,52
trace01181,span01181,,2025-11-21T15:09:50+00:00,recommendation-service,/getUserRecommendations,cache-service,/getProfileCache,4.2,4.5,52
trace01182,span01182,,2025-11-21T15:09:50+00:00,recommendation-service,/getUserRecommendations,db-analytics,/updateRecStats,21.4,21.8,52
trace01183,span01183,,2025-11-21T15:09:51+00:00,recommendation-service,/getUserRecommendations,cache-service,/getProfileCache,4.3,4.1,52
trace01184,span01184,,2025-11-21T15:09:51+00:00,recommendation-service,/getUserRecommendations,db-analytics,/updateRecStats,21.6,21.1,52
trace01185,span01185,,2025-11-21T15:09:52+00:00,recommendation-service,/getUserRecommendations,cache-service,/getProfileCache,4.1,4.0,52
trace01186,span01186,,2025-11-21T15:09:52+00:00,recommendation-service,/getUserRecommendations,db-analytics,/updateRecStats,20.9,21.4,52
trace01187,span01187,,2025-11-21T15:09:53+00:00,recommendation-service,/getUserRecommendations,cache-service,/getProfileCache,4.2,3.8,52
trace01188,span01188,,2025-11-21T15:09:53+00:00,recommendation-service,/getUserRecommendations,db-analytics,/updateRecStats,21.6,21.9,52
trace01189,span01189,,2025-11-21T15:09:54+00:00,recommendation-service,/getUserRecommendations,cache-service,/getProfileCache,4.3,4.1,53
trace01190,span01190,,2025-11-21T15:09:54+00:00,recommendation-service,/getUserRecommendations,db-analytics,/updateRecStats,20.9,20.6,53
trace01191,span01191,,2025-11-21T15:09:55+00:00,recommendation-service,/getUserRecommendations,cache-service,/getProfileCache,4.1,4.2,53
trace01192,span01192,,2025-11-21T15:09:55+00:00,recommendation-service,/getUserRecommendations,db-analytics,/updateRecStats,21.8,22.2,53
trace01193,span01193,,2025-11-21T15:09:56+00:00,recommendation-service,/getUserRecommendations,cache-service,/getProfileCache,3.8,4.1,53
trace01194,span01194,,2025-11-21T15:09:56+00:00,recommendation-service,/getUserRecommendations,db-analytics,/updateRecStats,22.2,21.8,53
trace01195,span01195,,2025-11-21T15:09:57+00:00,recommendation-service,/getUserRecommendations,cache-service,/getProfileCache,4.3,4.6,53
trace01196,span01196,,2025-11-21T15:09:57+00:00,recommendation-service,/getUserRecommendations,db-analytics,/updateRecStats,22.5,22.3,53
trace01197,span01197,,2025-11-21T15:09:58+00:00,recommendation-service,/getUserRecommendations,cache-service,/getProfileCache,4.5,4.8,53
trace01198,span01198,,2025-11-21T15:09:58+00:00,recommendation-service,/getUserRecommendations,db-analytics,/updateRecStats,22.7,22.8,53
trace01199,span01199,,2025-11-21T15:09:59+00:00,recommendation-service,/getUserRecommendations,cache-service,/getProfileCache,4.3,4.2,53
trace01200,span01200,,2025-11-21T15:09:59+00:00,recommendation-service,/getUserRecommendations,db-analytics,/updateRecStats,21.9,22.1,53
trace01201,span01201,,2025-11-21T15:10:00+00:00,recommendation-service,/getUserRecommendations,cache-service,/getProfileCache,4.1,3.7,53
trace01202,span01202,,2025-11-21T15:10:00+00:00,recommendation-service,/getUserRecommendations,db-analytics,/updateRecStats,22.3,22.3,53
trace01203,span01203,,2025-11-21T15:10:01+00:00,recommendation-service,/getUserRecommendations,cache-service,/getProfileCache,4.0,4.1,53
trace01204,span01204,,2025-11-21T15:10:01+00:00,recommendation-service,/getUserRecommendations,db-analytics,/updateRecStats,22.9,22.5,53
trace01205,span01205,,2025-11-21T15:10:02+00:00,recommendation-service,/getUserRecommendations,cache-service,/getProfileCache,3.8,4.0,53
trace01206,span01206,,2025-11-21T15:10:02+00:00,recommendation-service,/getUserRecommendations,db-analytics,/updateRecStats,23.3,23.6,53
trace01207,span01207,,2025-11-21T15:10:03+00:00,recommendation-service,/getUserRecommendations,cache-service,/getProfileCache,4.5,4.6,53
trace01208,span01208,,2025-11-21T15:10:03+00:00,recommendation-service,/getUserRecommendations,db-analytics,/updateRecStats,21.7,21.5,53
trace01209,span01209,,2025-11-21T15:10:04+00:00,recommendation-service,/getUserRecommendations,cache-service,/getProfileCache,4.3,4.1,53
trace01210,span01210,,2025-11-21T15:10:04+00:00,recommendation-service,/getUserRecommendations,db-analytics,/updateRecStats,22.2,22.0,53
trace01211,span01211,,2025-11-21T15:10:05+00:00,recommendation-service,/getUserRecommendations,cache-service,/getProfileCache,4.3,4.8,54
trace01212,span01212,,2025-11-21T15:10:05+00:00,recommendation-service,/getUserRecommendations,db-analytics,/updateRecStats,22.6,22.6,54
trace01213,span01213,,2025-11-21T15:10:06+00:00,recommendation-service,/getUserRecommendations,cache-service,/getProfileCache,3.9,4.1,54
trace01214,span01214,,2025-11-21T15:10:06+00:00,recommendation-service,/getUserRecommendations,db-analytics,/updateRecStats,23.4,23.8,54
trace01215,span01215,,2025-11-21T15:10:07+00:00,recommendation-service,/getUserRecommendations,cache-service,/getProfileCache,4.4,4.4,54
trace01216,span01216,,2025-11-21T15:10:07+00:00,recommendation-service,/getUserRecommendations,db-analytics,/updateRecStats,22.1,21.6,54
trace01217,span01217,,2025-11-21T15:10:08+00:00,recommendation-service,/getUserRecommendations,cache-service,/getProfileCache,4.3,4.8,54
trace01218,span01218,,2025-11-21T15:10:08+00:00,recommendation-service,/getUserRecommendations,db-analytics,/updateRecStats,23.2,23.6,54
trace01219,span01219,,2025-11-21T15:10:09+00:00,recommendation-service,/getUserRecommendations,cache-service,/getProfileCache,4.6,5.0,54
trace01220,span01220,,2025-11-21T15:10:09+00:00,recommendation-service,/getUserRecommendations,db-analytics,/updateRecStats,23.8,23.5,54
trace01221,span01221,,2025-11-21T15:10:10+00:00,recommendation-service,/getUserRecommendations,cache-service,/getProfileCache,3.9,3.8,54
trace01222,span01222,,2025-11-21T15:10:10+00:00,recommendation-service,/getUserRecommendations,db-analytics,/updateRecStats,22.2,22.6,54
trace01223,span01223,,2025-11-21T15:10:11+00:00,recommendation-service,/getUserRecommendations,cache-service,/getProfileCache,4.3,4.2,54
trace01224,span01224,,2025-11-21T15:10:11+00:00,recommendation-service,/getUserRecommendations,db-analytics,/updateRecStats,23.9,24.3,54
trace01225,span01225,,2025-11-21T15:10:12+00:00,recommendation-service,/getUserRecommendations,cache-service,/getProfileCache,3.8,4.2,54
trace01226,span01226,,2025-11-21T15:10:12+00:00,recommendation-service,/getUserRecommendations,db-analytics,/updateRecStats,24.0,24.5,54
trace01227,span01227,,2025-11-21T15:10:13+00:00,recommendation-service,/getUserRecommendations,cache-service,/getProfileCache,4.1,3.7,54
trace01228,span01228,,2025-11-21T15:10:13+00:00,recommendation-service,/getUserRecommendations,db-analytics,/updateRecStats,23.7,23.8,54
trace01229,span01229,,2025-11-21T15:10:14+00:00,recommendation-service,/getUserRecommendations,cache-service,/getProfileCache,4.5,4.2,54
trace01230,span01230,,2025-11-21T15:10:14+00:00,recommendation-service,/getUserRecommendations,db-analytics,/updateRecStats,24.3,24.1,54
trace01231,span01231,,2025-11-21T15:10:15+00:00,recommendation-service,/getUserRecommendations,cache-service,/getProfileCache,4.1,3.7,54
trace01232,span01232,,2025-11-21T15:10:15+00:00,recommendation-service,/getUserRecommendations,db-analytics,/updateRecStats,23.0,22.9,54
trace01233,span01233,,2025-11-21T15:10:16+00:00,recommendation-service,/getUserRecommendations,cache-service,/getProfileCache,4.4,4.7,54
trace01234,span01234,,2025-11-21T15:10:16+00:00,recommendation-service,/getUserRecommendations,db-analytics,/updateRecStats,22.9,23.3,54
trace01235,span01235,,2025-11-21T15:10:17+00:00,recommendation-service,/getUserRecommendations,cache-service,/getProfileCache,4.3,4.0,54
trace01236,span01236,,2025-11-21T15:10:17+00:00,recommendation-service,/getUserRecommendations,db-analytics,/updateRecStats,22.8,22.3,54
trace01237,span01237,,2025-11-21T15:10:18+00:00,recommendation-service,/getUserRecommendations,cache-service,/getProfileCache,4.5,4.3,54
trace01238,span01238,,2025-11-21T15:10:18+00:00,recommendation-service,/getUserRecommendations,db-analytics,/updateRecStats,24.7,24.4,54
trace01239,span01239,,2025-11-21T15:10:19+00:00,recommendation-service,/getUserRecommendations,cache-service,/getProfileCache,4.1,4.3,54
trace01240,span01240,,2025-11-21T15:10:19+00:00,recommendation-service,/getUserRecommendations,db-analytics,/updateRecStats,23.1,23.5,54
trace01241,span01241,,2025-11-21T15:10:20+00:00,recommendation-service,/getUserRecommendations,cache-service,/getProfileCache,4.5,4.2,54
trace01242,span01242,,2025-11-21T15:10:20+00:00,recommendation-service,/getUserRecommendations,db-analytics,/updateRecStats,23.5,23.5,54
trace01243,span01243,,2025-11-21T15:10:21+00:00,recommendation-service,/getUserRecommendations,cache-service,/getProfileCache,4.5,4.3,54
trace01244,span01244,,2025-11-21T15:10:21+00:00,recommendation-service,/getUserRecommendations,db-analytics,/updateRecStats,24.4,24.3,54
trace01245,span01245,,2025-11-21T15:10:22+00:00,recommendation-service,/getUserRecommendations,cache-service,/getProfileCache,4.1,3.9,54
trace01246,span01246,,2025-11-21T15:10:22+00:00,recommendation-service,/getUserRecommendations,db-analytics,/updateRecStats,24.2,24.6,54
trace01247,span01247,,2025-11-21T15:10:23+00:00,recommendation-service,/getUserRecommendations,cache-service,/getProfileCache,4.0,4.4,55
trace01248,span01248,,2025-11-21T15:10:23+00:00,recommendation-service,/getUserRecommendations,db-analytics,/updateRecStats,23.3,23.2,55
trace01249,span01249,,2025-11-21T15:10:24+00:00,recommendation-service,/getUserRecommendations,cache-service,/getProfileCache,4.1,4.1,55
trace01250,span01250,,2025-11-21T15:10:24+00:00,recommendation-service,/getUserRecommendations,db-analytics,/updateRecStats,25.0,24.6,55
trace01251,span01251,,2025-11-21T15:10:25+00:00,recommendation-service,/getUserRecommendations,cache-service,/getProfileCache,4.2,4.3,55
trace01252,span01252,,2025-11-21T15:10:25+00:00,recommendation-service,/getUserRecommendations,db-analytics,/updateRecStats,25.0,25.4,55
trace01253,span01253,,2025-11-21T15:10:26+00:00,recommendation-service,/getUserRecommendations,cache-service,/getProfileCache,4.3,4.8,55
trace01254,span01254,,2025-11-21T15:10:26+00:00,recommendation-service,/getUserRecommendations,db-analytics,/updateRecStats,24.6,24.1,55
trace01255,span01255,,2025-11-21T15:10:27+00:00,recommendation-service,/getUserRecommendations,cache-service,/getProfileCache,4.1,4.5,55
trace01256,span01256,,2025-11-21T15:10:27+00:00,recommendation-service,/getUserRecommendations,db-analytics,/updateRecStats,24.6,24.8,55
trace01257,span01257,,2025-11-21T15:10:28+00:00,recommendation-service,/getUserRecommendations,cache-service,/getProfileCache,3.8,3.4,55
trace01258,span01258,,2025-11-21T15:10:28+00:00,recommendation-service,/getUserRecommendations,db-analytics,/updateRecStats,24.4,24.6,55
trace01259,span01259,,2025-11-21T15:10:29+00:00,recommendation-service,/getUserRecommendations,cache-service,/getProfileCache,4.2,4.3,55
trace01260,span01260,,2025-11-21T15:10:29+00:00,recommendation-service,/getUserRecommendations,db-analytics,/updateRecStats,24.4,24.8,55
trace01261,span01261,,2025-11-21T15:10:30+00:00,recommendation-service,/getUserRecommendations,cache-service,/getProfileCache,4.3,4.3,55
trace01262,span01262,,2025-11-21T15:10:30+00:00,recommendation-service,/getUserRecommendations,db-analytics,/updateRecStats,23.4,23.8,55
trace01263,span01263,,2025-11-21T15:10:31+00:00,recommendation-service,/getUserRecommendations,cache-service,/getProfileCache,4.2,4.1,55
trace01264,span01264,,2025-11-21T15:10:31+00:00,recommendation-service,/getUserRecommendations,db-analytics,/updateRecStats,24.5,24.3,55
trace01265,span01265,,2025-11-21T15:10:32+00:00,recommendation-service,/getUserRecommendations,cache-service,/getProfileCache,4.6,4.9,55
trace01266,span01266,,2025-11-21T15:10:32+00:00,recommendation-service,/getUserRecommendations,db-analytics,/updateRecStats,24.0,23.8,55
trace01267,span01267,,2025-11-21T15:10:33+00:00,recommendation-service,/getUserRecommendations,cache-service,/getProfileCache,4.3,3.9,55
trace01268,span01268,,2025-11-21T15:10:33+00:00,recommendation-service,/getUserRecommendations,db-analytics,/updateRecStats,25.3,25.7,55
trace01269,span01269,,2025-11-21T15:10:34+00:00,recommendation-service,/getUserRecommendations,cache-service,/getProfileCache,4.4,4.3,55
trace01270,span01270,,2025-11-21T15:10:34+00:00,recommendation-service,/getUserRecommendations,db-analytics,/updateRecStats,23.9,23.6,55
trace01271,span01271,,2025-11-21T15:10:35+00:00,recommendation-service,/getUserRecommendations,cache-service,/getProfileCache,4.2,4.0,55
trace01272,span01272,,2025-11-21T15:10:35+00:00,recommendation-service,/getUserRecommendations,db-analytics,/updateRecStats,24.7,25.2,55
trace01273,span01273,,2025-11-21T15:10:36+00:00,recommendation-service,/getUserRecommendations,cache-service,/getProfileCache,3.9,4.4,55
trace01274,span01274,,2025-11-21T15:10:36+00:00,recommendation-service,/getUserRecommendations,db-analytics,/updateRecStats,24.8,24.8,55
trace01275,span01275,,2025-11-21T15:10:37+00:00,recommendation-service,/getUserRecommendations,cache-service,/getProfileCache,4.3,4.2,55
trace01276,span01276,,2025-11-21T15:10:37+00:00,recommendation-service,/getUserRecommendations,db-analytics,/updateRecStats,24.7,24.8,55
trace01277,span01277,,2025-11-21T15:10:38+00:00,recommendation-service,/getUserRecommendations,cache-service,/getProfileCache,4.5,4.8,55
trace01278,span01278,,2025-11-21T15:10:38+00:00,recommendation-service,/getUserRecommendations,db-analytics,/updateRecStats,24.9,25.4,55
trace01279,span01279,,2025-11-21T15:10:39+00:00,recommendation-service,/getUserRecommendations,cache-service,/getProfileCache,4.2,4.6,55
trace01280,span01280,,2025-11-21T15:10:39+00:00,recommendation-service,/getUserRecommendations,db-analytics,/updateRecStats,25.8,26.0,55
trace01281,span01281,,2025-11-21T15:10:40+00:00,recommendation-service,/getUserRecommendations,cache-service,/getProfileCache,4.4,4.8,55
trace01282,span01282,,2025-11-21T15:10:40+00:00,recommendation-service,/getUserRecommendations,db-analytics,/updateRecStats,24.8,25.0,55
trace01283,span01283,,2025-11-21T15:10:41+00:00,recommendation-service,/getUserRecommendations,cache-service,/getProfileCache,4.5,4.6,56
trace01284,span01284,,2025-11-21T15:10:41+00:00,recommendation-service,/getUserRecommendations,db-analytics,/updateRecStats,24.5,24.8,56
trace01285,span01285,,2025-11-21T15:10:42+00:00,recommendation-service,/getUserRecommendations,cache-service,/getProfileCache,4.0,4.5,56
trace01286,span01286,,2025-11-21T15:10:42+00:00,recommendation-service,/getUserRecommendations,db-analytics,/updateRecStats,24.6,24.9,56
trace01287,span01287,,2025-11-21T15:10:43+00:00,recommendation-service,/getUserRecommendations,cache-service,/getProfileCache,4.4,4.6,56
trace01288,span01288,,2025-11-21T15:10:43+00:00,recommendation-service,/getUserRecommendations,db-analytics,/updateRecStats,26.2,26.6,56
trace01289,span01289,,2025-11-21T15:10:44+00:00,recommendation-service,/getUserRecommendations,cache-service,/getProfileCache,4.6,4.9,56
trace01290,span01290,,2025-11-21T15:10:44+00:00,recommendation-service,/getUserRecommendations,db-analytics,/updateRecStats,25.6,26.0,56
trace01291,span01291,,2025-11-21T15:10:45+00:00,recommendation-service,/getUserRecommendations,cache-service,/getProfileCache,4.6,4.7,56
trace01292,span01292,,2025-11-21T15:10:45+00:00,recommendation-service,/getUserRecommendations,db-analytics,/updateRecStats,25.0,25.1,56
trace01293,span01293,,2025-11-21T15:10:46+00:00,recommendation-service,/getUserRecommendations,cache-service,/getProfileCache,4.2,3.7,56
trace01294,span01294,,2025-11-21T15:10:46+00:00,recommendation-service,/getUserRecommendations,db-analytics,/updateRecStats,25.3,25.4,56
trace01295,span01295,,2025-11-21T15:10:47+00:00,recommendation-service,/getUserRecommendations,cache-service,/getProfileCache,4.4,4.8,56
trace01296,span01296,,2025-11-21T15:10:47+00:00,recommendation-service,/getUserRecommendations,db-analytics,/updateRecStats,26.7,26.7,56
trace01297,span01297,,2025-11-21T15:10:48+00:00,recommendation-service,/getUserRecommendations,cache-service,/getProfileCache,4.6,4.6,56
trace01298,span01298,,2025-11-21T15:10:48+00:00,recommendation-service,/getUserRecommendations,db-analytics,/updateRecStats,26.5,26.2,56
trace01299,span01299,,2025-11-21T15:10:49+00:00,recommendation-service,/getUserRecommendations,cache-service,/getProfileCache,4.3,4.3,56
trace01300,span01300,,2025-11-21T15:10:49+00:00,recommendation-service,/getUserRecommendations,db-analytics,/updateRecStats,26.2,26.7,56
trace01301,span01301,,2025-11-21T15:10:50+00:00,recommendation-service,/getUserRecommendations,cache-service,/getProfileCache,4.6,5.0,56
trace01302,span01302,,2025-11-21T15:10:50+00:00,recommendation-service,/getUserRecommendations,db-analytics,/updateRecStats,26.6,26.8,56
trace01303,span01303,,2025-11-21T15:10:51+00:00,recommendation-service,/getUserRecommendations,cache-service,/getProfileCache,4.5,4.6,56
trace01304,span01304,,2025-11-21T15:10:51+00:00,recommendation-service,/getUserRecommendations,db-analytics,/updateRecStats,26.8,26.4,56
trace01305,span01305,,2025-11-21T15:10:52+00:00,recommendation-service,/getUserRecommendations,cache-service,/getProfileCache,4.1,4.4,56
trace01306,span01306,,2025-11-21T15:10:52+00:00,recommendation-service,/getUserRecommendations,db-analytics,/updateRecStats,26.6,26.4,56
trace01307,span01307,,2025-11-21T15:10:53+00:00,recommendation-service,/getUserRecommendations,cache-service,/getProfileCache,4.3,4.6,56
trace01308,span01308,,2025-11-21T15:10:53+00:00,recommendation-service,/getUserRecommendations,db-analytics,/updateRecStats,25.8,26.2,56
trace01309,span01309,,2025-11-21T15:10:54+00:00,recommendation-service,/getUserRecommendations,cache-service,/getProfileCache,3.9,3.6,56
trace01310,span01310,,2025-11-21T15:10:54+00:00,recommendation-service,/getUserRecommendations,db-analytics,/updateRecStats,26.2,25.8,56
trace01311,span01311,,2025-11-21T15:10:55+00:00,recommendation-service,/getUserRecommendations,cache-service,/getProfileCache,4.4,4.0,56
trace01312,span01312,,2025-11-21T15:10:55+00:00,recommendation-service,/getUserRecommendations,db-analytics,/updateRecStats,26.4,26.0,56
trace01313,span01313,,2025-11-21T15:10:56+00:00,recommendation-service,/getUserRecommendations,cache-service,/getProfileCache,3.9,3.6,56
trace01314,span01314,,2025-11-21T15:10:56+00:00,recommendation-service,/getUserRecommendations,db-analytics,/updateRecStats,26.3,26.4,56
trace01315,span01315,,2025-11-21T15:10:57+00:00,recommendation-service,/getUserRecommendations,cache-service,/getProfileCache,3.9,4.1,56
trace01316,span01316,,2025-11-21T15:10:57+00:00,recommendation-service,/getUserRecommendations,db-analytics,/updateRecStats,27.0,27.4,56
trace01317,span01317,,2025-11-21T15:10:58+00:00,recommendation-service,/getUserRecommendations,cache-service,/getProfileCache,4.4,4.4,56
trace01318,span01318,,2025-11-21T15:10:58+00:00,recommendation-service,/getUserRecommendations,db-analytics,/updateRecStats,25.9,25.6,56
trace01319,span01319,,2025-11-21T15:10:59+00:00,recommendation-service,/getUserRecommendations,cache-service,/getProfileCache,4.0,3.7,56
trace01320,span01320,,2025-11-21T15:10:59+00:00,recommendation-service,/getUserRecommendations,db-analytics,/updateRecStats,25.7,25.9,56
trace01321,span01321,,2025-11-21T15:11:00+00:00,recommendation-service,/getUserRecommendations,cache-service,/getProfileCache,3.9,3.7,56
trace01322,span01322,,2025-11-21T15:11:00+00:00,recommendation-service,/getUserRecommendations,db-analytics,/updateRecStats,26.3,26.8,56
trace01323,span01323,,2025-11-21T15:11:01+00:00,recommendation-service,/getUserRecommendations,cache-service,/getProfileCache,4.1,3.8,56
trace01324,span01324,,2025-11-21T15:11:01+00:00,recommendation-service,/getUserRecommendations,db-analytics,/updateRecStats,26.8,27.1,56
trace01325,span01325,,2025-11-21T15:11:02+00:00,recommendation-service,/getUserRecommendations,cache-service,/getProfileCache,4.0,4.4,56
trace01326,span01326,,2025-11-21T15:11:02+00:00,recommendation-service,/getUserRecommendations,db-analytics,/updateRecStats,26.3,26.3,56
trace01327,span01327,,2025-11-21T15:11:03+00:00,recommendation-service,/getUserRecommendations,cache-service,/getProfileCache,4.5,5.0,56
trace01328,span01328,,2025-11-21T15:11:03+00:00,recommendation-service,/getUserRecommendations,db-analytics,/updateRecStats,25.9,25.9,56
trace01329,span01329,,2025-11-21T15:11:04+00:00,recommendation-service,/getUserRecommendations,cache-service,/getProfileCache,3.9,4.1,56
trace01330,span01330,,2025-11-21T15:11:04+00:00,recommendation-service,/getUserRecommendations,db-analytics,/updateRecStats,25.9,25.7,56
trace01331,span01331,,2025-11-21T15:11:05+00:00,recommendation-service,/getUserRecommendations,cache-service,/getProfileCache,4.1,3.6,56
trace01332,span01332,,2025-11-21T15:11:05+00:00,recommendation-service,/getUserRecommendations,db-analytics,/updateRecStats,27.3,27.0,56
trace01333,span01333,,2025-11-21T15:11:06+00:00,recommendation-service,/getUserRecommendations,cache-service,/getProfileCache,4.2,3.7,56
trace01334,span01334,,2025-11-21T15:11:06+00:00,recommendation-service,/getUserRecommendations,db-analytics,/updateRecStats,27.4,27.3,56
trace01335,span01335,,2025-11-21T15:11:07+00:00,recommendation-service,/getUserRecommendations,cache-service,/getProfileCache,4.2,4.0,57
trace01336,span01336,,2025-11-21T15:11:07+00:00,recommendation-service,/getUserRecommendations,db-analytics,/updateRecStats,26.3,26.8,57
trace01337,span01337,,2025-11-21T15:11:08+00:00,recommendation-service,/getUserRecommendations,cache-service,/getProfileCache,4.1,4.1,57
trace01338,span01338,,2025-11-21T15:11:08+00:00,recommendation-service,/getUserRecommendations,db-analytics,/updateRecStats,26.4,26.5,57
trace01339,span01339,,2025-11-21T15:11:09+00:00,recommendation-service,/getUserRecommendations,cache-service,/getProfileCache,4.4,4.3,57
trace01340,span01340,,2025-11-21T15:11:09+00:00,recommendation-service,/getUserRecommendations,db-analytics,/updateRecStats,27.3,27.0,57
trace01341,span01341,,2025-11-21T15:11:10+00:00,recommendation-service,/getUserRecommendations,cache-service,/getProfileCache,4.3,4.2,57
trace01342,span01342,,2025-11-21T15:11:10+00:00,recommendation-service,/getUserRecommendations,db-analytics,/updateRecStats,27.5,27.8,57
trace01343,span01343,,2025-11-21T15:11:11+00:00,recommendation-service,/getUserRecommendations,cache-service,/getProfileCache,4.1,3.7,57
trace01344,span01344,,2025-11-21T15:11:11+00:00,recommendation-service,/getUserRecommendations,db-analytics,/updateRecStats,26.4,26.4,57
trace01345,span01345,,2025-11-21T15:11:12+00:00,recommendation-service,/getUserRecommendations,cache-service,/getProfileCache,4.1,3.7,57
trace01346,span01346,,2025-11-21T15:11:12+00:00,recommendation-service,/getUserRecommendations,db-analytics,/updateRecStats,27.5,27.5,57
trace01347,span01347,,2025-11-21T15:11:13+00:00,recommendation-service,/getUserRecommendations,cache-service,/getProfileCache,4.4,4.0,57
trace01348,span01348,,2025-11-21T15:11:13+00:00,recommendation-service,/getUserRecommendations,db-analytics,/updateRecStats,26.8,26.6,57
trace01349,span01349,,2025-11-21T15:11:14+00:00,recommendation-service,/getUserRecommendations,cache-service,/getProfileCache,4.3,4.0,57
trace01350,span01350,,2025-11-21T15:11:14+00:00,recommendation-service,/getUserRecommendations,db-analytics,/updateRecStats,27.7,27.4,57
trace01351,span01351,,2025-11-21T15:11:15+00:00,recommendation-service,/getUserRecommendations,cache-service,/getProfileCache,4.4,4.0,57
trace01352,span01352,,2025-11-21T15:11:15+00:00,recommendation-service,/getUserRecommendations,db-analytics,/updateRecStats,27.4,27.8,57
trace01353,span01353,,2025-11-21T15:11:16+00:00,recommendation-service,/getUserRecommendations,cache-service,/getProfileCache,4.2,4.2,57
trace01354,span01354,,2025-11-21T15:11:16+00:00,recommendation-service,/getUserRecommendations,db-analytics,/updateRecStats,28.0,28.0,57
trace01355,span01355,,2025-11-21T15:11:17+00:00,recommendation-service,/getUserRecommendations,cache-service,/getProfileCache,4.2,4.1,57
trace01356,span01356,,2025-11-21T15:11:17+00:00,recommendation-service,/getUserRecommendations,db-analytics,/updateRecStats,27.2,27.7,57
trace01357,span01357,,2025-11-21T15:11:18+00:00,recommendation-service,/getUserRecommendations,cache-service,/getProfileCache,4.4,4.0,57
trace01358,span01358,,2025-11-21T15:11:18+00:00,recommendation-service,/getUserRecommendations,db-analytics,/updateRecStats,26.7,26.7,57
trace01359,span01359,,2025-11-21T15:11:19+00:00,recommendation-service,/getUserRecommendations,cache-service,/getProfileCache,4.1,4.0,57
trace01360,span01360,,2025-11-21T15:11:19+00:00,recommendation-service,/getUserRecommendations,db-analytics,/updateRecStats,27.3,26.9,57
trace01361,span01361,,2025-11-21T15:11:20+00:00,recommendation-service,/getUserRecommendations,cache-service,/getProfileCache,4.2,3.9,57
trace01362,span01362,,2025-11-21T15:11:20+00:00,recommendation-service,/getUserRecommendations,db-analytics,/updateRecStats,27.1,27.5,57
trace01363,span01363,,2025-11-21T15:11:21+00:00,recommendation-service,/getUserRecommendations,cache-service,/getProfileCache,4.5,4.2,57
trace01364,span01364,,2025-11-21T15:11:21+00:00,recommendation-service,/getUserRecommendations,db-analytics,/updateRecStats,28.0,28.0,57
trace01365,span01365,,2025-11-21T15:11:22+00:00,recommendation-service,/getUserRecommendations,cache-service,/getProfileCache,4.1,3.9,57
trace01366,span01366,,2025-11-21T15:11:22+00:00,recommendation-service,/getUserRecommendations,db-analytics,/updateRecStats,27.1,27.2,57
trace01367,span01367,,2025-11-21T15:11:23+00:00,recommendation-service,/getUserRecommendations,cache-service,/getProfileCache,4.4,4.4,57
trace01368,span01368,,2025-11-21T15:11:23+00:00,recommendation-service,/getUserRecommendations,db-analytics,/updateRecStats,28.5,28.3,57
trace01369,span01369,,2025-11-21T15:11:24+00:00,recommendation-service,/getUserRecommendations,cache-service,/getProfileCache,4.5,4.0,57
trace01370,span01370,,2025-11-21T15:11:24+00:00,recommendation-service,/getUserRecommendations,db-analytics,/updateRecStats,27.1,26.9,57
trace01371,span01371,,2025-11-21T15:11:25+00:00,recommendation-service,/getUserRecommendations,cache-service,/getProfileCache,3.8,4.0,57
trace01372,span01372,,2025-11-21T15:11:25+00:00,recommendation-service,/getUserRecommendations,db-analytics,/updateRecStats,27.1,26.6,57
trace01373,span01373,,2025-11-21T15:11:26+00:00,recommendation-service,/getUserRecommendations,cache-service,/getProfileCache,4.3,4.1,57
trace01374,span01374,,2025-11-21T15:11:26+00:00,recommendation-service,/getUserRecommendations,db-analytics,/updateRecStats,27.5,27.2,57
trace01375,span01375,,2025-11-21T15:11:27+00:00,recommendation-service,/getUserRecommendations,cache-service,/getProfileCache,3.9,3.4,57
trace01376,span01376,,2025-11-21T15:11:27+00:00,recommendation-service,/getUserRecommendations,db-analytics,/updateRecStats,27.3,27.1,57
trace01377,span01377,,2025-11-21T15:11:28+00:00,recommendation-service,/getUserRecommendations,cache-service,/getProfileCache,4.1,4.2,58
trace01378,span01378,,2025-11-21T15:11:28+00:00,recommendation-service,/getUserRecommendations,db-analytics,/updateRecStats,27.5,27.6,58
trace01379,span01379,,2025-11-21T15:11:29+00:00,recommendation-service,/getUserRecommendations,cache-service,/getProfileCache,3.8,3.8,58
trace01380,span01380,,2025-11-21T15:11:29+00:00,recommendation-service,/getUserRecommendations,db-analytics,/updateRecStats,28.0,28.3,58
trace01381,span01381,,2025-11-21T15:11:30+00:00,recommendation-service,/getUserRecommendations,cache-service,/getProfileCache,4.0,4.0,58
trace01382,span01382,,2025-11-21T15:11:30+00:00,recommendation-service,/getUserRecommendations,db-analytics,/updateRecStats,29.3,29.1,58
trace01383,span01383,,2025-11-21T15:11:31+00:00,recommendation-service,/getUserRecommendations,cache-service,/getProfileCache,4.0,4.0,58
trace01384,span01384,,2025-11-21T15:11:31+00:00,recommendation-service,/getUserRecommendations,db-analytics,/updateRecStats,27.8,28.3,58
trace01385,span01385,,2025-11-21T15:11:32+00:00,recommendation-service,/getUserRecommendations,cache-service,/getProfileCache,4.2,4.6,58
trace01386,span01386,,2025-11-21T15:11:32+00:00,recommendation-service,/getUserRecommendations,db-analytics,/updateRecStats,28.4,28.0,58
trace01387,span01387,,2025-11-21T15:11:33+00:00,recommendation-service,/getUserRecommendations,cache-service,/getProfileCache,4.4,4.0,58
trace01388,span01388,,2025-11-21T15:11:33+00:00,recommendation-service,/getUserRecommendations,db-analytics,/updateRecStats,27.7,28.1,58
trace01389,span01389,,2025-11-21T15:11:34+00:00,recommendation-service,/getUserRecommendations,cache-service,/getProfileCache,3.9,4.1,58
trace01390,span01390,,2025-11-21T15:11:34+00:00,recommendation-service,/getUserRecommendations,db-analytics,/updateRecStats,29.5,29.3,58
trace01391,span01391,,2025-11-21T15:11:35+00:00,recommendation-service,/getUserRecommendations,cache-service,/getProfileCache,4.2,3.7,58
trace01392,span01392,,2025-11-21T15:11:35+00:00,recommendation-service,/getUserRecommendations,db-analytics,/updateRecStats,29.4,29.7,58
trace01393,span01393,,2025-11-21T15:11:36+00:00,recommendation-service,/getUserRecommendations,cache-service,/getProfileCache,4.1,3.6,58
trace01394,span01394,,2025-11-21T15:11:36+00:00,recommendation-service,/getUserRecommendations,db-analytics,/updateRecStats,29.5,29.8,58
trace01395,span01395,,2025-11-21T15:11:37+00:00,recommendation-service,/getUserRecommendations,cache-service,/getProfileCache,4.5,4.8,58
trace01396,span01396,,2025-11-21T15:11:37+00:00,recommendation-service,/getUserRecommendations,db-analytics,/updateRecStats,29.1,29.5,58
trace01397,span01397,,2025-11-21T15:11:38+00:00,recommendation-service,/getUserRecommendations,cache-service,/getProfileCache,4.5,4.9,58
trace01398,span01398,,2025-11-21T15:11:38+00:00,recommendation-service,/getUserRecommendations,db-analytics,/updateRecStats,28.6,28.2,58
trace01399,span01399,,2025-11-21T15:11:39+00:00,recommendation-service,/getUserRecommendations,cache-service,/getProfileCache,4.4,4.7,58
trace01400,span01400,,2025-11-21T15:11:39+00:00,recommendation-service,/getUserRecommendations,db-analytics,/updateRecStats,30.0,30.2,58
trace01401,span01401,,2025-11-21T15:11:40+00:00,recommendation-service,/getUserRecommendations,cache-service,/getProfileCache,4.3,4.7,58
trace01402,span01402,,2025-11-21T15:11:40+00:00,recommendation-service,/getUserRecommendations,db-analytics,/updateRecStats,29.8,29.5,58
trace01403,span01403,,2025-11-21T15:11:41+00:00,recommendation-service,/getUserRecommendations,cache-service,/getProfileCache,4.3,4.3,58
trace01404,span01404,,2025-11-21T15:11:41+00:00,recommendation-service,/getUserRecommendations,db-analytics,/updateRecStats,29.4,29.4,58
trace01405,span01405,,2025-11-21T15:11:42+00:00,recommendation-service,/getUserRecommendations,cache-service,/getProfileCache,4.5,4.8,59
trace01406,span01406,,2025-11-21T15:11:42+00:00,recommendation-service,/getUserRecommendations,db-analytics,/updateRecStats,29.2,29.5,59
trace01407,span01407,,2025-11-21T15:11:43+00:00,recommendation-service,/getUserRecommendations,cache-service,/getProfileCache,4.1,4.1,59
trace01408,span01408,,2025-11-21T15:11:43+00:00,recommendation-service,/getUserRecommendations,db-analytics,/updateRecStats,29.6,30.0,59
trace01409,span01409,,2025-11-21T15:11:44+00:00,recommendation-service,/getUserRecommendations,cache-service,/getProfileCache,4.5,4.3,59
trace01410,span01410,,2025-11-21T15:11:44+00:00,recommendation-service,/getUserRecommendations,db-analytics,/updateRecStats,29.5,29.2,59
trace01411,span01411,,2025-11-21T15:11:45+00:00,recommendation-service,/getUserRecommendations,cache-service,/getProfileCache,4.3,4.8,59
trace01412,span01412,,2025-11-21T15:11:45+00:00,recommendation-service,/getUserRecommendations,db-analytics,/updateRecStats,30.4,30.2,59
trace01413,span01413,,2025-11-21T15:11:46+00:00,recommendation-service,/getUserRecommendations,cache-service,/getProfileCache,4.5,4.7,59
trace01414,span01414,,2025-11-21T15:11:46+00:00,recommendation-service,/getUserRecommendations,db-analytics,/updateRecStats,30.1,30.6,59
trace01415,span01415,,2025-11-21T15:11:47+00:00,recommendation-service,/getUserRecommendations,cache-service,/getProfileCache,4.1,4.4,59
trace01416,span01416,,2025-11-21T15:11:47+00:00,recommendation-service,/getUserRecommendations,db-analytics,/updateRecStats,30.7,30.8,59
trace01417,span01417,,2025-11-21T15:11:48+00:00,recommendation-service,/getUserRecommendations,cache-service,/getProfileCache,3.8,4.3,59
trace01418,span01418,,2025-11-21T15:11:48+00:00,recommendation-service,/getUserRecommendations,db-analytics,/updateRecStats,29.8,29.8,59
trace01419,span01419,,2025-11-21T15:11:49+00:00,recommendation-service,/getUserRecommendations,cache-service,/getProfileCache,4.3,4.1,59
trace01420,span01420,,2025-11-21T15:11:49+00:00,recommendation-service,/getUserRecommendations,db-analytics,/updateRecStats,29.6,29.7,59
trace01421,span01421,,2025-11-21T15:11:50+00:00,recommendation-service,/getUserRecommendations,cache-service,/getProfileCache,4.1,3.7,59
trace01422,span01422,,2025-11-21T15:11:50+00:00,recommendation-service,/getUserRecommendations,db-analytics,/updateRecStats,30.1,30.4,59
trace01423,span01423,,2025-11-21T15:11:51+00:00,recommendation-service,/getUserRecommendations,cache-service,/getProfileCache,4.5,4.8,59
trace01424,span01424,,2025-11-21T15:11:51+00:00,recommendation-service,/getUserRecommendations,db-analytics,/updateRecStats,30.9,31.4,59
trace01425,span01425,,2025-11-21T15:11:52+00:00,recommendation-service,/getUserRecommendations,cache-service,/getProfileCache,4.0,3.9,59
trace01426,span01426,,2025-11-21T15:11:52+00:00,recommendation-service,/getUserRecommendations,db-analytics,/updateRecStats,30.5,30.2,59
trace01427,span01427,,2025-11-21T15:11:53+00:00,recommendation-service,/getUserRecommendations,cache-service,/getProfileCache,4.3,4.0,60
trace01428,span01428,,2025-11-21T15:11:53+00:00,recommendation-service,/getUserRecommendations,db-analytics,/updateRecStats,31.6,31.9,60
trace01429,span01429,,2025-11-21T15:11:54+00:00,recommendation-service,/getUserRecommendations,cache-service,/getProfileCache,4.4,4.5,60
trace01430,span01430,,2025-11-21T15:11:54+00:00,recommendation-service,/getUserRecommendations,db-analytics,/updateRecStats,30.9,31.4,60
trace01431,span01431,,2025-11-21T15:11:55+00:00,recommendation-service,/getUserRecommendations,cache-service,/getProfileCache,4.4,4.8,60
trace01432,span01432,,2025-11-21T15:11:55+00:00,recommendation-service,/getUserRecommendations,db-analytics,/updateRecStats,31.4,31.1,60
trace01433,span01433,,2025-11-21T15:11:56+00:00,recommendation-service,/getUserRecommendations,cache-service,/getProfileCache,4.2,4.6,60
trace01434,span01434,,2025-11-21T15:11:56+00:00,recommendation-service,/getUserRecommendations,db-analytics,/updateRecStats,30.5,30.1,60
trace01435,span01435,,2025-11-21T15:11:57+00:00,recommendation-service,/getUserRecommendations,cache-service,/getProfileCache,4.2,4.4,60
trace01436,span01436,,2025-11-21T15:11:57+00:00,recommendation-service,/getUserRecommendations,db-analytics,/updateRecStats,31.7,31.9,60
trace01437,span01437,,2025-11-21T15:11:58+00:00,recommendation-service,/getUserRecommendations,cache-service,/getProfileCache,4.2,4.0,60
trace01438,span01438,,2025-11-21T15:11:58+00:00,recommendation-service,/getUserRecommendations,db-analytics,/updateRecStats,31.6,31.2,60
trace01439,span01439,,2025-11-21T15:11:59+00:00,recommendation-service,/getUserRecommendations,cache-service,/getProfileCache,4.1,4.2,60
trace01440,span01440,,2025-11-21T15:11:59+00:00,recommendation-service,/getUserRecommendations,db-analytics,/updateRecStats,30.6,30.4,60
trace01441,span01441,,2025-11-21T15:12:00+00:00,recommendation-service,/getUserRecommendations,cache-service,/getProfileCache,4.4,4.8,60
trace01442,span01442,,2025-11-21T15:12:00+00:00,recommendation-service,/getUserRecommendations,db-analytics,/updateRecStats,31.6,31.3,60
trace01443,span01443,,2025-11-21T15:12:01+00:00,recommendation-service,/getUserRecommendations,cache-service,/getProfileCache,4.1,4.1,60
trace01444,span01444,,2025-11-21T15:12:01+00:00,recommendation-service,/getUserRecommendations,db-analytics,/updateRecStats,30.8,30.3,60
trace01445,span01445,,2025-11-21T15:12:02+00:00,recommendation-service,/getUserRecommendations,cache-service,/getProfileCache,4.0,3.8,60
trace01446,span01446,,2025-11-21T15:12:02+00:00,recommendation-service,/getUserRecommendations,db-analytics,/updateRecStats,30.4,30.9,60
trace01447,span01447,,2025-11-21T15:12:03+00:00,recommendation-service,/getUserRecommendations,cache-service,/getProfileCache,4.4,4.1,60
trace01448,span01448,,2025-11-21T15:12:03+00:00,recommendation-service,/getUserRecommendations,db-analytics,/updateRecStats,30.5,30.1,60
trace01449,span01449,,2025-11-21T15:12:04+00:00,recommendation-service,/getUserRecommendations,cache-service,/getProfileCache,4.2,4.2,60
trace01450,span01450,,2025-11-21T15:12:04+00:00,recommendation-service,/getUserRecommendations,db-analytics,/updateRecStats,32.2,32.1,60
trace01451,span01451,,2025-11-21T15:12:05+00:00,recommendation-service,/getUserRecommendations,cache-service,/getProfileCache,4.4,4.5,60
trace01452,span01452,,2025-11-21T15:12:05+00:00,recommendation-service,/getUserRecommendations,db-analytics,/updateRecStats,32.4,32.4,60
trace01453,span01453,,2025-11-21T15:12:06+00:00,recommendation-service,/getUserRecommendations,cache-service,/getProfileCache,4.5,4.0,60
trace01454,span01454,,2025-11-21T15:12:06+00:00,recommendation-service,/getUserRecommendations,db-analytics,/updateRecStats,32.2,32.1,60
trace01455,span01455,,2025-11-21T15:12:07+00:00,recommendation-service,/getUserRecommendations,cache-service,/getProfileCache,3.9,4.0,60
trace01456,span01456,,2025-11-21T15:12:07+00:00,recommendation-service,/getUserRecommendations,db-analytics,/updateRecStats,30.7,30.4,60
trace01457,span01457,,2025-11-21T15:12:08+00:00,recommendation-service,/getUserRecommendations,cache-service,/getProfileCache,4.4,4.7,60
trace01458,span01458,,2025-11-21T15:12:08+00:00,recommendation-service,/getUserRecommendations,db-analytics,/updateRecStats,31.1,31.2,60
trace01459,span01459,,2025-11-21T15:12:09+00:00,recommendation-service,/getUserRecommendations,cache-service,/getProfileCache,4.5,4.8,60
trace01460,span01460,,2025-11-21T15:12:09+00:00,recommendation-service,/getUserRecommendations,db-analytics,/updateRecStats,30.9,31.2,60
trace01461,span01461,,2025-11-21T15:12:10+00:00,recommendation-service,/getUserRecommendations,cache-service,/getProfileCache,3.9,3.4,60
trace01462,span01462,,2025-11-21T15:12:10+00:00,recommendation-service,/getUserRecommendations,db-analytics,/updateRecStats,31.6,31.8,60
trace01463,span01463,,2025-11-21T15:12:11+00:00,recommendation-service,/getUserRecommendations,cache-service,/getProfileCache,4.1,4.6,60
trace01464,span01464,,2025-11-21T15:12:11+00:00,recommendation-service,/getUserRecommendations,db-analytics,/updateRecStats,32.1,32.5,60
trace01465,span01465,,2025-11-21T15:12:12+00:00,recommendation-service,/getUserRecommendations,cache-service,/getProfileCache,4.6,4.4,60
trace01466,span01466,,2025-11-21T15:12:12+00:00,recommendation-service,/getUserRecommendations,db-analytics,/updateRecStats,31.3,31.6,60
trace01467,span01467,,2025-11-21T15:12:13+00:00,recommendation-service,/getUserRecommendations,cache-service,/getProfileCache,3.9,3.5,60
trace01468,span01468,,2025-11-21T15:12:13+00:00,recommendation-service,/getUserRecommendations,db-analytics,/updateRecStats,31.4,31.6,60
trace01469,span01469,,2025-11-21T15:12:14+00:00,recommendation-service,/getUserRecommendations,cache-service,/getProfileCache,3.9,3.9,61
trace01470,span01470,,2025-11-21T15:12:14+00:00,recommendation-service,/getUserRecommendations,db-analytics,/updateRecStats,32.9,32.5,61
trace01471,span01471,,2025-11-21T15:12:15+00:00,recommendation-service,/getUserRecommendations,cache-service,/getProfileCache,4.0,4.2,60
trace01472,span01472,,2025-11-21T15:12:15+00:00,recommendation-service,/getUserRecommendations,db-analytics,/updateRecStats,31.2,31.5,60
trace01473,span01473,,2025-11-21T15:12:16+00:00,recommendation-service,/getUserRecommendations,cache-service,/getProfileCache,4.1,4.0,61
trace01474,span01474,,2025-11-21T15:12:16+00:00,recommendation-service,/getUserRecommendations,db-analytics,/updateRecStats,32.1,31.8,61
trace01475,span01475,,2025-11-21T15:12:17+00:00,recommendation-service,/getUserRecommendations,cache-service,/getProfileCache,4.5,4.3,61
trace01476,span01476,,2025-11-21T15:12:17+00:00,recommendation-service,/getUserRecommendations,db-analytics,/updateRecStats,32.4,32.0,61
trace01477,span01477,,2025-11-21T15:12:18+00:00,recommendation-service,/getUserRecommendations,cache-service,/getProfileCache,4.5,4.6,61
trace01478,span01478,,2025-11-21T15:12:18+00:00,recommendation-service,/getUserRecommendations,db-analytics,/updateRecStats,31.7,32.1,61
trace01479,span01479,,2025-11-21T15:12:19+00:00,recommendation-service,/getUserRecommendations,cache-service,/getProfileCache,4.3,4.5,61
trace01480,span01480,,2025-11-21T15:12:19+00:00,recommendation-service,/getUserRecommendations,db-analytics,/updateRecStats,31.6,31.6,61
trace01481,span01481,,2025-11-21T15:12:20+00:00,recommendation-service,/getUserRecommendations,cache-service,/getProfileCache,4.1,4.0,61
trace01482,span01482,,2025-11-21T15:12:20+00:00,recommendation-service,/getUserRecommendations,db-analytics,/updateRecStats,32.9,33.2,61
trace01483,span01483,,2025-11-21T15:12:21+00:00,recommendation-service,/getUserRecommendations,cache-service,/getProfileCache,4.0,4.3,61
trace01484,span01484,,2025-11-21T15:12:21+00:00,recommendation-service,/getUserRecommendations,db-analytics,/updateRecStats,32.3,32.8,61
trace01485,span01485,,2025-11-21T15:12:22+00:00,recommendation-service,/getUserRecommendations,cache-service,/getProfileCache,3.9,3.7,61
trace01486,span01486,,2025-11-21T15:12:22+00:00,recommendation-service,/getUserRecommendations,db-analytics,/updateRecStats,33.1,33.1,61
trace01487,span01487,,2025-11-21T15:12:23+00:00,recommendation-service,/getUserRecommendations,cache-service,/getProfileCache,4.1,3.8,61
trace01488,span01488,,2025-11-21T15:12:23+00:00,recommendation-service,/getUserRecommendations,db-analytics,/updateRecStats,32.7,32.4,61
trace01489,span01489,,2025-11-21T15:12:24+00:00,recommendation-service,/getUserRecommendations,cache-service,/getProfileCache,4.4,4.2,61
trace01490,span01490,,2025-11-21T15:12:24+00:00,recommendation-service,/getUserRecommendations,db-analytics,/updateRecStats,32.8,33.1,61
trace01491,span01491,,2025-11-21T15:12:25+00:00,recommendation-service,/getUserRecommendations,cache-service,/getProfileCache,4.0,4.5,61
trace01492,span01492,,2025-11-21T15:12:25+00:00,recommendation-service,/getUserRecommendations,db-analytics,/updateRecStats,32.8,32.4,61
trace01493,span01493,,2025-11-21T15:12:26+00:00,recommendation-service,/getUserRecommendations,cache-service,/getProfileCache,4.0,3.8,61
trace01494,span01494,,2025-11-21T15:12:26+00:00,recommendation-service,/getUserRecommendations,db-analytics,/updateRecStats,33.0,33.0,61
trace01495,span01495,,2025-11-21T15:12:27+00:00,recommendation-service,/getUserRecommendations,cache-service,/getProfileCache,4.2,4.7,61
trace01496,span01496,,2025-11-21T15:12:27+00:00,recommendation-service,/getUserRecommendations,db-analytics,/updateRecStats,32.4,32.6,61
trace01497,span01497,,2025-11-21T15:12:28+00:00,recommendation-service,/getUserRecommendations,cache-service,/getProfileCache,3.9,4.2,61
trace01498,span01498,,2025-11-21T15:12:28+00:00,recommendation-service,/getUserRecommendations,db-analytics,/updateRecStats,31.6,31.6,61
trace01499,span01499,,2025-11-21T15:12:29+00:00,recommendation-service,/getUserRecommendations,cache-service,/getProfileCache,3.9,4.1,61
trace01500,span01500,,2025-11-21T15:12:29+00:00,recommendation-service,/getUserRecommendations,db-analytics,/updateRecStats,32.9,32.8,61
trace01501,span01501,,2025-11-21T15:12:30+00:00,recommendation-service,/getUserRecommendations,cache-service,/getProfileCache,4.4,4.3,61
trace01502,span01502,,2025-11-21T15:12:30+00:00,recommendation-service,/getUserRecommendations,db-analytics,/updateRecStats,32.9,32.8,61
trace01503,span01503,,2025-11-21T15:12:31+00:00,recommendation-service,/getUserRecommendations,cache-service,/getProfileCache,4.3,4.5,61
trace01504,span01504,,2025-11-21T15:12:31+00:00,recommendation-service,/getUserRecommendations,db-analytics,/updateRecStats,31.8,31.9,61
trace01505,span01505,,2025-11-21T15:12:32+00:00,recommendation-service,/getUserRecommendations,cache-service,/getProfileCache,4.0,4.1,61
trace01506,span01506,,2025-11-21T15:12:32+00:00,recommendation-service,/getUserRecommendations,db-analytics,/updateRecStats,32.8,32.4,61
trace01507,span01507,,2025-11-21T15:12:33+00:00,recommendation-service,/getUserRecommendations,cache-service,/getProfileCache,4.1,4.1,61
trace01508,span01508,,2025-11-21T15:12:33+00:00,recommendation-service,/getUserRecommendations,db-analytics,/updateRecStats,32.6,32.3,61
trace01509,span01509,,2025-11-21T15:12:34+00:00,recommendation-service,/getUserRecommendations,cache-service,/getProfileCache,3.8,4.0,61
trace01510,span01510,,2025-11-21T15:12:34+00:00,recommendation-service,/getUserRecommendations,db-analytics,/updateRecStats,33.6,33.4,61
trace01511,span01511,,2025-11-21T15:12:35+00:00,recommendation-service,/getUserRecommendations,cache-service,/getProfileCache,3.8,3.9,61
trace01512,span01512,,2025-11-21T15:12:35+00:00,recommendation-service,/getUserRecommendations,db-analytics,/updateRecStats,32.9,32.6,61
trace01513,span01513,,2025-11-21T15:12:36+00:00,recommendation-service,/getUserRecommendations,cache-service,/getProfileCache,4.2,4.3,61
trace01514,span01514,,2025-11-21T15:12:36+00:00,recommendation-service,/getUserRecommendations,db-analytics,/updateRecStats,33.3,33.6,61
trace01515,span01515,,2025-11-21T15:12:37+00:00,recommendation-service,/getUserRecommendations,cache-service,/getProfileCache,4.0,3.6,61
trace01516,span01516,,2025-11-21T15:12:37+00:00,recommendation-service,/getUserRecommendations,db-analytics,/updateRecStats,32.3,32.5,61
trace01517,span01517,,2025-11-21T15:12:38+00:00,recommendation-service,/getUserRecommendations,cache-service,/getProfileCache,4.6,5.0,61
trace01518,span01518,,2025-11-21T15:12:38+00:00,recommendation-service,/getUserRecommendations,db-analytics,/updateRecStats,32.5,32.3,61
trace01519,span01519,,2025-11-21T15:12:39+00:00,recommendation-service,/getUserRecommendations,cache-service,/getProfileCache,4.3,4.1,61
trace01520,span01520,,2025-11-21T15:12:39+00:00,recommendation-service,/getUserRecommendations,db-analytics,/updateRecStats,33.5,33.7,61
trace01521,span01521,,2025-11-21T15:12:40+00:00,recommendation-service,/getUserRecommendations,cache-service,/getProfileCache,4.2,4.5,61
trace01522,span01522,,2025-11-21T15:12:40+00:00,recommendation-service,/getUserRecommendations,db-analytics,/updateRecStats,33.0,33.1,61
trace01523,span01523,,2025-11-21T15:12:41+00:00,recommendation-service,/getUserRecommendations,cache-service,/getProfileCache,4.3,4.3,61
trace01524,span01524,,2025-11-21T15:12:41+00:00,recommendation-service,/getUserRecommendations,db-analytics,/updateRecStats,34.1,33.6,61
trace01525,span01525,,2025-11-21T15:12:42+00:00,recommendation-service,/getUserRecommendations,cache-service,/getProfileCache,4.5,4.4,61
trace01526,span01526,,2025-11-21T15:12:42+00:00,recommendation-service,/getUserRecommendations,db-analytics,/updateRecStats,32.8,33.0,61
trace01527,span01527,,2025-11-21T15:12:43+00:00,recommendation-service,/getUserRecommendations,cache-service,/getProfileCache,4.0,3.8,62
trace01528,span01528,,2025-11-21T15:12:43+00:00,recommendation-service,/getUserRecommendations,db-analytics,/updateRecStats,33.1,33.1,62
trace01529,span01529,,2025-11-21T15:12:44+00:00,recommendation-service,/getUserRecommendations,cache-service,/getProfileCache,4.2,3.7,62
trace01530,span01530,,2025-11-21T15:12:44+00:00,recommendation-service,/getUserRecommendations,db-analytics,/updateRecStats,33.9,33.7,62
trace01531,span01531,,2025-11-21T15:12:45+00:00,recommendation-service,/getUserRecommendations,cache-service,/getProfileCache,4.4,4.4,62
trace01532,span01532,,2025-11-21T15:12:45+00:00,recommendation-service,/getUserRecommendations,db-analytics,/updateRecStats,34.1,33.9,62
trace01533,span01533,,2025-11-21T15:12:46+00:00,recommendation-service,/getUserRecommendations,cache-service,/getProfileCache,4.0,3.9,62
trace01534,span01534,,2025-11-21T15:12:46+00:00,recommendation-service,/getUserRecommendations,db-analytics,/updateRecStats,33.9,33.8,62
trace01535,span01535,,2025-11-21T15:12:47+00:00,recommendation-service,/getUserRecommendations,cache-service,/getProfileCache,4.4,4.7,62
trace01536,span01536,,2025-11-21T15:12:47+00:00,recommendation-service,/getUserRecommendations,db-analytics,/updateRecStats,33.3,33.0,62
trace01537,span01537,,2025-11-21T15:12:48+00:00,recommendation-service,/getUserRecommendations,cache-service,/getProfileCache,3.9,3.8,62
trace01538,span01538,,2025-11-21T15:12:48+00:00,recommendation-service,/getUserRecommendations,db-analytics,/updateRecStats,33.1,32.9,62
trace01539,span01539,,2025-11-21T15:12:49+00:00,recommendation-service,/getUserRecommendations,cache-service,/getProfileCache,4.6,4.5,62
trace01540,span01540,,2025-11-21T15:12:49+00:00,recommendation-service,/getUserRecommendations,db-analytics,/updateRecStats,33.1,33.2,62
trace01541,span01541,,2025-11-21T15:12:50+00:00,recommendation-service,/getUserRecommendations,cache-service,/getProfileCache,4.3,4.3,62
trace01542,span01542,,2025-11-21T15:12:50+00:00,recommendation-service,/getUserRecommendations,db-analytics,/updateRecStats,34.4,34.9,62
trace01543,span01543,,2025-11-21T15:12:51+00:00,recommendation-service,/getUserRecommendations,cache-service,/getProfileCache,3.9,4.1,62
trace01544,span01544,,2025-11-21T15:12:51+00:00,recommendation-service,/getUserRecommendations,db-analytics,/updateRecStats,33.5,33.8,62
trace01545,span01545,,2025-11-21T15:12:52+00:00,recommendation-service,/getUserRecommendations,cache-service,/getProfileCache,4.2,4.2,62
trace01546,span01546,,2025-11-21T15:12:52+00:00,recommendation-service,/getUserRecommendations,db-analytics,/updateRecStats,34.4,34.0,62
trace01547,span01547,,2025-11-21T15:12:53+00:00,recommendation-service,/getUserRecommendations,cache-service,/getProfileCache,4.4,4.7,62
trace01548,span01548,,2025-11-21T15:12:53+00:00,recommendation-service,/getUserRecommendations,db-analytics,/updateRecStats,33.3,33.2,62
trace01549,span01549,,2025-11-21T15:12:54+00:00,recommendation-service,/getUserRecommendations,cache-service,/getProfileCache,4.5,4.5,62
trace01550,span01550,,2025-11-21T15:12:54+00:00,recommendation-service,/getUserRecommendations,db-analytics,/updateRecStats,34.5,34.7,62
trace01551,span01551,,2025-11-21T15:12:55+00:00,recommendation-service,/getUserRecommendations,cache-service,/getProfileCache,4.4,4.1,62
trace01552,span01552,,2025-11-21T15:12:55+00:00,recommendation-service,/getUserRecommendations,db-analytics,/updateRecStats,32.9,32.8,62
trace01553,span01553,,2025-11-21T15:12:56+00:00,recommendation-service,/getUserRecommendations,cache-service,/getProfileCache,4.1,4.5,62
trace01554,span01554,,2025-11-21T15:12:56+00:00,recommendation-service,/getUserRecommendations,db-analytics,/updateRecStats,34.3,33.9,62
trace01555,span01555,,2025-11-21T15:12:57+00:00,recommendation-service,/getUserRecommendations,cache-service,/getProfileCache,4.2,4.3,62
trace01556,span01556,,2025-11-21T15:12:57+00:00,recommendation-service,/getUserRecommendations,db-analytics,/updateRecStats,34.4,34.7,62
trace01557,span01557,,2025-11-21T15:12:58+00:00,recommendation-service,/getUserRecommendations,cache-service,/getProfileCache,4.2,4.0,62
trace01558,span01558,,2025-11-21T15:12:58+00:00,recommendation-service,/getUserRecommendations,db-analytics,/updateRecStats,34.4,34.8,62
trace01559,span01559,,2025-11-21T15:12:59+00:00,recommendation-service,/getUserRecommendations,cache-service,/getProfileCache,4.4,4.5,62
trace01560,span01560,,2025-11-21T15:12:59+00:00,recommendation-service,/getUserRecommendations,db-analytics,/updateRecStats,33.4,33.7,62
trace01561,span01561,,2025-11-21T15:13:00+00:00,recommendation-service,/getUserRecommendations,cache-service,/getProfileCache,3.9,4.1,62
trace01562,span01562,,2025-11-21T15:13:00+00:00,recommendation-service,/getUserRecommendations,db-analytics,/updateRecStats,34.1,34.3,62
trace01563,span01563,,2025-11-21T15:13:01+00:00,recommendation-service,/getUserRecommendations,cache-service,/getProfileCache,3.9,3.6,62
trace01564,span01564,,2025-11-21T15:13:01+00:00,recommendation-service,/getUserRecommendations,db-analytics,/updateRecStats,33.2,33.0,62
trace01565,span01565,,2025-11-21T15:13:02+00:00,recommendation-service,/getUserRecommendations,cache-service,/getProfileCache,4.1,3.7,62
trace01566,span01566,,2025-11-21T15:13:02+00:00,recommendation-service,/getUserRecommendations,db-analytics,/updateRecStats,33.6,33.1,62
trace01567,span01567,,2025-11-21T15:13:03+00:00,recommendation-service,/getUserRecommendations,cache-service,/getProfileCache,4.4,4.3,62
trace01568,span01568,,2025-11-21T15:13:03+00:00,recommendation-service,/getUserRecommendations,db-analytics,/updateRecStats,33.6,33.4,62
trace01569,span01569,,2025-11-21T15:13:04+00:00,recommendation-service,/getUserRecommendations,cache-service,/getProfileCache,4.6,4.8,62
trace01570,span01570,,2025-11-21T15:13:04+00:00,recommendation-service,/getUserRecommendations,db-analytics,/updateRecStats,34.1,34.5,62
trace01571,span01571,,2025-11-21T15:13:05+00:00,recommendation-service,/getUserRecommendations,cache-service,/getProfileCache,3.9,4.3,62
trace01572,span01572,,2025-11-21T15:13:05+00:00,recommendation-service,/getUserRecommendations,db-analytics,/updateRecStats,33.9,34.3,62
trace01573,span01573,,2025-11-21T15:13:06+00:00,recommendation-service,/getUserRecommendations,cache-service,/getProfileCache,4.0,3.6,62
trace01574,span01574,,2025-11-21T15:13:06+00:00,recommendation-service,/getUserRecommendations,db-analytics,/updateRecStats,33.9,34.0,62
trace01575,span01575,,2025-11-21T15:13:07+00:00,recommendation-service,/getUserRecommendations,cache-service,/getProfileCache,4.2,4.4,62
trace01576,span01576,,2025-11-21T15:13:07+00:00,recommendation-service,/getUserRecommendations,db-analytics,/updateRecStats,34.0,33.8,62
trace01577,span01577,,2025-11-21T15:13:08+00:00,recommendation-service,/getUserRecommendations,cache-service,/getProfileCache,4.5,4.8,62
trace01578,span01578,,2025-11-21T15:13:08+00:00,recommendation-service,/getUserRecommendations,db-analytics,/updateRecStats,35.3,35.5,62
trace01579,span01579,,2025-11-21T15:13:09+00:00,recommendation-service,/getUserRecommendations,cache-service,/getProfileCache,4.4,4.6,62
trace01580,span01580,,2025-11-21T15:13:09+00:00,recommendation-service,/getUserRecommendations,db-analytics,/updateRecStats,33.6,33.2,62
trace01581,span01581,,2025-11-21T15:13:10+00:00,recommendation-service,/getUserRecommendations,cache-service,/getProfileCache,4.4,4.8,63
trace01582,span01582,,2025-11-21T15:13:10+00:00,recommendation-service,/getUserRecommendations,db-analytics,/updateRecStats,33.7,33.8,63
trace01583,span01583,,2025-11-21T15:13:11+00:00,recommendation-service,/getUserRecommendations,cache-service,/getProfileCache,4.2,4.5,63
trace01584,span01584,,2025-11-21T15:13:11+00:00,recommendation-service,/getUserRecommendations,db-analytics,/updateRecStats,35.5,35.6,63
trace01585,span01585,,2025-11-21T15:13:12+00:00,recommendation-service,/getUserRecommendations,cache-service,/getProfileCache,4.2,3.8,63
trace01586,span01586,,2025-11-21T15:13:12+00:00,recommendation-service,/getUserRecommendations,db-analytics,/updateRecStats,35.1,35.3,63
trace01587,span01587,,2025-11-21T15:13:13+00:00,recommendation-service,/getUserRecommendations,cache-service,/getProfileCache,4.3,4.4,63
trace01588,span01588,,2025-11-21T15:13:13+00:00,recommendation-service,/getUserRecommendations,db-analytics,/updateRecStats,34.9,34.6,63
trace01589,span01589,,2025-11-21T15:13:14+00:00,recommendation-service,/getUserRecommendations,cache-service,/getProfileCache,4.3,3.9,63
trace01590,span01590,,2025-11-21T15:13:14+00:00,recommendation-service,/getUserRecommendations,db-analytics,/updateRecStats,35.7,35.9,63
trace01591,span01591,,2025-11-21T15:13:15+00:00,recommendation-service,/getUserRecommendations,cache-service,/getProfileCache,3.8,4.2,63
trace01592,span01592,,2025-11-21T15:13:15+00:00,recommendation-service,/getUserRecommendations,db-analytics,/updateRecStats,35.6,35.6,63
trace01593,span01593,,2025-11-21T15:13:16+00:00,recommendation-service,/getUserRecommendations,cache-service,/getProfileCache,4.5,4.2,63
trace01594,span01594,,2025-11-21T15:13:16+00:00,recommendation-service,/getUserRecommendations,db-analytics,/updateRecStats,34.1,33.6,63
trace01595,span01595,,2025-11-21T15:13:17+00:00,recommendation-service,/getUserRecommendations,cache-service,/getProfileCache,3.9,3.8,63
trace01596,span01596,,2025-11-21T15:13:17+00:00,recommendation-service,/getUserRecommendations,db-analytics,/updateRecStats,35.4,35.6,63
trace01597,span01597,,2025-11-21T15:13:18+00:00,recommendation-service,/getUserRecommendations,cache-service,/getProfileCache,4.3,4.2,63
trace01598,span01598,,2025-11-21T15:13:18+00:00,recommendation-service,/getUserRecommendations,db-analytics,/updateRecStats,34.9,35.2,63
trace01599,span01599,,2025-11-21T15:13:19+00:00,recommendation-service,/getUserRecommendations,cache-service,/getProfileCache,4.1,4.0,63
trace01600,span01600,,2025-11-21T15:13:19+00:00,recommendation-service,/getUserRecommendations,db-analytics,/updateRecStats,35.0,34.6,63
trace01601,span01601,,2025-11-21T15:13:20+00:00,recommendation-service,/getUserRecommendations,cache-service,/getProfileCache,4.3,4.2,63
trace01602,span01602,,2025-11-21T15:13:20+00:00,recommendation-service,/getUserRecommendations,db-analytics,/updateRecStats,35.1,35.2,63
trace01603,span01603,,2025-11-21T15:13:21+00:00,recommendation-service,/getUserRecommendations,cache-service,/getProfileCache,4.5,4.5,63
trace01604,span01604,,2025-11-21T15:13:21+00:00,recommendation-service,/getUserRecommendations,db-analytics,/updateRecStats,35.1,35.6,63
trace01605,span01605,,2025-11-21T15:13:22+00:00,recommendation-service,/getUserRecommendations,cache-service,/getProfileCache,4.1,4.1,63
trace01606,span01606,,2025-11-21T15:13:22+00:00,recommendation-service,/getUserRecommendations,db-analytics,/updateRecStats,35.3,35.7,63
trace01607,span01607,,2025-11-21T15:13:23+00:00,recommendation-service,/getUserRecommendations,cache-service,/getProfileCache,4.2,3.8,63
trace01608,span01608,,2025-11-21T15:13:23+00:00,recommendation-service,/getUserRecommendations,db-analytics,/updateRecStats,35.8,36.0,63
trace01609,span01609,,2025-11-21T15:13:24+00:00,recommendation-service,/getUserRecommendations,cache-service,/getProfileCache,4.0,4.2,63
trace01610,span01610,,2025-11-21T15:13:24+00:00,recommendation-service,/getUserRecommendations,db-analytics,/updateRecStats,36.2,35.7,63
trace01611,span01611,,2025-11-21T15:13:25+00:00,recommendation-service,/getUserRecommendations,cache-service,/getProfileCache,4.4,4.4,63
trace01612,span01612,,2025-11-21T15:13:25+00:00,recommendation-service,/getUserRecommendations,db-analytics,/updateRecStats,36.1,36.1,63
trace01613,span01613,,2025-11-21T15:13:26+00:00,recommendation-service,/getUserRecommendations,cache-service,/getProfileCache,4.6,4.7,63
trace01614,span01614,,2025-11-21T15:13:26+00:00,recommendation-service,/getUserRecommendations,db-analytics,/updateRecStats,36.4,36.0,63
trace01615,span01615,,2025-11-21T15:13:27+00:00,recommendation-service,/getUserRecommendations,cache-service,/getProfileCache,3.9,3.5,63
trace01616,span01616,,2025-11-21T15:13:27+00:00,recommendation-service,/getUserRecommendations,db-analytics,/updateRecStats,35.3,35.8,63
trace01617,span01617,,2025-11-21T15:13:28+00:00,recommendation-service,/getUserRecommendations,cache-service,/getProfileCache,3.9,3.4,64
trace01618,span01618,,2025-11-21T15:13:28+00:00,recommendation-service,/getUserRecommendations,db-analytics,/updateRecStats,35.1,35.1,64
trace01619,span01619,,2025-11-21T15:13:29+00:00,recommendation-service,/getUserRecommendations,cache-service,/getProfileCache,4.1,3.8,64
trace01620,span01620,,2025-11-21T15:13:29+00:00,recommendation-service,/getUserRecommendations,db-analytics,/updateRecStats,36.4,35.9,64
trace01621,span01621,,2025-11-21T15:13:30+00:00,recommendation-service,/getUserRecommendations,cache-service,/getProfileCache,4.3,4.6,64
trace01622,span01622,,2025-11-21T15:13:30+00:00,recommendation-service,/getUserRecommendations,db-analytics,/updateRecStats,36.2,36.5,64
trace01623,span01623,,2025-11-21T15:13:31+00:00,recommendation-service,/getUserRecommendations,cache-service,/getProfileCache,4.0,4.5,64
trace01624,span01624,,2025-11-21T15:13:31+00:00,recommendation-service,/getUserRecommendations,db-analytics,/updateRecStats,36.3,36.8,64
trace01625,span01625,,2025-11-21T15:13:32+00:00,recommendation-service,/getUserRecommendations,cache-service,/getProfileCache,4.5,4.1,64
trace01626,span01626,,2025-11-21T15:13:32+00:00,recommendation-service,/getUserRecommendations,db-analytics,/updateRecStats,35.6,35.3,64
trace01627,span01627,,2025-11-21T15:13:33+00:00,recommendation-service,/getUserRecommendations,cache-service,/getProfileCache,4.4,4.4,64
trace01628,span01628,,2025-11-21T15:13:33+00:00,recommendation-service,/getUserRecommendations,db-analytics,/updateRecStats,36.5,36.6,64
trace01629,span01629,,2025-11-21T15:13:34+00:00,recommendation-service,/getUserRecommendations,cache-service,/getProfileCache,3.9,3.8,64
trace01630,span01630,,2025-11-21T15:13:34+00:00,recommendation-service,/getUserRecommendations,db-analytics,/updateRecStats,36.2,36.0,64
trace01631,span01631,,2025-11-21T15:13:35+00:00,recommendation-service,/getUserRecommendations,cache-service,/getProfileCache,4.3,4.1,64
trace01632,span01632,,2025-11-21T15:13:35+00:00,recommendation-service,/getUserRecommendations,db-analytics,/updateRecStats,36.3,36.3,64
trace01633,span01633,,2025-11-21T15:13:36+00:00,recommendation-service,/getUserRecommendations,cache-service,/getProfileCache,4.5,4.4,64
trace01634,span01634,,2025-11-21T15:13:36+00:00,recommendation-service,/getUserRecommendations,db-analytics,/updateRecStats,36.7,36.7,64
trace01635,span01635,,2025-11-21T15:13:37+00:00,recommendation-service,/getUserRecommendations,cache-service,/getProfileCache,4.4,4.1,64
trace01636,span01636,,2025-11-21T15:13:37+00:00,recommendation-service,/getUserRecommendations,db-analytics,/updateRecStats,35.5,35.4,64
trace01637,span01637,,2025-11-21T15:13:38+00:00,recommendation-service,/getUserRecommendations,cache-service,/getProfileCache,4.3,4.7,64
trace01638,span01638,,2025-11-21T15:13:38+00:00,recommendation-service,/getUserRecommendations,db-analytics,/updateRecStats,35.8,35.9,64
trace01639,span01639,,2025-11-21T15:13:39+00:00,recommendation-service,/getUserRecommendations,cache-service,/getProfileCache,3.9,3.8,64
trace01640,span01640,,2025-11-21T15:13:39+00:00,recommendation-service,/getUserRecommendations,db-analytics,/updateRecStats,36.9,37.1,64
trace01641,span01641,,2025-11-21T15:13:40+00:00,recommendation-service,/getUserRecommendations,cache-service,/getProfileCache,4.5,4.6,64
trace01642,span01642,,2025-11-21T15:13:40+00:00,recommendation-service,/getUserRecommendations,db-analytics,/updateRecStats,37.3,37.7,64
trace01643,span01643,,2025-11-21T15:13:41+00:00,recommendation-service,/getUserRecommendations,cache-service,/getProfileCache,3.9,4.1,64
trace01644,span01644,,2025-11-21T15:13:41+00:00,recommendation-service,/getUserRecommendations,db-analytics,/updateRecStats,37.5,37.6,64
trace01645,span01645,,2025-11-21T15:13:42+00:00,recommendation-service,/getUserRecommendations,cache-service,/getProfileCache,4.5,4.0,64
trace01646,span01646,,2025-11-21T15:13:42+00:00,recommendation-service,/getUserRecommendations,db-analytics,/updateRecStats,37.0,37.0,64
trace01647,span01647,,2025-11-21T15:13:43+00:00,recommendation-service,/getUserRecommendations,cache-service,/getProfileCache,4.2,4.5,64
trace01648,span01648,,2025-11-21T15:13:43+00:00,recommendation-service,/getUserRecommendations,db-analytics,/updateRecStats,37.5,37.3,64
trace01649,span01649,,2025-11-21T15:13:44+00:00,recommendation-service,/getUserRecommendations,cache-service,/getProfileCache,4.2,4.2,64
trace01650,span01650,,2025-11-21T15:13:44+00:00,recommendation-service,/getUserRecommendations,db-analytics,/updateRecStats,37.0,37.1,64
trace01651,span01651,,2025-11-21T15:13:45+00:00,recommendation-service,/getUserRecommendations,cache-service,/getProfileCache,3.9,3.8,64
trace01652,span01652,,2025-11-21T15:13:45+00:00,recommendation-service,/getUserRecommendations,db-analytics,/updateRecStats,36.8,37.2,64
trace01653,span01653,,2025-11-21T15:13:46+00:00,recommendation-service,/getUserRecommendations,cache-service,/getProfileCache,4.2,4.2,64
trace01654,span01654,,2025-11-21T15:13:46+00:00,recommendation-service,/getUserRecommendations,db-analytics,/updateRecStats,36.7,36.7,64
trace01655,span01655,,2025-11-21T15:13:47+00:00,recommendation-service,/getUserRecommendations,cache-service,/getProfileCache,4.1,4.1,64
trace01656,span01656,,2025-11-21T15:13:47+00:00,recommendation-service,/getUserRecommendations,db-analytics,/updateRecStats,37.8,38.0,64
trace01657,span01657,,2025-11-21T15:13:48+00:00,recommendation-service,/getUserRecommendations,cache-service,/getProfileCache,3.8,4.3,64
trace01658,span01658,,2025-11-21T15:13:48+00:00,recommendation-service,/getUserRecommendations,db-analytics,/updateRecStats,37.3,36.9,64
trace01659,span01659,,2025-11-21T15:13:49+00:00,recommendation-service,/getUserRecommendations,cache-service,/getProfileCache,4.1,4.3,64
trace01660,span01660,,2025-11-21T15:13:49+00:00,recommendation-service,/getUserRecommendations,db-analytics,/updateRecStats,37.4,37.4,64
trace01661,span01661,,2025-11-21T15:13:50+00:00,recommendation-service,/getUserRecommendations,cache-service,/getProfileCache,3.9,4.2,65
trace01662,span01662,,2025-11-21T15:13:50+00:00,recommendation-service,/getUserRecommendations,db-analytics,/updateRecStats,38.0,38.0,65
trace01663,span01663,,2025-11-21T15:13:51+00:00,recommendation-service,/getUserRecommendations,cache-service,/getProfileCache,3.9,4.0,65
trace01664,span01664,,2025-11-21T15:13:51+00:00,recommendation-service,/getUserRecommendations,db-analytics,/updateRecStats,37.3,37.5,65
trace01665,span01665,,2025-11-21T15:13:52+00:00,recommendation-service,/getUserRecommendations,cache-service,/getProfileCache,4.2,4.0,65
trace01666,span01666,,2025-11-21T15:13:52+00:00,recommendation-service,/getUserRecommendations,db-analytics,/updateRecStats,38.4,38.3,65
trace01667,span01667,,2025-11-21T15:13:53+00:00,recommendation-service,/getUserRecommendations,cache-service,/getProfileCache,4.0,3.8,65
trace01668,span01668,,2025-11-21T15:13:53+00:00,recommendation-service,/getUserRecommendations,db-analytics,/updateRecStats,38.3,37.9,65
trace01669,span01669,,2025-11-21T15:13:54+00:00,recommendation-service,/getUserRecommendations,cache-service,/getProfileCache,4.2,4.3,65
trace01670,span01670,,2025-11-21T15:13:54+00:00,recommendation-service,/getUserRecommendations,db-analytics,/updateRecStats,37.5,37.1,65
trace01671,span01671,,2025-11-21T15:13:55+00:00,recommendation-service,/getUserRecommendations,cache-service,/getProfileCache,4.0,3.5,65
trace01672,span01672,,2025-11-21T15:13:55+00:00,recommendation-service,/getUserRecommendations,db-analytics,/updateRecStats,37.6,37.3,65
trace01673,span01673,,2025-11-21T15:13:56+00:00,recommendation-service,/getUserRecommendations,cache-service,/getProfileCache,4.0,4.0,65
trace01674,span01674,,2025-11-21T15:13:56+00:00,recommendation-service,/getUserRecommendations,db-analytics,/updateRecStats,37.7,37.9,65
trace01675,span01675,,2025-11-21T15:13:57+00:00,recommendation-service,/getUserRecommendations,cache-service,/getProfileCache,3.9,3.6,65
trace01676,span01676,,2025-11-21T15:13:57+00:00,recommendation-service,/getUserRecommendations,db-analytics,/updateRecStats,37.5,37.3,65
trace01677,span01677,,2025-11-21T15:13:58+00:00,recommendation-service,/getUserRecommendations,cache-service,/getProfileCache,3.8,3.7,65
trace01678,span01678,,2025-11-21T15:13:58+00:00,recommendation-service,/getUserRecommendations,db-analytics,/updateRecStats,38.6,38.5,65
trace01679,span01679,,2025-11-21T15:13:59+00:00,recommendation-service,/getUserRecommendations,cache-service,/getProfileCache,4.1,3.7,65
trace01680,span01680,,2025-11-21T15:13:59+00:00,recommendation-service,/getUserRecommendations,db-analytics,/updateRecStats,37.6,37.4,65
trace01681,span01681,,2025-11-21T15:14:00+00:00,recommendation-service,/getUserRecommendations,cache-service,/getProfileCache,4.4,4.8,65
trace01682,span01682,,2025-11-21T15:14:00+00:00,recommendation-service,/getUserRecommendations,db-analytics,/updateRecStats,38.2,38.5,65
trace01683,span01683,,2025-11-21T15:14:01+00:00,recommendation-service,/getUserRecommendations,cache-service,/getProfileCache,4.5,4.7,65
trace01684,span01684,,2025-11-21T15:14:01+00:00,recommendation-service,/getUserRecommendations,db-analytics,/updateRecStats,38.0,38.0,65
trace01685,span01685,,2025-11-21T15:14:02+00:00,recommendation-service,/getUserRecommendations,cache-service,/getProfileCache,4.0,3.9,65
trace01686,span01686,,2025-11-21T15:14:02+00:00,recommendation-service,/getUserRecommendations,db-analytics,/updateRecStats,38.3,38.6,65
trace01687,span01687,,2025-11-21T15:14:03+00:00,recommendation-service,/getUserRecommendations,cache-service,/getProfileCache,4.1,3.9,65
trace01688,span01688,,2025-11-21T15:14:03+00:00,recommendation-service,/getUserRecommendations,db-analytics,/updateRecStats,38.7,38.7,65
trace01689,span01689,,2025-11-21T15:14:04+00:00,recommendation-service,/getUserRecommendations,cache-service,/getProfileCache,4.3,4.3,65
trace01690,span01690,,2025-11-21T15:14:04+00:00,recommendation-service,/getUserRecommendations,db-analytics,/updateRecStats,37.7,37.6,65
trace01691,span01691,,2025-11-21T15:14:05+00:00,recommendation-service,/getUserRecommendations,cache-service,/getProfileCache,3.9,3.8,65
trace01692,span01692,,2025-11-21T15:14:05+00:00,recommendation-service,/getUserRecommendations,db-analytics,/updateRecStats,37.7,37.3,65
trace01693,span01693,,2025-11-21T15:14:06+00:00,recommendation-service,/getUserRecommendations,cache-service,/getProfileCache,4.3,4.2,65
trace01694,span01694,,2025-11-21T15:14:06+00:00,recommendation-service,/getUserRecommendations,db-analytics,/updateRecStats,39.1,39.6,65
trace01695,span01695,,2025-11-21T15:14:07+00:00,recommendation-service,/getUserRecommendations,cache-service,/getProfileCache,4.1,4.0,65
trace01696,span01696,,2025-11-21T15:14:07+00:00,recommendation-service,/getUserRecommendations,db-analytics,/updateRecStats,37.5,37.3,65
trace01697,span01697,,2025-11-21T15:14:08+00:00,recommendation-service,/getUserRecommendations,cache-service,/getProfileCache,4.4,4.0,65
trace01698,span01698,,2025-11-21T15:14:08+00:00,recommendation-service,/getUserRecommendations,db-analytics,/updateRecStats,39.0,39.1,65
trace01699,span01699,,2025-11-21T15:14:09+00:00,recommendation-service,/getUserRecommendations,cache-service,/getProfileCache,3.9,4.2,65
trace01700,span01700,,2025-11-21T15:14:09+00:00,recommendation-service,/getUserRecommendations,db-analytics,/updateRecStats,37.6,37.6,65
trace01701,span01701,,2025-11-21T15:14:10+00:00,recommendation-service,/getUserRecommendations,cache-service,/getProfileCache,3.9,4.0,65
trace01702,span01702,,2025-11-21T15:14:10+00:00,recommendation-service,/getUserRecommendations,db-analytics,/updateRecStats,38.0,37.6,65
trace01703,span01703,,2025-11-21T15:14:11+00:00,recommendation-service,/getUserRecommendations,cache-service,/getProfileCache,3.8,4.1,65
trace01704,span01704,,2025-11-21T15:14:11+00:00,recommendation-service,/getUserRecommendations,db-analytics,/updateRecStats,38.6,38.3,65
trace01705,span01705,,2025-11-21T15:14:12+00:00,recommendation-service,/getUserRecommendations,cache-service,/getProfileCache,4.4,4.0,65
trace01706,span01706,,2025-11-21T15:14:12+00:00,recommendation-service,/getUserRecommendations,db-analytics,/updateRecStats,37.9,37.4,65
trace01707,span01707,,2025-11-21T15:14:13+00:00,recommendation-service,/getUserRecommendations,cache-service,/getProfileCache,4.2,3.8,66
trace01708,span01708,,2025-11-21T15:14:13+00:00,recommendation-service,/getUserRecommendations,db-analytics,/updateRecStats,39.3,39.7,66
trace01709,span01709,,2025-11-21T15:14:14+00:00,recommendation-service,/getUserRecommendations,cache-service,/getProfileCache,4.5,4.8,66
trace01710,span01710,,2025-11-21T15:14:14+00:00,recommendation-service,/getUserRecommendations,db-analytics,/updateRecStats,38.9,38.6,66
trace01711,span01711,,2025-11-21T15:14:15+00:00,recommendation-service,/getUserRecommendations,cache-service,/getProfileCache,4.4,4.1,66
trace01712,span01712,,2025-11-21T15:14:15+00:00,recommendation-service,/getUserRecommendations,db-analytics,/updateRecStats,38.1,38.0,66
trace01713,span01713,,2025-11-21T15:14:16+00:00,recommendation-service,/getUserRecommendations,cache-service,/getProfileCache,4.4,4.6,66
trace01714,span01714,,2025-11-21T15:14:16+00:00,recommendation-service,/getUserRecommendations,db-analytics,/updateRecStats,39.5,39.8,66
trace01715,span01715,,2025-11-21T15:14:17+00:00,recommendation-service,/getUserRecommendations,cache-service,/getProfileCache,4.5,4.9,66
trace01716,span01716,,2025-11-21T15:14:17+00:00,recommendation-service,/getUserRecommendations,db-analytics,/updateRecStats,39.7,39.6,66
trace01717,span01717,,2025-11-21T15:14:18+00:00,recommendation-service,/getUserRecommendations,cache-service,/getProfileCache,3.9,4.3,66
trace01718,span01718,,2025-11-21T15:14:18+00:00,recommendation-service,/getUserRecommendations,db-analytics,/updateRecStats,38.8,38.6,66
trace01719,span01719,,2025-11-21T15:14:19+00:00,recommendation-service,/getUserRecommendations,cache-service,/getProfileCache,4.5,4.8,66
trace01720,span01720,,2025-11-21T15:14:19+00:00,recommendation-service,/getUserRecommendations,db-analytics,/updateRecStats,39.9,39.8,66
trace01721,span01721,,2025-11-21T15:14:20+00:00,recommendation-service,/getUserRecommendations,cache-service,/getProfileCache,4.2,4.3,66
trace01722,span01722,,2025-11-21T15:14:20+00:00,recommendation-service,/getUserRecommendations,db-analytics,/updateRecStats,39.7,39.8,66
trace01723,span01723,,2025-11-21T15:14:21+00:00,recommendation-service,/getUserRecommendations,cache-service,/getProfileCache,4.1,4.3,66
trace01724,span01724,,2025-11-21T15:14:21+00:00,recommendation-service,/getUserRecommendations,db-analytics,/updateRecStats,39.0,39.1,66
trace01725,span01725,,2025-11-21T15:14:22+00:00,recommendation-service,/getUserRecommendations,cache-service,/getProfileCache,4.5,4.7,66
trace01726,span01726,,2025-11-21T15:14:22+00:00,recommendation-service,/getUserRecommendations,db-analytics,/updateRecStats,38.9,39.0,66
trace01727,span01727,,2025-11-21T15:14:23+00:00,recommendation-service,/getUserRecommendations,cache-service,/getProfileCache,4.3,4.2,66
trace01728,span01728,,2025-11-21T15:14:23+00:00,recommendation-service,/getUserRecommendations,db-analytics,/updateRecStats,40.3,39.9,66
trace01729,span01729,,2025-11-21T15:14:24+00:00,recommendation-service,/getUserRecommendations,cache-service,/getProfileCache,3.8,3.5,66
trace01730,span01730,,2025-11-21T15:14:24+00:00,recommendation-service,/getUserRecommendations,db-analytics,/updateRecStats,40.1,39.9,66
trace01731,span01731,,2025-11-21T15:14:25+00:00,recommendation-service,/getUserRecommendations,cache-service,/getProfileCache,4.3,3.9,66
trace01732,span01732,,2025-11-21T15:14:25+00:00,recommendation-service,/getUserRecommendations,db-analytics,/updateRecStats,39.3,38.8,66
trace01733,span01733,,2025-11-21T15:14:26+00:00,recommendation-service,/getUserRecommendations,cache-service,/getProfileCache,4.4,4.8,66
trace01734,span01734,,2025-11-21T15:14:26+00:00,recommendation-service,/getUserRecommendations,db-analytics,/updateRecStats,40.1,40.5,66
trace01735,span01735,,2025-11-21T15:14:27+00:00,recommendation-service,/getUserRecommendations,cache-service,/getProfileCache,4.3,4.5,66
trace01736,span01736,,2025-11-21T15:14:27+00:00,recommendation-service,/getUserRecommendations,db-analytics,/updateRecStats,39.3,38.8,66
trace01737,span01737,,2025-11-21T15:14:28+00:00,recommendation-service,/getUserRecommendations,cache-service,/getProfileCache,4.3,4.1,66
trace01738,span01738,,2025-11-21T15:14:28+00:00,recommendation-service,/getUserRecommendations,db-analytics,/updateRecStats,39.3,39.2,66
trace01739,span01739,,2025-11-21T15:14:29+00:00,recommendation-service,/getUserRecommendations,cache-service,/getProfileCache,4.6,4.6,67
trace01740,span01740,,2025-11-21T15:14:29+00:00,recommendation-service,/getUserRecommendations,db-analytics,/updateRecStats,40.6,40.8,67
trace01741,span01741,,2025-11-21T15:14:30+00:00,recommendation-service,/getUserRecommendations,cache-service,/getProfileCache,4.4,4.5,67
trace01742,span01742,,2025-11-21T15:14:30+00:00,recommendation-service,/getUserRecommendations,db-analytics,/updateRecStats,40.7,41.0,67
trace01743,span01743,,2025-11-21T15:14:31+00:00,recommendation-service,/getUserRecommendations,cache-service,/getProfileCache,4.2,4.3,67
trace01744,span01744,,2025-11-21T15:14:31+00:00,recommendation-service,/getUserRecommendations,db-analytics,/updateRecStats,38.9,39.0,67
trace01745,span01745,,2025-11-21T15:14:32+00:00,recommendation-service,/getUserRecommendations,cache-service,/getProfileCache,3.8,4.0,67
trace01746,span01746,,2025-11-21T15:14:32+00:00,recommendation-service,/getUserRecommendations,db-analytics,/updateRecStats,39.7,39.8,67
trace01747,span01747,,2025-11-21T15:14:33+00:00,recommendation-service,/getUserRecommendations,cache-service,/getProfileCache,4.4,4.3,67
trace01748,span01748,,2025-11-21T15:14:33+00:00,recommendation-service,/getUserRecommendations,db-analytics,/updateRecStats,40.8,40.4,67
trace01749,span01749,,2025-11-21T15:14:34+00:00,recommendation-service,/getUserRecommendations,cache-service,/getProfileCache,4.1,3.6,67
trace01750,span01750,,2025-11-21T15:14:34+00:00,recommendation-service,/getUserRecommendations,db-analytics,/updateRecStats,40.2,39.8,67
trace01751,span01751,,2025-11-21T15:14:35+00:00,recommendation-service,/getUserRecommendations,cache-service,/getProfileCache,4.4,4.2,67
trace01752,span01752,,2025-11-21T15:14:35+00:00,recommendation-service,/getUserRecommendations,db-analytics,/updateRecStats,40.5,40.8,67
trace01753,span01753,,2025-11-21T15:14:36+00:00,recommendation-service,/getUserRecommendations,cache-service,/getProfileCache,4.0,3.7,67
trace01754,span01754,,2025-11-21T15:14:36+00:00,recommendation-service,/getUserRecommendations,db-analytics,/updateRecStats,39.7,39.7,67
trace01755,span01755,,2025-11-21T15:14:37+00:00,recommendation-service,/getUserRecommendations,cache-service,/getProfileCache,4.2,4.5,67
trace01756,span01756,,2025-11-21T15:14:37+00:00,recommendation-service,/getUserRecommendations,db-analytics,/updateRecStats,39.2,39.5,67
trace01757,span01757,,2025-11-21T15:14:38+00:00,recommendation-service,/getUserRecommendations,cache-service,/getProfileCache,4.2,4.5,67
trace01758,span01758,,2025-11-21T15:14:38+00:00,recommendation-service,/getUserRecommendations,db-analytics,/updateRecStats,41.0,41.1,67
trace01759,span01759,,2025-11-21T15:14:39+00:00,recommendation-service,/getUserRecommendations,cache-service,/getProfileCache,3.9,4.3,67
trace01760,span01760,,2025-11-21T15:14:39+00:00,recommendation-service,/getUserRecommendations,db-analytics,/updateRecStats,40.3,40.0,67
trace01761,span01761,,2025-11-21T15:14:40+00:00,recommendation-service,/getUserRecommendations,cache-service,/getProfileCache,4.4,4.5,67
trace01762,span01762,,2025-11-21T15:14:40+00:00,recommendation-service,/getUserRecommendations,db-analytics,/updateRecStats,40.5,40.2,67
trace01763,span01763,,2025-11-21T15:14:41+00:00,recommendation-service,/getUserRecommendations,cache-service,/getProfileCache,4.1,4.5,67
trace01764,span01764,,2025-11-21T15:14:41+00:00,recommendation-service,/getUserRecommendations,db-analytics,/updateRecStats,40.9,40.8,67
trace01765,span01765,,2025-11-21T15:14:42+00:00,recommendation-service,/getUserRecommendations,cache-service,/getProfileCache,4.4,4.6,67
trace01766,span01766,,2025-11-21T15:14:42+00:00,recommendation-service,/getUserRecommendations,db-analytics,/updateRecStats,40.7,41.2,67
trace01767,span01767,,2025-11-21T15:14:43+00:00,recommendation-service,/getUserRecommendations,cache-service,/getProfileCache,4.3,4.7,67
trace01768,span01768,,2025-11-21T15:14:43+00:00,recommendation-service,/getUserRecommendations,db-analytics,/updateRecStats,41.1,40.9,67
trace01769,span01769,,2025-11-21T15:14:44+00:00,recommendation-service,/getUserRecommendations,cache-service,/getProfileCache,4.4,4.1,67
trace01770,span01770,,2025-11-21T15:14:44+00:00,recommendation-service,/getUserRecommendations,db-analytics,/updateRecStats,40.4,40.3,67
trace01771,span01771,,2025-11-21T15:14:45+00:00,recommendation-service,/getUserRecommendations,cache-service,/getProfileCache,4.5,4.1,67
trace01772,span01772,,2025-11-21T15:14:45+00:00,recommendation-service,/getUserRecommendations,db-analytics,/updateRecStats,41.4,41.0,67
trace01773,span01773,,2025-11-21T15:14:46+00:00,recommendation-service,/getUserRecommendations,cache-service,/getProfileCache,4.0,4.0,68
trace01774,span01774,,2025-11-21T15:14:46+00:00,recommendation-service,/getUserRecommendations,db-analytics,/updateRecStats,41.5,41.0,68
trace01775,span01775,,2025-11-21T15:14:47+00:00,recommendation-service,/getUserRecommendations,cache-service,/getProfileCache,4.1,4.2,68
trace01776,span01776,,2025-11-21T15:14:47+00:00,recommendation-service,/getUserRecommendations,db-analytics,/updateRecStats,40.2,39.8,68
trace01777,span01777,,2025-11-21T15:14:48+00:00,recommendation-service,/getUserRecommendations,cache-service,/getProfileCache,4.3,3.9,68
trace01778,span01778,,2025-11-21T15:14:48+00:00,recommendation-service,/getUserRecommendations,db-analytics,/updateRecStats,40.7,40.8,68
trace01779,span01779,,2025-11-21T15:14:49+00:00,recommendation-service,/getUserRecommendations,cache-service,/getProfileCache,4.5,4.8,68
trace01780,span01780,,2025-11-21T15:14:49+00:00,recommendation-service,/getUserRecommendations,db-analytics,/updateRecStats,42.2,42.6,68
trace01781,span01781,,2025-11-21T15:14:50+00:00,recommendation-service,/getUserRecommendations,cache-service,/getProfileCache,4.0,3.6,68
trace01782,span01782,,2025-11-21T15:14:50+00:00,recommendation-service,/getUserRecommendations,db-analytics,/updateRecStats,41.7,41.8,68
trace01783,span01783,,2025-11-21T15:14:51+00:00,recommendation-service,/getUserRecommendations,cache-service,/getProfileCache,3.8,3.4,68
trace01784,span01784,,2025-11-21T15:14:51+00:00,recommendation-service,/getUserRecommendations,db-analytics,/updateRecStats,41.9,41.9,68
trace01785,span01785,,2025-11-21T15:14:52+00:00,recommendation-service,/getUserRecommendations,cache-service,/getProfileCache,4.4,4.3,68
trace01786,span01786,,2025-11-21T15:14:52+00:00,recommendation-service,/getUserRecommendations,db-analytics,/updateRecStats,42.1,42.2,68
trace01787,span01787,,2025-11-21T15:14:53+00:00,recommendation-service,/getUserRecommendations,cache-service,/getProfileCache,4.3,4.0,68
trace01788,span01788,,2025-11-21T15:14:53+00:00,recommendation-service,/getUserRecommendations,db-analytics,/updateRecStats,41.9,42.0,68
trace01789,span01789,,2025-11-21T15:14:54+00:00,recommendation-service,/getUserRecommendations,cache-service,/getProfileCache,4.4,4.0,68
trace01790,span01790,,2025-11-21T15:14:54+00:00,recommendation-service,/getUserRecommendations,db-analytics,/updateRecStats,42.8,42.7,68
trace01791,span01791,,2025-11-21T15:14:55+00:00,recommendation-service,/getUserRecommendations,cache-service,/getProfileCache,4.1,4.5,68
trace01792,span01792,,2025-11-21T15:14:55+00:00,recommendation-service,/getUserRecommendations,db-analytics,/updateRecStats,42.7,43.1,68
trace01793,span01793,,2025-11-21T15:14:56+00:00,recommendation-service,/getUserRecommendations,cache-service,/getProfileCache,3.9,4.4,68
trace01794,span01794,,2025-11-21T15:14:56+00:00,recommendation-service,/getUserRecommendations,db-analytics,/updateRecStats,41.8,42.0,68
trace01795,span01795,,2025-11-21T15:14:57+00:00,recommendation-service,/getUserRecommendations,cache-service,/getProfileCache,4.2,4.2,68
trace01796,span01796,,2025-11-21T15:14:57+00:00,recommendation-service,/getUserRecommendations,db-analytics,/updateRecStats,42.3,42.7,68
trace01797,span01797,,2025-11-21T15:14:58+00:00,recommendation-service,/getUserRecommendations,cache-service,/getProfileCache,4.5,4.0,68
trace01798,span01798,,2025-11-21T15:14:58+00:00,recommendation-service,/getUserRecommendations,db-analytics,/updateRecStats,41.2,41.0,68
trace01799,span01799,,2025-11-21T15:14:59+00:00,recommendation-service,/getUserRecommendations,cache-service,/getProfileCache,4.2,4.6,68
trace01800,span01800,,2025-11-21T15:14:59+00:00,recommendation-service,/getUserRecommendations,db-analytics,/updateRecStats,41.4,41.6,68
trace01801,span01801,,2025-11-21T15:15:00+00:00,recommendation-service,/getUserRecommendations,cache-service,/getProfileCache,4.4,4.7,68
trace01802,span01802,,2025-11-21T15:15:00+00:00,recommendation-service,/getUserRecommendations,db-analytics,/updateRecStats,42.6,42.1,68
trace01803,span01803,,2025-11-21T15:15:01+00:00,recommendation-service,/getUserRecommendations,cache-service,/getProfileCache,4.3,3.8,68
trace01804,span01804,,2025-11-21T15:15:01+00:00,recommendation-service,/getUserRecommendations,db-analytics,/updateRecStats,41.3,40.9,68
trace01805,span01805,,2025-11-21T15:15:02+00:00,recommendation-service,/getUserRecommendations,cache-service,/getProfileCache,4.4,4.1,68
trace01806,span01806,,2025-11-21T15:15:02+00:00,recommendation-service,/getUserRecommendations,db-analytics,/updateRecStats,43.0,42.6,68
trace01807,span01807,,2025-11-21T15:15:03+00:00,recommendation-service,/getUserRecommendations,cache-service,/getProfileCache,4.4,4.0,68
trace01808,span01808,,2025-11-21T15:15:03+00:00,recommendation-service,/getUserRecommendations,db-analytics,/updateRecStats,41.7,42.0,68
trace01809,span01809,,2025-11-21T15:15:04+00:00,recommendation-service,/getUserRecommendations,cache-service,/getProfileCache,4.1,4.0,68
trace01810,span01810,,2025-11-21T15:15:04+00:00,recommendation-service,/getUserRecommendations,db-analytics,/updateRecStats,42.0,42.0,68
trace01811,span01811,,2025-11-21T15:15:05+00:00,recommendation-service,/getUserRecommendations,cache-service,/getProfileCache,4.3,4.2,68
trace01812,span01812,,2025-11-21T15:15:05+00:00,recommendation-service,/getUserRecommendations,db-analytics,/updateRecStats,42.8,43.2,68
trace01813,span01813,,2025-11-21T15:15:06+00:00,recommendation-service,/getUserRecommendations,cache-service,/getProfileCache,4.1,3.7,68
trace01814,span01814,,2025-11-21T15:15:06+00:00,recommendation-service,/getUserRecommendations,db-analytics,/updateRecStats,41.4,41.7,68
trace01815,span01815,,2025-11-21T15:15:07+00:00,recommendation-service,/getUserRecommendations,cache-service,/getProfileCache,4.3,4.6,69
trace01816,span01816,,2025-11-21T15:15:07+00:00,recommendation-service,/getUserRecommendations,db-analytics,/updateRecStats,42.3,42.3,69
trace01817,span01817,,2025-11-21T15:15:08+00:00,recommendation-service,/getUserRecommendations,cache-service,/getProfileCache,4.3,4.5,69
trace01818,span01818,,2025-11-21T15:15:08+00:00,recommendation-service,/getUserRecommendations,db-analytics,/updateRecStats,42.6,42.7,69
trace01819,span01819,,2025-11-21T15:15:09+00:00,recommendation-service,/getUserRecommendations,cache-service,/getProfileCache,3.8,4.0,69
trace01820,span01820,,2025-11-21T15:15:09+00:00,recommendation-service,/getUserRecommendations,db-analytics,/updateRecStats,43.0,43.3,69
trace01821,span01821,,2025-11-21T15:15:10+00:00,recommendation-service,/getUserRecommendations,cache-service,/getProfileCache,3.9,4.1,69
trace01822,span01822,,2025-11-21T15:15:10+00:00,recommendation-service,/getUserRecommendations,db-analytics,/updateRecStats,41.8,42.0,69
trace01823,span01823,,2025-11-21T15:15:11+00:00,recommendation-service,/getUserRecommendations,cache-service,/getProfileCache,4.0,3.5,69
trace01824,span01824,,2025-11-21T15:15:11+00:00,recommendation-service,/getUserRecommendations,db-analytics,/updateRecStats,43.5,43.0,69
trace01825,span01825,,2025-11-21T15:15:12+00:00,recommendation-service,/getUserRecommendations,cache-service,/getProfileCache,4.1,3.9,69
trace01826,span01826,,2025-11-21T15:15:12+00:00,recommendation-service,/getUserRecommendations,db-analytics,/updateRecStats,42.3,42.7,69
trace01827,span01827,,2025-11-21T15:15:13+00:00,recommendation-service,/getUserRecommendations,cache-service,/getProfileCache,3.9,3.9,69
trace01828,span01828,,2025-11-21T15:15:13+00:00,recommendation-service,/getUserRecommendations,db-analytics,/updateRecStats,43.2,42.8,69
trace01829,span01829,,2025-11-21T15:15:14+00:00,recommendation-service,/getUserRecommendations,cache-service,/getProfileCache,4.1,4.4,69
trace01830,span01830,,2025-11-21T15:15:14+00:00,recommendation-service,/getUserRecommendations,db-analytics,/updateRecStats,43.0,43.4,69
trace01831,span01831,,2025-11-21T15:15:15+00:00,recommendation-service,/getUserRecommendations,cache-service,/getProfileCache,3.9,3.5,69
trace01832,span01832,,2025-11-21T15:15:15+00:00,recommendation-service,/getUserRecommendations,db-analytics,/updateRecStats,43.1,43.4,69
trace01833,span01833,,2025-11-21T15:15:16+00:00,recommendation-service,/getUserRecommendations,cache-service,/getProfileCache,4.5,4.7,69
trace01834,span01834,,2025-11-21T15:15:16+00:00,recommendation-service,/getUserRecommendations,db-analytics,/updateRecStats,42.8,42.8,69
trace01835,span01835,,2025-11-21T15:15:17+00:00,recommendation-service,/getUserRecommendations,cache-service,/getProfileCache,3.8,3.8,69
trace01836,span01836,,2025-11-21T15:15:17+00:00,recommendation-service,/getUserRecommendations,db-analytics,/updateRecStats,43.1,43.2,69
trace01837,span01837,,2025-11-21T15:15:18+00:00,recommendation-service,/getUserRecommendations,cache-service,/getProfileCache,4.5,4.5,69
trace01838,span01838,,2025-11-21T15:15:18+00:00,recommendation-service,/getUserRecommendations,db-analytics,/updateRecStats,43.7,43.9,69
trace01839,span01839,,2025-11-21T15:15:19+00:00,recommendation-service,/getUserRecommendations,cache-service,/getProfileCache,3.8,4.0,69
trace01840,span01840,,2025-11-21T15:15:19+00:00,recommendation-service,/getUserRecommendations,db-analytics,/updateRecStats,42.7,42.5,69
trace01841,span01841,,2025-11-21T15:15:20+00:00,recommendation-service,/getUserRecommendations,cache-service,/getProfileCache,4.1,4.1,69
trace01842,span01842,,2025-11-21T15:15:20+00:00,recommendation-service,/getUserRecommendations,db-analytics,/updateRecStats,43.6,43.2,69
trace01843,span01843,,2025-11-21T15:15:21+00:00,recommendation-service,/getUserRecommendations,cache-service,/getProfileCache,4.1,3.8,69
trace01844,span01844,,2025-11-21T15:15:21+00:00,recommendation-service,/getUserRecommendations,db-analytics,/updateRecStats,42.7,42.7,69
trace01845,span01845,,2025-11-21T15:15:22+00:00,recommendation-service,/getUserRecommendations,cache-service,/getProfileCache,4.3,4.3,69
trace01846,span01846,,2025-11-21T15:15:22+00:00,recommendation-service,/getUserRecommendations,db-analytics,/updateRecStats,42.5,42.7,69
trace01847,span01847,,2025-11-21T15:15:23+00:00,recommendation-service,/getUserRecommendations,cache-service,/getProfileCache,4.6,4.2,69
trace01848,span01848,,2025-11-21T15:15:23+00:00,recommendation-service,/getUserRecommendations,db-analytics,/updateRecStats,42.5,42.7,69
trace01849,span01849,,2025-11-21T15:15:24+00:00,recommendation-service,/getUserRecommendations,cache-service,/getProfileCache,4.1,4.3,69
trace01850,span01850,,2025-11-21T15:15:24+00:00,recommendation-service,/getUserRecommendations,db-analytics,/updateRecStats,43.0,43.4,69
trace01851,span01851,,2025-11-21T15:15:25+00:00,recommendation-service,/getUserRecommendations,cache-service,/getProfileCache,3.9,4.2,69
trace01852,span01852,,2025-11-21T15:15:25+00:00,recommendation-service,/getUserRecommendations,db-analytics,/updateRecStats,44.1,44.4,69
trace01853,span01853,,2025-11-21T15:15:26+00:00,recommendation-service,/getUserRecommendations,cache-service,/getProfileCache,4.4,4.4,69
trace01854,span01854,,2025-11-21T15:15:26+00:00,recommendation-service,/getUserRecommendations,db-analytics,/updateRecStats,43.9,44.1,69
trace01855,span01855,,2025-11-21T15:15:27+00:00,recommendation-service,/getUserRecommendations,cache-service,/getProfileCache,4.1,4.0,69
trace01856,span01856,,2025-11-21T15:15:27+00:00,recommendation-service,/getUserRecommendations,db-analytics,/updateRecStats,43.8,43.4,69
trace01857,span01857,,2025-11-21T15:15:28+00:00,recommendation-service,/getUserRecommendations,cache-service,/getProfileCache,4.1,3.9,69
trace01858,span01858,,2025-11-21T15:15:28+00:00,recommendation-service,/getUserRecommendations,db-analytics,/updateRecStats,42.5,42.7,69
trace01859,span01859,,2025-11-21T15:15:29+00:00,recommendation-service,/getUserRecommendations,cache-service,/getProfileCache,4.3,4.2,69
trace01860,span01860,,2025-11-21T15:15:29+00:00,recommendation-service,/getUserRecommendations,db-analytics,/updateRecStats,43.2,43.7,69
trace01861,span01861,,2025-11-21T15:15:30+00:00,recommendation-service,/getUserRecommendations,cache-service,/getProfileCache,4.3,4.6,69
trace01862,span01862,,2025-11-21T15:15:30+00:00,recommendation-service,/getUserRecommendations,db-analytics,/updateRecStats,44.5,44.1,69
trace01863,span01863,,2025-11-21T15:15:31+00:00,recommendation-service,/getUserRecommendations,cache-service,/getProfileCache,4.5,4.8,70
trace01864,span01864,,2025-11-21T15:15:31+00:00,recommendation-service,/getUserRecommendations,db-analytics,/updateRecStats,44.1,43.7,70
trace01865,span01865,,2025-11-21T15:15:32+00:00,recommendation-service,/getUserRecommendations,cache-service,/getProfileCache,3.9,4.2,70
trace01866,span01866,,2025-11-21T15:15:32+00:00,recommendation-service,/getUserRecommendations,db-analytics,/updateRecStats,43.0,42.6,70
trace01867,span01867,,2025-11-21T15:15:33+00:00,recommendation-service,/getUserRecommendations,cache-service,/getProfileCache,4.2,4.6,70
trace01868,span01868,,2025-11-21T15:15:33+00:00,recommendation-service,/getUserRecommendations,db-analytics,/updateRecStats,43.4,43.7,70
trace01869,span01869,,2025-11-21T15:15:34+00:00,recommendation-service,/getUserRecommendations,cache-service,/getProfileCache,4.0,3.6,70
trace01870,span01870,,2025-11-21T15:15:34+00:00,recommendation-service,/getUserRecommendations,db-analytics,/updateRecStats,43.9,44.3,70
trace01871,span01871,,2025-11-21T15:15:35+00:00,recommendation-service,/getUserRecommendations,cache-service,/getProfileCache,4.4,4.3,70
trace01872,span01872,,2025-11-21T15:15:35+00:00,recommendation-service,/getUserRecommendations,db-analytics,/updateRecStats,44.6,44.6,70
trace01873,span01873,,2025-11-21T15:15:36+00:00,recommendation-service,/getUserRecommendations,cache-service,/getProfileCache,3.9,4.3,70
trace01874,span01874,,2025-11-21T15:15:36+00:00,recommendation-service,/getUserRecommendations,db-analytics,/updateRecStats,44.7,44.8,70
trace01875,span01875,,2025-11-21T15:15:37+00:00,recommendation-service,/getUserRecommendations,cache-service,/getProfileCache,4.4,4.8,70
trace01876,span01876,,2025-11-21T15:15:37+00:00,recommendation-service,/getUserRecommendations,db-analytics,/updateRecStats,44.7,44.4,70
trace01877,span01877,,2025-11-21T15:15:38+00:00,recommendation-service,/getUserRecommendations,cache-service,/getProfileCache,3.8,4.0,70
trace01878,span01878,,2025-11-21T15:15:38+00:00,recommendation-service,/getUserRecommendations,db-analytics,/updateRecStats,44.6,44.6,70
trace01879,span01879,,2025-11-21T15:15:39+00:00,recommendation-service,/getUserRecommendations,cache-service,/getProfileCache,4.1,3.8,70
trace01880,span01880,,2025-11-21T15:15:39+00:00,recommendation-service,/getUserRecommendations,db-analytics,/updateRecStats,43.9,44.0,70
trace01881,span01881,,2025-11-21T15:15:40+00:00,recommendation-service,/getUserRecommendations,cache-service,/getProfileCache,4.4,4.1,70
trace01882,span01882,,2025-11-21T15:15:40+00:00,recommendation-service,/getUserRecommendations,db-analytics,/updateRecStats,44.9,44.4,70
trace01883,span01883,,2025-11-21T15:15:41+00:00,recommendation-service,/getUserRecommendations,cache-service,/getProfileCache,4.4,4.0,70
trace01884,span01884,,2025-11-21T15:15:41+00:00,recommendation-service,/getUserRecommendations,db-analytics,/updateRecStats,44.4,44.9,70
trace01885,span01885,,2025-11-21T15:15:42+00:00,recommendation-service,/getUserRecommendations,cache-service,/getProfileCache,4.6,4.3,70
trace01886,span01886,,2025-11-21T15:15:42+00:00,recommendation-service,/getUserRecommendations,db-analytics,/updateRecStats,44.1,44.6,70
trace01887,span01887,,2025-11-21T15:15:43+00:00,recommendation-service,/getUserRecommendations,cache-service,/getProfileCache,4.5,5.0,70
trace01888,span01888,,2025-11-21T15:15:43+00:00,recommendation-service,/getUserRecommendations,db-analytics,/updateRecStats,45.3,45.7,70
trace01889,span01889,,2025-11-21T15:15:44+00:00,recommendation-service,/getUserRecommendations,cache-service,/getProfileCache,4.5,4.0,70
trace01890,span01890,,2025-11-21T15:15:44+00:00,recommendation-service,/getUserRecommendations,db-analytics,/updateRecStats,45.0,45.4,70
trace01891,span01891,,2025-11-21T15:15:45+00:00,recommendation-service,/getUserRecommendations,cache-service,/getProfileCache,4.0,4.3,70
trace01892,span01892,,2025-11-21T15:15:45+00:00,recommendation-service,/getUserRecommendations,db-analytics,/updateRecStats,44.0,43.8,70
trace01893,span01893,,2025-11-21T15:15:46+00:00,recommendation-service,/getUserRecommendations,cache-service,/getProfileCache,4.0,3.9,70
trace01894,span01894,,2025-11-21T15:15:46+00:00,recommendation-service,/getUserRecommendations,db-analytics,/updateRecStats,44.2,43.7,70
trace01895,span01895,,2025-11-21T15:15:47+00:00,recommendation-service,/getUserRecommendations,cache-service,/getProfileCache,4.4,4.1,70
trace01896,span01896,,2025-11-21T15:15:47+00:00,recommendation-service,/getUserRecommendations,db-analytics,/updateRecStats,44.1,44.0,70
trace01897,span01897,,2025-11-21T15:15:48+00:00,recommendation-service,/getUserRecommendations,cache-service,/getProfileCache,4.1,3.8,70
trace01898,span01898,,2025-11-21T15:15:48+00:00,recommendation-service,/getUserRecommendations,db-analytics,/updateRecStats,45.2,45.7,70
trace01899,span01899,,2025-11-21T15:15:49+00:00,recommendation-service,/getUserRecommendations,cache-service,/getProfileCache,4.6,4.3,70
trace01900,span01900,,2025-11-21T15:15:49+00:00,recommendation-service,/getUserRecommendations,db-analytics,/updateRecStats,44.0,44.3,70
trace01901,span01901,,2025-11-21T15:15:50+00:00,recommendation-service,/getUserRecommendations,cache-service,/getProfileCache,4.1,3.8,70
trace01902,span01902,,2025-11-21T15:15:50+00:00,recommendation-service,/getUserRecommendations,db-analytics,/updateRecStats,45.2,44.9,70
trace01903,span01903,,2025-11-21T15:15:51+00:00,recommendation-service,/getUserRecommendations,cache-service,/getProfileCache,3.8,3.4,70
trace01904,span01904,,2025-11-21T15:15:51+00:00,recommendation-service,/getUserRecommendations,db-analytics,/updateRecStats,45.3,45.3,70
trace01905,span01905,,2025-11-21T15:15:52+00:00,recommendation-service,/getUserRecommendations,cache-service,/getProfileCache,4.3,4.7,70
trace01906,span01906,,2025-11-21T15:15:52+00:00,recommendation-service,/getUserRecommendations,db-analytics,/updateRecStats,45.5,45.8,70
trace01907,span01907,,2025-11-21T15:15:53+00:00,recommendation-service,/getUserRecommendations,cache-service,/getProfileCache,3.9,3.4,70
trace01908,span01908,,2025-11-21T15:15:53+00:00,recommendation-service,/getUserRecommendations,db-analytics,/updateRecStats,44.5,44.6,70
trace01909,span01909,,2025-11-21T15:15:54+00:00,recommendation-service,/getUserRecommendations,cache-service,/getProfileCache,4.3,4.1,71
trace01910,span01910,,2025-11-21T15:15:54+00:00,recommendation-service,/getUserRecommendations,db-analytics,/updateRecStats,46.0,46.3,71
trace01911,span01911,,2025-11-21T15:15:55+00:00,recommendation-service,/getUserRecommendations,cache-service,/getProfileCache,4.0,3.9,71
trace01912,span01912,,2025-11-21T15:15:55+00:00,recommendation-service,/getUserRecommendations,db-analytics,/updateRecStats,46.0,46.4,71
trace01913,span01913,,2025-11-21T15:15:56+00:00,recommendation-service,/getUserRecommendations,cache-service,/getProfileCache,4.0,4.4,71
trace01914,span01914,,2025-11-21T15:15:56+00:00,recommendation-service,/getUserRecommendations,db-analytics,/updateRecStats,45.2,44.8,71
trace01915,span01915,,2025-11-21T15:15:57+00:00,recommendation-service,/getUserRecommendations,cache-service,/getProfileCache,4.0,3.6,71
trace01916,span01916,,2025-11-21T15:15:57+00:00,recommendation-service,/getUserRecommendations,db-analytics,/updateRecStats,46.3,46.7,71
trace01917,span01917,,2025-11-21T15:15:58+00:00,recommendation-service,/getUserRecommendations,cache-service,/getProfileCache,4.3,4.0,71
trace01918,span01918,,2025-11-21T15:15:58+00:00,recommendation-service,/getUserRecommendations,db-analytics,/updateRecStats,45.3,45.1,71
trace01919,span01919,,2025-11-21T15:15:59+00:00,recommendation-service,/getUserRecommendations,cache-service,/getProfileCache,4.5,4.7,71
trace01920,span01920,,2025-11-21T15:15:59+00:00,recommendation-service,/getUserRecommendations,db-analytics,/updateRecStats,45.7,45.6,71
trace01921,span01921,,2025-11-21T15:16:00+00:00,recommendation-service,/getUserRecommendations,cache-service,/getProfileCache,4.3,4.7,71
trace01922,span01922,,2025-11-21T15:16:00+00:00,recommendation-service,/getUserRecommendations,db-analytics,/updateRecStats,45.2,44.7,71
trace01923,span01923,,2025-11-21T15:16:01+00:00,recommendation-service,/getUserRecommendations,cache-service,/getProfileCache,4.5,4.8,71
trace01924,span01924,,2025-11-21T15:16:01+00:00,recommendation-service,/getUserRecommendations,db-analytics,/updateRecStats,46.6,46.4,71
trace01925,span01925,,2025-11-21T15:16:02+00:00,recommendation-service,/getUserRecommendations,cache-service,/getProfileCache,4.2,3.8,71
trace01926,span01926,,2025-11-21T15:16:02+00:00,recommendation-service,/getUserRecommendations,db-analytics,/updateRecStats,44.7,44.2,71
trace01927,span01927,,2025-11-21T15:16:03+00:00,recommendation-service,/getUserRecommendations,cache-service,/getProfileCache,4.6,4.5,71
trace01928,span01928,,2025-11-21T15:16:03+00:00,recommendation-service,/getUserRecommendations,db-analytics,/updateRecStats,45.6,45.9,71
trace01929,span01929,,2025-11-21T15:16:04+00:00,recommendation-service,/getUserRecommendations,cache-service,/getProfileCache,4.0,4.4,71
trace01930,span01930,,2025-11-21T15:16:04+00:00,recommendation-service,/getUserRecommendations,db-analytics,/updateRecStats,46.8,47.1,71
trace01931,span01931,,2025-11-21T15:16:05+00:00,recommendation-service,/getUserRecommendations,cache-service,/getProfileCache,3.8,3.8,71
trace01932,span01932,,2025-11-21T15:16:05+00:00,recommendation-service,/getUserRecommendations,db-analytics,/updateRecStats,45.5,45.4,71
trace01933,span01933,,2025-11-21T15:16:06+00:00,recommendation-service,/getUserRecommendations,cache-service,/getProfileCache,4.2,3.8,71
trace01934,span01934,,2025-11-21T15:16:06+00:00,recommendation-service,/getUserRecommendations,db-analytics,/updateRecStats,45.9,45.8,71
trace01935,span01935,,2025-11-21T15:16:07+00:00,recommendation-service,/getUserRecommendations,cache-service,/getProfileCache,4.6,4.4,71
trace01936,span01936,,2025-11-21T15:16:07+00:00,recommendation-service,/getUserRecommendations,db-analytics,/updateRecStats,45.6,45.2,71
trace01937,span01937,,2025-11-21T15:16:08+00:00,recommendation-service,/getUserRecommendations,cache-service,/getProfileCache,4.5,4.9,71
trace01938,span01938,,2025-11-21T15:16:08+00:00,recommendation-service,/getUserRecommendations,db-analytics,/updateRecStats,46.1,45.7,71
trace01939,span01939,,2025-11-21T15:16:09+00:00,recommendation-service,/getUserRecommendations,cache-service,/getProfileCache,3.9,3.5,71
trace01940,span01940,,2025-11-21T15:16:09+00:00,recommendation-service,/getUserRecommendations,db-analytics,/updateRecStats,45.8,46.2,71
trace01941,span01941,,2025-11-21T15:16:10+00:00,recommendation-service,/getUserRecommendations,cache-service,/getProfileCache,4.0,3.8,71
trace01942,span01942,,2025-11-21T15:16:10+00:00,recommendation-service,/getUserRecommendations,db-analytics,/updateRecStats,47.1,47.3,71
trace01943,span01943,,2025-11-21T15:16:11+00:00,recommendation-service,/getUserRecommendations,cache-service,/getProfileCache,4.6,4.5,71
trace01944,span01944,,2025-11-21T15:16:11+00:00,recommendation-service,/getUserRecommendations,db-analytics,/updateRecStats,45.4,45.1,71
trace01945,span01945,,2025-11-21T15:16:12+00:00,recommendation-service,/getUserRecommendations,cache-service,/getProfileCache,4.0,4.3,72
trace01946,span01946,,2025-11-21T15:16:12+00:00,recommendation-service,/getUserRecommendations,db-analytics,/updateRecStats,46.9,47.1,72
trace01947,span01947,,2025-11-21T15:16:13+00:00,recommendation-service,/getUserRecommendations,cache-service,/getProfileCache,4.0,4.1,72
trace01948,span01948,,2025-11-21T15:16:13+00:00,recommendation-service,/getUserRecommendations,db-analytics,/updateRecStats,46.8,47.0,72
trace01949,span01949,,2025-11-21T15:16:14+00:00,recommendation-service,/getUserRecommendations,cache-service,/getProfileCache,4.0,4.5,72
trace01950,span01950,,2025-11-21T15:16:14+00:00,recommendation-service,/getUserRecommendations,db-analytics,/updateRecStats,46.1,46.4,72
trace01951,span01951,,2025-11-21T15:16:15+00:00,recommendation-service,/getUserRecommendations,cache-service,/getProfileCache,4.5,4.9,72
trace01952,span01952,,2025-11-21T15:16:15+00:00,recommendation-service,/getUserRecommendations,db-analytics,/updateRecStats,47.4,47.0,72
trace01953,span01953,,2025-11-21T15:16:16+00:00,recommendation-service,/getUserRecommendations,cache-service,/getProfileCache,4.3,4.2,72
trace01954,span01954,,2025-11-21T15:16:16+00:00,recommendation-service,/getUserRecommendations,db-analytics,/updateRecStats,47.9,48.2,72
trace01955,span01955,,2025-11-21T15:16:17+00:00,recommendation-service,/getUserRecommendations,cache-service,/getProfileCache,4.4,4.3,72
trace01956,span01956,,2025-11-21T15:16:17+00:00,recommendation-service,/getUserRecommendations,db-analytics,/updateRecStats,46.8,46.6,72
trace01957,span01957,,2025-11-21T15:16:18+00:00,recommendation-service,/getUserRecommendations,cache-service,/getProfileCache,4.2,4.3,72
trace01958,span01958,,2025-11-21T15:16:18+00:00,recommendation-service,/getUserRecommendations,db-analytics,/updateRecStats,46.7,47.1,72
trace01959,span01959,,2025-11-21T15:16:19+00:00,recommendation-service,/getUserRecommendations,cache-service,/getProfileCache,4.0,4.1,72
trace01960,span01960,,2025-11-21T15:16:19+00:00,recommendation-service,/getUserRecommendations,db-analytics,/updateRecStats,47.6,47.9,72
trace01961,span01961,,2025-11-21T15:16:20+00:00,recommendation-service,/getUserRecommendations,cache-service,/getProfileCache,4.4,4.1,72
trace01962,span01962,,2025-11-21T15:16:20+00:00,recommendation-service,/getUserRecommendations,db-analytics,/updateRecStats,47.0,46.6,72
trace01963,span01963,,2025-11-21T15:16:21+00:00,recommendation-service,/getUserRecommendations,cache-service,/getProfileCache,4.5,4.8,72
trace01964,span01964,,2025-11-21T15:16:21+00:00,recommendation-service,/getUserRecommendations,db-analytics,/updateRecStats,47.2,46.9,72
trace01965,span01965,,2025-11-21T15:16:22+00:00,recommendation-service,/getUserRecommendations,cache-service,/getProfileCache,4.3,4.7,72
trace01966,span01966,,2025-11-21T15:16:22+00:00,recommendation-service,/getUserRecommendations,db-analytics,/updateRecStats,48.0,48.0,72
trace01967,span01967,,2025-11-21T15:16:23+00:00,recommendation-service,/getUserRecommendations,cache-service,/getProfileCache,4.2,4.3,72
trace01968,span01968,,2025-11-21T15:16:23+00:00,recommendation-service,/getUserRecommendations,db-analytics,/updateRecStats,46.2,45.8,72
trace01969,span01969,,2025-11-21T15:16:24+00:00,recommendation-service,/getUserRecommendations,cache-service,/getProfileCache,3.9,4.0,72
trace01970,span01970,,2025-11-21T15:16:24+00:00,recommendation-service,/getUserRecommendations,db-analytics,/updateRecStats,47.5,47.2,72
trace01971,span01971,,2025-11-21T15:16:25+00:00,recommendation-service,/getUserRecommendations,cache-service,/getProfileCache,4.4,4.7,72
trace01972,span01972,,2025-11-21T15:16:25+00:00,recommendation-service,/getUserRecommendations,db-analytics,/updateRecStats,47.3,47.4,72
trace01973,span01973,,2025-11-21T15:16:26+00:00,recommendation-service,/getUserRecommendations,cache-service,/getProfileCache,4.6,4.6,72
trace01974,span01974,,2025-11-21T15:16:26+00:00,recommendation-service,/getUserRecommendations,db-analytics,/updateRecStats,47.4,47.3,72
trace01975,span01975,,2025-11-21T15:16:27+00:00,recommendation-service,/getUserRecommendations,cache-service,/getProfileCache,4.6,4.9,72
trace01976,span01976,,2025-11-21T15:16:27+00:00,recommendation-service,/getUserRecommendations,db-analytics,/updateRecStats,46.7,47.0,72
trace01977,span01977,,2025-11-21T15:16:28+00:00,recommendation-service,/getUserRecommendations,cache-service,/getProfileCache,4.2,4.5,72
trace01978,span01978,,2025-11-21T15:16:28+00:00,recommendation-service,/getUserRecommendations,db-analytics,/updateRecStats,46.7,46.5,72
trace01979,span01979,,2025-11-21T15:16:29+00:00,recommendation-service,/getUserRecommendations,cache-service,/getProfileCache,3.9,3.8,72
trace01980,span01980,,2025-11-21T15:16:29+00:00,recommendation-service,/getUserRecommendations,db-analytics,/updateRecStats,47.5,47.8,72
trace01981,span01981,,2025-11-21T15:16:30+00:00,recommendation-service,/getUserRecommendations,cache-service,/getProfileCache,3.9,3.7,72
trace01982,span01982,,2025-11-21T15:16:30+00:00,recommendation-service,/getUserRecommendations,db-analytics,/updateRecStats,47.8,48.1,72
trace01983,span01983,,2025-11-21T15:16:31+00:00,recommendation-service,/getUserRecommendations,cache-service,/getProfileCache,3.8,4.2,72
trace01984,span01984,,2025-11-21T15:16:31+00:00,recommendation-service,/getUserRecommendations,db-analytics,/updateRecStats,47.1,46.9,72
trace01985,span01985,,2025-11-21T15:16:32+00:00,recommendation-service,/getUserRecommendations,cache-service,/getProfileCache,4.3,4.2,72
trace01986,span01986,,2025-11-21T15:16:32+00:00,recommendation-service,/getUserRecommendations,db-analytics,/updateRecStats,46.6,47.0,72
trace01987,span01987,,2025-11-21T15:16:33+00:00,recommendation-service,/getUserRecommendations,cache-service,/getProfileCache,4.6,4.8,72
trace01988,span01988,,2025-11-21T15:16:33+00:00,recommendation-service,/getUserRecommendations,db-analytics,/updateRecStats,48.3,48.5,72
trace01989,span01989,,2025-11-21T15:16:34+00:00,recommendation-service,/getUserRecommendations,cache-service,/getProfileCache,3.9,3.6,72
trace01990,span01990,,2025-11-21T15:16:34+00:00,recommendation-service,/getUserRecommendations,db-analytics,/updateRecStats,47.8,47.7,72
trace01991,span01991,,2025-11-21T15:16:35+00:00,recommendation-service,/getUserRecommendations,cache-service,/getProfileCache,4.0,4.4,72
trace01992,span01992,,2025-11-21T15:16:35+00:00,recommendation-service,/getUserRecommendations,db-analytics,/updateRecStats,47.2,47.4,72
trace01993,span01993,,2025-11-21T15:16:36+00:00,recommendation-service,/getUserRecommendations,cache-service,/getProfileCache,3.9,4.4,72
trace01994,span01994,,2025-11-21T15:16:36+00:00,recommendation-service,/getUserRecommendations,db-analytics,/updateRecStats,46.6,46.6,72
trace01995,span01995,,2025-11-21T15:16:37+00:00,recommendation-service,/getUserRecommendations,cache-service,/getProfileCache,3.8,3.5,72
trace01996,span01996,,2025-11-21T15:16:37+00:00,recommendation-service,/getUserRecommendations,db-analytics,/updateRecStats,47.0,47.1,72
trace01997,span01997,,2025-11-21T15:16:38+00:00,recommendation-service,/getUserRecommendations,cache-service,/getProfileCache,4.4,4.0,73
trace01998,span01998,,2025-11-21T15:16:38+00:00,recommendation-service,/getUserRecommendations,db-analytics,/updateRecStats,47.7,48.0,73
trace01999,span01999,,2025-11-21T15:16:39+00:00,recommendation-service,/getUserRecommendations,cache-service,/getProfileCache,4.2,3.8,73
trace02000,span02000,,2025-11-21T15:16:39+00:00,recommendation-service,/getUserRecommendations,db-analytics,/updateRecStats,47.2,47.5,73
trace02001,span02001,,2025-11-21T15:16:40+00:00,recommendation-service,/getUserRecommendations,cache-service,/getProfileCache,4.1,3.8,73
trace02002,span02002,,2025-11-21T15:16:40+00:00,recommendation-service,/getUserRecommendations,db-analytics,/updateRecStats,47.8,48.0,73
trace02003,span02003,,2025-11-21T15:16:41+00:00,recommendation-service,/getUserRecommendations,cache-service,/getProfileCache,4.4,4.5,73
trace02004,span02004,,2025-11-21T15:16:41+00:00,recommendation-service,/getUserRecommendations,db-analytics,/updateRecStats,48.7,49.0,73
trace02005,span02005,,2025-11-21T15:16:42+00:00,recommendation-service,/getUserRecommendations,cache-service,/getProfileCache,4.4,4.4,73
trace02006,span02006,,2025-11-21T15:16:42+00:00,recommendation-service,/getUserRecommendations,db-analytics,/updateRecStats,47.1,46.7,73
trace02007,span02007,,2025-11-21T15:16:43+00:00,recommendation-service,/getUserRecommendations,cache-service,/getProfileCache,4.4,4.5,73
trace02008,span02008,,2025-11-21T15:16:43+00:00,recommendation-service,/getUserRecommendations,db-analytics,/updateRecStats,48.5,48.1,73
trace02009,span02009,,2025-11-21T15:16:44+00:00,recommendation-service,/getUserRecommendations,cache-service,/getProfileCache,4.4,4.6,73
trace02010,span02010,,2025-11-21T15:16:44+00:00,recommendation-service,/getUserRecommendations,db-analytics,/updateRecStats,47.6,47.3,73
trace02011,span02011,,2025-11-21T15:16:45+00:00,recommendation-service,/getUserRecommendations,cache-service,/getProfileCache,4.5,4.8,73
trace02012,span02012,,2025-11-21T15:16:45+00:00,recommendation-service,/getUserRecommendations,db-analytics,/updateRecStats,48.3,48.1,73
trace02013,span02013,,2025-11-21T15:16:46+00:00,recommendation-service,/getUserRecommendations,cache-service,/getProfileCache,4.2,4.6,73
trace02014,span02014,,2025-11-21T15:16:46+00:00,recommendation-service,/getUserRecommendations,db-analytics,/updateRecStats,47.8,47.6,73
trace02015,span02015,,2025-11-21T15:16:47+00:00,recommendation-service,/getUserRecommendations,cache-service,/getProfileCache,4.3,4.6,73
trace02016,span02016,,2025-11-21T15:16:47+00:00,recommendation-service,/getUserRecommendations,db-analytics,/updateRecStats,49.2,49.5,73
trace02017,span02017,,2025-11-21T15:16:48+00:00,recommendation-service,/getUserRecommendations,cache-service,/getProfileCache,3.9,3.6,73
trace02018,span02018,,2025-11-21T15:16:48+00:00,recommendation-service,/getUserRecommendations,db-analytics,/updateRecStats,49.6,49.7,73
trace02019,span02019,,2025-11-21T15:16:49+00:00,recommendation-service,/getUserRecommendations,cache-service,/getProfileCache,3.9,4.0,73
trace02020,span02020,,2025-11-21T15:16:49+00:00,recommendation-service,/getUserRecommendations,db-analytics,/updateRecStats,49.7,50.2,73
trace02021,span02021,,2025-11-21T15:16:50+00:00,recommendation-service,/getUserRecommendations,cache-service,/getProfileCache,4.4,4.0,73
trace02022,span02022,,2025-11-21T15:16:50+00:00,recommendation-service,/getUserRecommendations,db-analytics,/updateRecStats,49.0,49.2,73
trace02023,span02023,,2025-11-21T15:16:51+00:00,recommendation-service,/getUserRecommendations,cache-service,/getProfileCache,3.8,4.3,73
trace02024,span02024,,2025-11-21T15:16:51+00:00,recommendation-service,/getUserRecommendations,db-analytics,/updateRecStats,49.7,50.1,73
trace02025,span02025,,2025-11-21T15:16:52+00:00,recommendation-service,/getUserRecommendations,cache-service,/getProfileCache,4.5,4.0,73
trace02026,span02026,,2025-11-21T15:16:52+00:00,recommendation-service,/getUserRecommendations,db-analytics,/updateRecStats,49.4,48.9,73
trace02027,span02027,,2025-11-21T15:16:53+00:00,recommendation-service,/getUserRecommendations,cache-service,/getProfileCache,4.1,4.4,74
trace02028,span02028,,2025-11-21T15:16:53+00:00,recommendation-service,/getUserRecommendations,db-analytics,/updateRecStats,48.7,48.8,74
trace02029,span02029,,2025-11-21T15:16:54+00:00,recommendation-service,/getUserRecommendations,cache-service,/getProfileCache,3.8,3.8,73
trace02030,span02030,,2025-11-21T15:16:54+00:00,recommendation-service,/getUserRecommendations,db-analytics,/updateRecStats,49.6,49.4,73
trace02031,span02031,,2025-11-21T15:16:55+00:00,recommendation-service,/getUserRecommendations,cache-service,/getProfileCache,4.2,4.1,74
trace02032,span02032,,2025-11-21T15:16:55+00:00,recommendation-service,/getUserRecommendations,db-analytics,/updateRecStats,48.8,48.4,74
trace02033,span02033,,2025-11-21T15:16:56+00:00,recommendation-service,/getUserRecommendations,cache-service,/getProfileCache,4.6,4.6,73
trace02034,span02034,,2025-11-21T15:16:56+00:00,recommendation-service,/getUserRecommendations,db-analytics,/updateRecStats,49.0,48.5,73
trace02035,span02035,,2025-11-21T15:16:57+00:00,recommendation-service,/getUserRecommendations,cache-service,/getProfileCache,4.4,4.5,73
trace02036,span02036,,2025-11-21T15:16:57+00:00,recommendation-service,/getUserRecommendations,db-analytics,/updateRecStats,49.9,50.2,73
trace02037,span02037,,2025-11-21T15:16:58+00:00,recommendation-service,/getUserRecommendations,cache-service,/getProfileCache,3.9,3.5,73
trace02038,span02038,,2025-11-21T15:16:58+00:00,recommendation-service,/getUserRecommendations,db-analytics,/updateRecStats,49.4,49.3,73
trace02039,span02039,,2025-11-21T15:16:59+00:00,recommendation-service,/getUserRecommendations,cache-service,/getProfileCache,4.6,4.2,74
trace02040,span02040,,2025-11-21T15:16:59+00:00,recommendation-service,/getUserRecommendations,db-analytics,/updateRecStats,49.3,49.1,74
trace02041,span02041,,2025-11-21T15:17:00+00:00,recommendation-service,/getUserRecommendations,cache-service,/getProfileCache,4.2,4.2,74
trace02042,span02042,,2025-11-21T15:17:00+00:00,recommendation-service,/getUserRecommendations,db-analytics,/updateRecStats,48.1,47.8,74
trace02043,span02043,,2025-11-21T15:17:01+00:00,recommendation-service,/getUserRecommendations,cache-service,/getProfileCache,4.5,5.0,74
trace02044,span02044,,2025-11-21T15:17:01+00:00,recommendation-service,/getUserRecommendations,db-analytics,/updateRecStats,49.3,49.3,74
trace02045,span02045,,2025-11-21T15:17:02+00:00,recommendation-service,/getUserRecommendations,cache-service,/getProfileCache,4.1,4.3,74
trace02046,span02046,,2025-11-21T15:17:02+00:00,recommendation-service,/getUserRecommendations,db-analytics,/updateRecStats,49.2,48.9,74
trace02047,span02047,,2025-11-21T15:17:03+00:00,recommendation-service,/getUserRecommendations,cache-service,/getProfileCache,3.8,4.3,74
trace02048,span02048,,2025-11-21T15:17:03+00:00,recommendation-service,/getUserRecommendations,db-analytics,/updateRecStats,48.5,48.4,74
trace02049,span02049,,2025-11-21T15:17:04+00:00,recommendation-service,/getUserRecommendations,cache-service,/getProfileCache,4.4,4.1,74
trace02050,span02050,,2025-11-21T15:17:04+00:00,recommendation-service,/getUserRecommendations,db-analytics,/updateRecStats,48.5,48.5,74
trace02051,span02051,,2025-11-21T15:17:05+00:00,recommendation-service,/getUserRecommendations,cache-service,/getProfileCache,4.3,4.5,74
trace02052,span02052,,2025-11-21T15:17:05+00:00,recommendation-service,/getUserRecommendations,db-analytics,/updateRecStats,49.6,49.9,74
trace02053,span02053,,2025-11-21T15:17:06+00:00,recommendation-service,/getUserRecommendations,cache-service,/getProfileCache,3.8,4.0,74
trace02054,span02054,,2025-11-21T15:17:06+00:00,recommendation-service,/getUserRecommendations,db-analytics,/updateRecStats,48.9,48.4,74
trace02055,span02055,,2025-11-21T15:17:07+00:00,recommendation-service,/getUserRecommendations,cache-service,/getProfileCache,4.0,4.2,74
trace02056,span02056,,2025-11-21T15:17:07+00:00,recommendation-service,/getUserRecommendations,db-analytics,/updateRecStats,49.5,49.9,74
trace02057,span02057,,2025-11-21T15:17:08+00:00,recommendation-service,/getUserRecommendations,cache-service,/getProfileCache,4.4,4.1,74
trace02058,span02058,,2025-11-21T15:17:08+00:00,recommendation-service,/getUserRecommendations,db-analytics,/updateRecStats,50.2,50.6,74
trace02059,span02059,,2025-11-21T15:17:09+00:00,recommendation-service,/getUserRecommendations,cache-service,/getProfileCache,3.8,3.8,74
trace02060,span02060,,2025-11-21T15:17:09+00:00,recommendation-service,/getUserRecommendations,db-analytics,/updateRecStats,49.7,49.3,74
trace02061,span02061,,2025-11-21T15:17:10+00:00,recommendation-service,/getUserRecommendations,cache-service,/getProfileCache,4.6,4.4,74
trace02062,span02062,,2025-11-21T15:17:10+00:00,recommendation-service,/getUserRecommendations,db-analytics,/updateRecStats,48.5,48.3,74
trace02063,span02063,,2025-11-21T15:17:11+00:00,recommendation-service,/getUserRecommendations,cache-service,/getProfileCache,4.2,4.4,74
trace02064,span02064,,2025-11-21T15:17:11+00:00,recommendation-service,/getUserRecommendations,db-analytics,/updateRecStats,50.0,49.9,74
trace02065,span02065,,2025-11-21T15:17:12+00:00,recommendation-service,/getUserRecommendations,cache-service,/getProfileCache,3.8,4.1,74
trace02066,span02066,,2025-11-21T15:17:12+00:00,recommendation-service,/getUserRecommendations,db-analytics,/updateRecStats,50.2,49.8,74
trace02067,span02067,,2025-11-21T15:17:13+00:00,recommendation-service,/getUserRecommendations,cache-service,/getProfileCache,3.9,3.5,74
trace02068,span02068,,2025-11-21T15:17:13+00:00,recommendation-service,/getUserRecommendations,db-analytics,/updateRecStats,49.2,48.7,74
trace02069,span02069,,2025-11-21T15:17:14+00:00,recommendation-service,/getUserRecommendations,cache-service,/getProfileCache,4.3,4.3,74
trace02070,span02070,,2025-11-21T15:17:14+00:00,recommendation-service,/getUserRecommendations,db-analytics,/updateRecStats,50.3,50.1,74
trace02071,span02071,,2025-11-21T15:17:15+00:00,recommendation-service,/getUserRecommendations,cache-service,/getProfileCache,4.4,4.4,74
trace02072,span02072,,2025-11-21T15:17:15+00:00,recommendation-service,/getUserRecommendations,db-analytics,/updateRecStats,49.5,49.9,74
trace02073,span02073,,2025-11-21T15:17:16+00:00,recommendation-service,/getUserRecommendations,cache-service,/getProfileCache,4.3,4.2,74
trace02074,span02074,,2025-11-21T15:17:16+00:00,recommendation-service,/getUserRecommendations,db-analytics,/updateRecStats,49.0,48.6,74
trace02075,span02075,,2025-11-21T15:17:17+00:00,recommendation-service,/getUserRecommendations,cache-service,/getProfileCache,4.6,4.3,74
trace02076,span02076,,2025-11-21T15:17:17+00:00,recommendation-service,/getUserRecommendations,db-analytics,/updateRecStats,49.4,49.0,74
trace02077,span02077,,2025-11-21T15:17:18+00:00,recommendation-service,/getUserRecommendations,cache-service,/getProfileCache,4.0,4.2,74
trace02078,span02078,,2025-11-21T15:17:18+00:00,recommendation-service,/getUserRecommendations,db-analytics,/updateRecStats,49.5,49.6,74
trace02079,span02079,,2025-11-21T15:17:19+00:00,recommendation-service,/getUserRecommendations,cache-service,/getProfileCache,4.4,4.5,74
trace02080,span02080,,2025-11-21T15:17:19+00:00,recommendation-service,/getUserRecommendations,db-analytics,/updateRecStats,49.9,49.7,74
trace02081,span02081,,2025-11-21T15:17:20+00:00,recommendation-service,/getUserRecommendations,cache-service,/getProfileCache,4.1,3.7,74
trace02082,span02082,,2025-11-21T15:17:20+00:00,recommendation-service,/getUserRecommendations,db-analytics,/updateRecStats,50.3,50.3,74
trace02083,span02083,,2025-11-21T15:17:21+00:00,recommendation-service,/getUserRecommendations,cache-service,/getProfileCache,3.9,4.4,74
trace02084,span02084,,2025-11-21T15:17:21+00:00,recommendation-service,/getUserRecommendations,db-analytics,/updateRecStats,50.1,49.7,74
trace02085,span02085,,2025-11-21T15:17:22+00:00,recommendation-service,/getUserRecommendations,cache-service,/getProfileCache,3.9,4.3,74
trace02086,span02086,,2025-11-21T15:17:22+00:00,recommendation-service,/getUserRecommendations,db-analytics,/updateRecStats,50.6,50.5,74
trace02087,span02087,,2025-11-21T15:17:23+00:00,recommendation-service,/getUserRecommendations,cache-service,/getProfileCache,4.5,4.2,74
trace02088,span02088,,2025-11-21T15:17:23+00:00,recommendation-service,/getUserRecommendations,db-analytics,/updateRecStats,50.0,50.3,74
trace02089,span02089,,2025-11-21T15:17:24+00:00,recommendation-service,/getUserRecommendations,cache-service,/getProfileCache,4.6,4.2,74
trace02090,span02090,,2025-11-21T15:17:24+00:00,recommendation-service,/getUserRecommendations,db-analytics,/updateRecStats,49.2,48.9,74
trace02091,span02091,,2025-11-21T15:17:25+00:00,recommendation-service,/getUserRecommendations,cache-service,/getProfileCache,4.1,4.3,74
trace02092,span02092,,2025-11-21T15:17:25+00:00,recommendation-service,/getUserRecommendations,db-analytics,/updateRecStats,50.4,50.0,74
trace02093,span02093,,2025-11-21T15:17:26+00:00,recommendation-service,/getUserRecommendations,cache-service,/getProfileCache,4.1,4.2,74
trace02094,span02094,,2025-11-21T15:17:26+00:00,recommendation-service,/getUserRecommendations,db-analytics,/updateRecStats,49.2,48.8,74
trace02095,span02095,,2025-11-21T15:17:27+00:00,recommendation-service,/getUserRecommendations,cache-service,/getProfileCache,4.5,4.9,74
trace02096,span02096,,2025-11-21T15:17:27+00:00,recommendation-service,/getUserRecommendations,db-analytics,/updateRecStats,51.1,51.2,74
trace02097,span02097,,2025-11-21T15:17:28+00:00,recommendation-service,/getUserRecommendations,cache-service,/getProfileCache,4.0,4.4,74
trace02098,span02098,,2025-11-21T15:17:28+00:00,recommendation-service,/getUserRecommendations,db-analytics,/updateRecStats,50.3,50.3,74
trace02099,span02099,,2025-11-21T15:17:29+00:00,recommendation-service,/getUserRecommendations,cache-service,/getProfileCache,4.2,4.3,75
trace02100,span02100,,2025-11-21T15:17:29+00:00,recommendation-service,/getUserRecommendations,db-analytics,/updateRecStats,51.0,51.0,75
trace02101,span02101,,2025-11-21T15:17:30+00:00,recommendation-service,/getUserRecommendations,cache-service,/getProfileCache,4.0,4.4,75
trace02102,span02102,,2025-11-21T15:17:30+00:00,recommendation-service,/getUserRecommendations,db-analytics,/updateRecStats,51.4,51.7,75
trace02103,span02103,,2025-11-21T15:17:31+00:00,recommendation-service,/getUserRecommendations,cache-service,/getProfileCache,3.9,4.1,75
trace02104,span02104,,2025-11-21T15:17:31+00:00,recommendation-service,/getUserRecommendations,db-analytics,/updateRecStats,49.8,50.1,75
trace02105,span02105,,2025-11-21T15:17:32+00:00,recommendation-service,/getUserRecommendations,cache-service,/getProfileCache,4.2,4.7,75
trace02106,span02106,,2025-11-21T15:17:32+00:00,recommendation-service,/getUserRecommendations,db-analytics,/updateRecStats,51.0,51.1,75
trace02107,span02107,,2025-11-21T15:17:33+00:00,recommendation-service,/getUserRecommendations,cache-service,/getProfileCache,3.9,3.7,75
trace02108,span02108,,2025-11-21T15:17:33+00:00,recommendation-service,/getUserRecommendations,db-analytics,/updateRecStats,51.1,50.9,75
trace02109,span02109,,2025-11-21T15:17:34+00:00,recommendation-service,/getUserRecommendations,cache-service,/getProfileCache,4.3,4.7,75
trace02110,span02110,,2025-11-21T15:17:34+00:00,recommendation-service,/getUserRecommendations,db-analytics,/updateRecStats,49.9,49.7,75
trace02111,span02111,,2025-11-21T15:17:35+00:00,recommendation-service,/getUserRecommendations,cache-service,/getProfileCache,3.9,3.7,75
trace02112,span02112,,2025-11-21T15:17:35+00:00,recommendation-service,/getUserRecommendations,db-analytics,/updateRecStats,51.1,50.7,75
trace02113,span02113,,2025-11-21T15:17:36+00:00,recommendation-service,/getUserRecommendations,cache-service,/getProfileCache,4.1,4.2,75
trace02114,span02114,,2025-11-21T15:17:36+00:00,recommendation-service,/getUserRecommendations,db-analytics,/updateRecStats,50.8,50.4,75
trace02115,span02115,,2025-11-21T15:17:37+00:00,recommendation-service,/getUserRecommendations,cache-service,/getProfileCache,4.2,4.5,75
trace02116,span02116,,2025-11-21T15:17:37+00:00,recommendation-service,/getUserRecommendations,db-analytics,/updateRecStats,50.6,50.6,75
trace02117,span02117,,2025-11-21T15:17:38+00:00,recommendation-service,/getUserRecommendations,cache-service,/getProfileCache,4.2,4.5,75
trace02118,span02118,,2025-11-21T15:17:38+00:00,recommendation-service,/getUserRecommendations,db-analytics,/updateRecStats,50.9,50.6,75
trace02119,span02119,,2025-11-21T15:17:39+00:00,recommendation-service,/getUserRecommendations,cache-service,/getProfileCache,4.2,4.6,75
trace02120,span02120,,2025-11-21T15:17:39+00:00,recommendation-service,/getUserRecommendations,db-analytics,/updateRecStats,51.5,51.0,75
trace02121,span02121,,2025-11-21T15:17:40+00:00,recommendation-service,/getUserRecommendations,cache-service,/getProfileCache,4.6,4.6,75
trace02122,span02122,,2025-11-21T15:17:40+00:00,recommendation-service,/getUserRecommendations,db-analytics,/updateRecStats,51.7,51.5,75
trace02123,span02123,,2025-11-21T15:17:41+00:00,recommendation-service,/getUserRecommendations,cache-service,/getProfileCache,3.9,3.4,75
trace02124,span02124,,2025-11-21T15:17:41+00:00,recommendation-service,/getUserRecommendations,db-analytics,/updateRecStats,51.8,52.2,75
trace02125,span02125,,2025-11-21T15:17:42+00:00,recommendation-service,/getUserRecommendations,cache-service,/getProfileCache,4.1,3.9,75
trace02126,span02126,,2025-11-21T15:17:42+00:00,recommendation-service,/getUserRecommendations,db-analytics,/updateRecStats,50.6,50.6,75
trace02127,span02127,,2025-11-21T15:17:43+00:00,recommendation-service,/getUserRecommendations,cache-service,/getProfileCache,4.3,3.8,75
trace02128,span02128,,2025-11-21T15:17:43+00:00,recommendation-service,/getUserRecommendations,db-analytics,/updateRecStats,51.8,51.4,75
trace02129,span02129,,2025-11-21T15:17:44+00:00,recommendation-service,/getUserRecommendations,cache-service,/getProfileCache,4.3,4.6,75
trace02130,span02130,,2025-11-21T15:17:44+00:00,recommendation-service,/getUserRecommendations,db-analytics,/updateRecStats,52.1,51.7,75
trace02131,span02131,,2025-11-21T15:17:45+00:00,recommendation-service,/getUserRecommendations,cache-service,/getProfileCache,4.1,3.8,75
trace02132,span02132,,2025-11-21T15:17:45+00:00,recommendation-service,/getUserRecommendations,db-analytics,/updateRecStats,50.8,51.1,75
trace02133,span02133,,2025-11-21T15:17:46+00:00,recommendation-service,/getUserRecommendations,cache-service,/getProfileCache,4.3,4.5,76
trace02134,span02134,,2025-11-21T15:17:46+00:00,recommendation-service,/getUserRecommendations,db-analytics,/updateRecStats,51.3,51.0,76
trace02135,span02135,,2025-11-21T15:17:47+00:00,recommendation-service,/getUserRecommendations,cache-service,/getProfileCache,4.4,4.1,76
trace02136,span02136,,2025-11-21T15:17:47+00:00,recommendation-service,/getUserRecommendations,db-analytics,/updateRecStats,51.6,52.0,76
trace02137,span02137,,2025-11-21T15:17:48+00:00,recommendation-service,/getUserRecommendations,cache-service,/getProfileCache,4.4,4.3,76
trace02138,span02138,,2025-11-21T15:17:48+00:00,recommendation-service,/getUserRecommendations,db-analytics,/updateRecStats,51.4,51.0,76
trace02139,span02139,,2025-11-21T15:17:49+00:00,recommendation-service,/getUserRecommendations,cache-service,/getProfileCache,4.2,4.3,76
trace02140,span02140,,2025-11-21T15:17:49+00:00,recommendation-service,/getUserRecommendations,db-analytics,/updateRecStats,51.7,51.4,76
trace02141,span02141,,2025-11-21T15:17:50+00:00,recommendation-service,/getUserRecommendations,cache-service,/getProfileCache,4.3,3.9,76
trace02142,span02142,,2025-11-21T15:17:50+00:00,recommendation-service,/getUserRecommendations,db-analytics,/updateRecStats,52.0,52.2,76
trace02143,span02143,,2025-11-21T15:17:51+00:00,recommendation-service,/getUserRecommendations,cache-service,/getProfileCache,4.5,4.3,76
trace02144,span02144,,2025-11-21T15:17:51+00:00,recommendation-service,/getUserRecommendations,db-analytics,/updateRecStats,53.0,53.4,76
trace02145,span02145,,2025-11-21T15:17:52+00:00,recommendation-service,/getUserRecommendations,cache-service,/getProfileCache,4.1,4.6,76
trace02146,span02146,,2025-11-21T15:17:52+00:00,recommendation-service,/getUserRecommendations,db-analytics,/updateRecStats,53.0,52.6,76
trace02147,span02147,,2025-11-21T15:17:53+00:00,recommendation-service,/getUserRecommendations,cache-service,/getProfileCache,4.5,4.6,76
trace02148,span02148,,2025-11-21T15:17:53+00:00,recommendation-service,/getUserRecommendations,db-analytics,/updateRecStats,51.9,51.7,76
trace02149,span02149,,2025-11-21T15:17:54+00:00,recommendation-service,/getUserRecommendations,cache-service,/getProfileCache,4.5,4.8,76
trace02150,span02150,,2025-11-21T15:17:54+00:00,recommendation-service,/getUserRecommendations,db-analytics,/updateRecStats,51.6,51.7,76
trace02151,span02151,,2025-11-21T15:17:55+00:00,recommendation-service,/getUserRecommendations,cache-service,/getProfileCache,3.9,4.1,76
trace02152,span02152,,2025-11-21T15:17:55+00:00,recommendation-service,/getUserRecommendations,db-analytics,/updateRecStats,52.2,52.3,76
trace02153,span02153,,2025-11-21T15:17:56+00:00,recommendation-service,/getUserRecommendations,cache-service,/getProfileCache,4.4,4.1,76
trace02154,span02154,,2025-11-21T15:17:56+00:00,recommendation-service,/getUserRecommendations,db-analytics,/updateRecStats,52.4,52.2,76
trace02155,span02155,,2025-11-21T15:17:57+00:00,recommendation-service,/getUserRecommendations,cache-service,/getProfileCache,4.0,3.7,76
trace02156,span02156,,2025-11-21T15:17:57+00:00,recommendation-service,/getUserRecommendations,db-analytics,/updateRecStats,52.7,52.8,76
trace02157,span02157,,2025-11-21T15:17:58+00:00,recommendation-service,/getUserRecommendations,cache-service,/getProfileCache,4.6,4.7,76
trace02158,span02158,,2025-11-21T15:17:58+00:00,recommendation-service,/getUserRecommendations,db-analytics,/updateRecStats,52.2,52.4,76
trace02159,span02159,,2025-11-21T15:17:59+00:00,recommendation-service,/getUserRecommendations,cache-service,/getProfileCache,4.1,4.4,76
trace02160,span02160,,2025-11-21T15:17:59+00:00,recommendation-service,/getUserRecommendations,db-analytics,/updateRecStats,52.5,52.5,76
trace02161,span02161,,2025-11-21T15:18:00+00:00,recommendation-service,/getUserRecommendations,cache-service,/getProfileCache,4.4,4.1,76
trace02162,span02162,,2025-11-21T15:18:00+00:00,recommendation-service,/getUserRecommendations,db-analytics,/updateRecStats,52.7,53.0,76
trace02163,span02163,,2025-11-21T15:18:01+00:00,recommendation-service,/getUserRecommendations,cache-service,/getProfileCache,3.9,3.9,76
trace02164,span02164,,2025-11-21T15:18:01+00:00,recommendation-service,/getUserRecommendations,db-analytics,/updateRecStats,52.1,52.5,76
trace02165,span02165,,2025-11-21T15:18:02+00:00,recommendation-service,/getUserRecommendations,cache-service,/getProfileCache,4.0,3.9,76
trace02166,span02166,,2025-11-21T15:18:02+00:00,recommendation-service,/getUserRecommendations,db-analytics,/updateRecStats,52.8,53.0,76
trace02167,span02167,,2025-11-21T15:18:03+00:00,recommendation-service,/getUserRecommendations,cache-service,/getProfileCache,4.3,4.4,76
trace02168,span02168,,2025-11-21T15:18:03+00:00,recommendation-service,/getUserRecommendations,db-analytics,/updateRecStats,53.4,53.0,76
trace02169,span02169,,2025-11-21T15:18:04+00:00,recommendation-service,/getUserRecommendations,cache-service,/getProfileCache,4.3,4.4,76
trace02170,span02170,,2025-11-21T15:18:04+00:00,recommendation-service,/getUserRecommendations,db-analytics,/updateRecStats,52.4,52.6,76
trace02171,span02171,,2025-11-21T15:18:05+00:00,recommendation-service,/getUserRecommendations,cache-service,/getProfileCache,3.9,3.9,76
trace02172,span02172,,2025-11-21T15:18:05+00:00,recommendation-service,/getUserRecommendations,db-analytics,/updateRecStats,52.7,53.0,76
trace02173,span02173,,2025-11-21T15:18:06+00:00,recommendation-service,/getUserRecommendations,cache-service,/getProfileCache,4.5,4.6,76
trace02174,span02174,,2025-11-21T15:18:06+00:00,recommendation-service,/getUserRecommendations,db-analytics,/updateRecStats,53.1,52.7,76
trace02175,span02175,,2025-11-21T15:18:07+00:00,recommendation-service,/getUserRecommendations,cache-service,/getProfileCache,4.5,4.7,76
trace02176,span02176,,2025-11-21T15:18:07+00:00,recommendation-service,/getUserRecommendations,db-analytics,/updateRecStats,51.9,52.1,76
trace02177,span02177,,2025-11-21T15:18:08+00:00,recommendation-service,/getUserRecommendations,cache-service,/getProfileCache,4.6,5.0,76
trace02178,span02178,,2025-11-21T15:18:08+00:00,recommendation-service,/getUserRecommendations,db-analytics,/updateRecStats,51.9,52.4,76
trace02179,span02179,,2025-11-21T15:18:09+00:00,recommendation-service,/getUserRecommendations,cache-service,/getProfileCache,4.4,4.7,76
trace02180,span02180,,2025-11-21T15:18:09+00:00,recommendation-service,/getUserRecommendations,db-analytics,/updateRecStats,53.4,52.9,76
trace02181,span02181,,2025-11-21T15:18:10+00:00,recommendation-service,/getUserRecommendations,cache-service,/getProfileCache,3.8,3.7,76
trace02182,span02182,,2025-11-21T15:18:10+00:00,recommendation-service,/getUserRecommendations,db-analytics,/updateRecStats,52.4,52.2,76
trace02183,span02183,,2025-11-21T15:18:11+00:00,recommendation-service,/getUserRecommendations,cache-service,/getProfileCache,4.0,4.1,77
trace02184,span02184,,2025-11-21T15:18:11+00:00,recommendation-service,/getUserRecommendations,db-analytics,/updateRecStats,52.6,52.8,77
trace02185,span02185,,2025-11-21T15:18:12+00:00,recommendation-service,/getUserRecommendations,cache-service,/getProfileCache,4.4,4.7,77
trace02186,span02186,,2025-11-21T15:18:12+00:00,recommendation-service,/getUserRecommendations,db-analytics,/updateRecStats,53.8,53.7,77
trace02187,span02187,,2025-11-21T15:18:13+00:00,recommendation-service,/getUserRecommendations,cache-service,/getProfileCache,3.9,4.1,77
trace02188,span02188,,2025-11-21T15:18:13+00:00,recommendation-service,/getUserRecommendations,db-analytics,/updateRecStats,53.7,53.9,77
trace02189,span02189,,2025-11-21T15:18:14+00:00,recommendation-service,/getUserRecommendations,cache-service,/getProfileCache,3.9,4.1,77
trace02190,span02190,,2025-11-21T15:18:14+00:00,recommendation-service,/getUserRecommendations,db-analytics,/updateRecStats,52.6,52.7,77
trace02191,span02191,,2025-11-21T15:18:15+00:00,recommendation-service,/getUserRecommendations,cache-service,/getProfileCache,4.6,5.0,77
trace02192,span02192,,2025-11-21T15:18:15+00:00,recommendation-service,/getUserRecommendations,db-analytics,/updateRecStats,52.9,53.1,77
trace02193,span02193,,2025-11-21T15:18:16+00:00,recommendation-service,/getUserRecommendations,cache-service,/getProfileCache,4.5,4.5,77
trace02194,span02194,,2025-11-21T15:18:16+00:00,recommendation-service,/getUserRecommendations,db-analytics,/updateRecStats,52.5,52.7,77
trace02195,span02195,,2025-11-21T15:18:17+00:00,recommendation-service,/getUserRecommendations,cache-service,/getProfileCache,4.3,4.4,77
trace02196,span02196,,2025-11-21T15:18:17+00:00,recommendation-service,/getUserRecommendations,db-analytics,/updateRecStats,53.2,53.0,77
trace02197,span02197,,2025-11-21T15:18:18+00:00,recommendation-service,/getUserRecommendations,cache-service,/getProfileCache,4.2,3.9,77
trace02198,span02198,,2025-11-21T15:18:18+00:00,recommendation-service,/getUserRecommendations,db-analytics,/updateRecStats,52.7,52.7,77
trace02199,span02199,,2025-11-21T15:18:19+00:00,recommendation-service,/getUserRecommendations,cache-service,/getProfileCache,4.1,3.8,77
trace02200,span02200,,2025-11-21T15:18:19+00:00,recommendation-service,/getUserRecommendations,db-analytics,/updateRecStats,54.1,54.5,77
trace02201,span02201,,2025-11-21T15:18:20+00:00,recommendation-service,/getUserRecommendations,cache-service,/getProfileCache,4.0,3.9,77
trace02202,span02202,,2025-11-21T15:18:20+00:00,recommendation-service,/getUserRecommendations,db-analytics,/updateRecStats,54.0,53.8,77
trace02203,span02203,,2025-11-21T15:18:21+00:00,recommendation-service,/getUserRecommendations,cache-service,/getProfileCache,4.3,4.7,77
trace02204,span02204,,2025-11-21T15:18:21+00:00,recommendation-service,/getUserRecommendations,db-analytics,/updateRecStats,54.1,54.6,77
trace02205,span02205,,2025-11-21T15:18:22+00:00,recommendation-service,/getUserRecommendations,cache-service,/getProfileCache,4.3,4.1,77
trace02206,span02206,,2025-11-21T15:18:22+00:00,recommendation-service,/getUserRecommendations,db-analytics,/updateRecStats,54.7,54.3,77
trace02207,span02207,,2025-11-21T15:18:23+00:00,recommendation-service,/getUserRecommendations,cache-service,/getProfileCache,3.8,4.3,77
trace02208,span02208,,2025-11-21T15:18:23+00:00,recommendation-service,/getUserRecommendations,db-analytics,/updateRecStats,54.4,54.4,77
trace02209,span02209,,2025-11-21T15:18:24+00:00,recommendation-service,/getUserRecommendations,cache-service,/getProfileCache,4.4,4.3,77
trace02210,span02210,,2025-11-21T15:18:24+00:00,recommendation-service,/getUserRecommendations,db-analytics,/updateRecStats,53.7,53.2,77
trace02211,span02211,,2025-11-21T15:18:25+00:00,recommendation-service,/getUserRecommendations,cache-service,/getProfileCache,4.4,3.9,77
trace02212,span02212,,2025-11-21T15:18:25+00:00,recommendation-service,/getUserRecommendations,db-analytics,/updateRecStats,54.0,54.4,77
trace02213,span02213,,2025-11-21T15:18:26+00:00,recommendation-service,/getUserRecommendations,cache-service,/getProfileCache,4.0,4.5,77
trace02214,span02214,,2025-11-21T15:18:26+00:00,recommendation-service,/getUserRecommendations,db-analytics,/updateRecStats,53.4,53.1,77
trace02215,span02215,,2025-11-21T15:18:27+00:00,recommendation-service,/getUserRecommendations,cache-service,/getProfileCache,3.8,4.0,77
trace02216,span02216,,2025-11-21T15:18:27+00:00,recommendation-service,/getUserRecommendations,db-analytics,/updateRecStats,53.7,53.5,77
trace02217,span02217,,2025-11-21T15:18:28+00:00,recommendation-service,/getUserRecommendations,cache-service,/getProfileCache,4.5,4.8,77
trace02218,span02218,,2025-11-21T15:18:28+00:00,recommendation-service,/getUserRecommendations,db-analytics,/updateRecStats,54.1,53.8,77
trace02219,span02219,,2025-11-21T15:18:29+00:00,recommendation-service,/getUserRecommendations,cache-service,/getProfileCache,4.6,4.9,77
trace02220,span02220,,2025-11-21T15:18:29+00:00,recommendation-service,/getUserRecommendations,db-analytics,/updateRecStats,53.4,53.3,77
trace02221,span02221,,2025-11-21T15:18:30+00:00,recommendation-service,/getUserRecommendations,cache-service,/getProfileCache,4.3,4.6,77
trace02222,span02222,,2025-11-21T15:18:30+00:00,recommendation-service,/getUserRecommendations,db-analytics,/updateRecStats,53.6,54.1,77
trace02223,span02223,,2025-11-21T15:18:31+00:00,recommendation-service,/getUserRecommendations,cache-service,/getProfileCache,4.3,4.7,78
trace02224,span02224,,2025-11-21T15:18:31+00:00,recommendation-service,/getUserRecommendations,db-analytics,/updateRecStats,54.0,54.1,78
trace02225,span02225,,2025-11-21T15:18:32+00:00,recommendation-service,/getUserRecommendations,cache-service,/getProfileCache,4.3,4.5,78
trace02226,span02226,,2025-11-21T15:18:32+00:00,recommendation-service,/getUserRecommendations,db-analytics,/updateRecStats,54.5,54.8,78
trace02227,span02227,,2025-11-21T15:18:33+00:00,recommendation-service,/getUserRecommendations,cache-service,/getProfileCache,4.2,3.8,78
trace02228,span02228,,2025-11-21T15:18:33+00:00,recommendation-service,/getUserRecommendations,db-analytics,/updateRecStats,53.7,53.4,78
trace02229,span02229,,2025-11-21T15:18:34+00:00,recommendation-service,/getUserRecommendations,cache-service,/getProfileCache,4.3,4.7,78
trace02230,span02230,,2025-11-21T15:18:34+00:00,recommendation-service,/getUserRecommendations,db-analytics,/updateRecStats,54.0,54.4,78
trace02231,span02231,,2025-11-21T15:18:35+00:00,recommendation-service,/getUserRecommendations,cache-service,/getProfileCache,4.5,4.8,78
trace02232,span02232,,2025-11-21T15:18:35+00:00,recommendation-service,/getUserRecommendations,db-analytics,/updateRecStats,55.3,55.1,78
trace02233,span02233,,2025-11-21T15:18:36+00:00,recommendation-service,/getUserRecommendations,cache-service,/getProfileCache,3.9,4.3,78
trace02234,span02234,,2025-11-21T15:18:36+00:00,recommendation-service,/getUserRecommendations,db-analytics,/updateRecStats,55.3,55.3,78
trace02235,span02235,,2025-11-21T15:18:37+00:00,recommendation-service,/getUserRecommendations,cache-service,/getProfileCache,4.3,3.8,78
trace02236,span02236,,2025-11-21T15:18:37+00:00,recommendation-service,/getUserRecommendations,db-analytics,/updateRecStats,54.3,54.7,78
trace02237,span02237,,2025-11-21T15:18:38+00:00,recommendation-service,/getUserRecommendations,cache-service,/getProfileCache,3.9,4.1,78
trace02238,span02238,,2025-11-21T15:18:38+00:00,recommendation-service,/getUserRecommendations,db-analytics,/updateRecStats,55.6,55.6,78
trace02239,span02239,,2025-11-21T15:18:39+00:00,recommendation-service,/getUserRecommendations,cache-service,/getProfileCache,4.6,5.0,78
trace02240,span02240,,2025-11-21T15:18:39+00:00,recommendation-service,/getUserRecommendations,db-analytics,/updateRecStats,55.5,55.2,78
trace02241,span02241,,2025-11-21T15:18:40+00:00,recommendation-service,/getUserRecommendations,cache-service,/getProfileCache,4.4,4.1,78
trace02242,span02242,,2025-11-21T15:18:40+00:00,recommendation-service,/getUserRecommendations,db-analytics,/updateRecStats,54.3,54.3,78
trace02243,span02243,,2025-11-21T15:18:41+00:00,recommendation-service,/getUserRecommendations,cache-service,/getProfileCache,4.5,4.6,78
trace02244,span02244,,2025-11-21T15:18:41+00:00,recommendation-service,/getUserRecommendations,db-analytics,/updateRecStats,55.9,55.8,78
trace02245,span02245,,2025-11-21T15:18:42+00:00,recommendation-service,/getUserRecommendations,cache-service,/getProfileCache,3.9,4.0,78
trace02246,span02246,,2025-11-21T15:18:42+00:00,recommendation-service,/getUserRecommendations,db-analytics,/updateRecStats,55.7,55.9,78
trace02247,span02247,,2025-11-21T15:18:43+00:00,recommendation-service,/getUserRecommendations,cache-service,/getProfileCache,4.0,4.1,78
trace02248,span02248,,2025-11-21T15:18:43+00:00,recommendation-service,/getUserRecommendations,db-analytics,/updateRecStats,56.1,55.8,78
trace02249,span02249,,2025-11-21T15:18:44+00:00,recommendation-service,/getUserRecommendations,cache-service,/getProfileCache,4.5,4.4,78
trace02250,span02250,,2025-11-21T15:18:44+00:00,recommendation-service,/getUserRecommendations,db-analytics,/updateRecStats,55.4,55.0,78
trace02251,span02251,,2025-11-21T15:18:45+00:00,recommendation-service,/getUserRecommendations,cache-service,/getProfileCache,4.5,4.4,78
trace02252,span02252,,2025-11-21T15:18:45+00:00,recommendation-service,/getUserRecommendations,db-analytics,/updateRecStats,55.2,54.7,78
trace02253,span02253,,2025-11-21T15:18:46+00:00,recommendation-service,/getUserRecommendations,cache-service,/getProfileCache,4.2,4.1,78
trace02254,span02254,,2025-11-21T15:18:46+00:00,recommendation-service,/getUserRecommendations,db-analytics,/updateRecStats,55.9,56.3,78
trace02255,span02255,,2025-11-21T15:18:47+00:00,recommendation-service,/getUserRecommendations,cache-service,/getProfileCache,4.1,4.0,78
trace02256,span02256,,2025-11-21T15:18:47+00:00,recommendation-service,/getUserRecommendations,db-analytics,/updateRecStats,55.0,55.2,78
trace02257,span02257,,2025-11-21T15:18:48+00:00,recommendation-service,/getUserRecommendations,cache-service,/getProfileCache,3.9,4.3,78
trace02258,span02258,,2025-11-21T15:18:48+00:00,recommendation-service,/getUserRecommendations,db-analytics,/updateRecStats,55.9,56.2,78
trace02259,span02259,,2025-11-21T15:18:49+00:00,recommendation-service,/getUserRecommendations,cache-service,/getProfileCache,4.3,4.0,78
trace02260,span02260,,2025-11-21T15:18:49+00:00,recommendation-service,/getUserRecommendations,db-analytics,/updateRecStats,55.6,55.5,78
trace02261,span02261,,2025-11-21T15:18:50+00:00,recommendation-service,/getUserRecommendations,cache-service,/getProfileCache,4.5,4.3,78
trace02262,span02262,,2025-11-21T15:18:50+00:00,recommendation-service,/getUserRecommendations,db-analytics,/updateRecStats,55.7,55.2,78
trace02263,span02263,,2025-11-21T15:18:51+00:00,recommendation-service,/getUserRecommendations,cache-service,/getProfileCache,4.1,4.2,78
trace02264,span02264,,2025-11-21T15:18:51+00:00,recommendation-service,/getUserRecommendations,db-analytics,/updateRecStats,55.5,55.7,78
trace02265,span02265,,2025-11-21T15:18:52+00:00,recommendation-service,/getUserRecommendations,cache-service,/getProfileCache,4.5,4.5,78
trace02266,span02266,,2025-11-21T15:18:52+00:00,recommendation-service,/getUserRecommendations,db-analytics,/updateRecStats,54.8,55.2,78
trace02267,span02267,,2025-11-21T15:18:53+00:00,recommendation-service,/getUserRecommendations,cache-service,/getProfileCache,4.2,4.1,78
trace02268,span02268,,2025-11-21T15:18:53+00:00,recommendation-service,/getUserRecommendations,db-analytics,/updateRecStats,55.1,55.3,78
trace02269,span02269,,2025-11-21T15:18:54+00:00,recommendation-service,/getUserRecommendations,cache-service,/getProfileCache,4.4,4.3,79
trace02270,span02270,,2025-11-21T15:18:54+00:00,recommendation-service,/getUserRecommendations,db-analytics,/updateRecStats,54.6,55.1,79
trace02271,span02271,,2025-11-21T15:18:55+00:00,recommendation-service,/getUserRecommendations,cache-service,/getProfileCache,3.8,3.7,79
trace02272,span02272,,2025-11-21T15:18:55+00:00,recommendation-service,/getUserRecommendations,db-analytics,/updateRecStats,56.0,56.4,79
trace02273,span02273,,2025-11-21T15:18:56+00:00,recommendation-service,/getUserRecommendations,cache-service,/getProfileCache,4.2,4.6,79
trace02274,span02274,,2025-11-21T15:18:56+00:00,recommendation-service,/getUserRecommendations,db-analytics,/updateRecStats,55.2,55.2,79
trace02275,span02275,,2025-11-21T15:18:57+00:00,recommendation-service,/getUserRecommendations,cache-service,/getProfileCache,4.6,4.8,79
trace02276,span02276,,2025-11-21T15:18:57+00:00,recommendation-service,/getUserRecommendations,db-analytics,/updateRecStats,56.3,56.4,79
trace02277,span02277,,2025-11-21T15:18:58+00:00,recommendation-service,/getUserRecommendations,cache-service,/getProfileCache,3.9,3.9,79
trace02278,span02278,,2025-11-21T15:18:58+00:00,recommendation-service,/getUserRecommendations,db-analytics,/updateRecStats,55.2,55.3,79
trace02279,span02279,,2025-11-21T15:18:59+00:00,recommendation-service,/getUserRecommendations,cache-service,/getProfileCache,4.6,5.0,79
trace02280,span02280,,2025-11-21T15:18:59+00:00,recommendation-service,/getUserRecommendations,db-analytics,/updateRecStats,56.8,56.7,79
trace02281,span02281,,2025-11-21T15:19:00+00:00,recommendation-service,/getUserRecommendations,cache-service,/getProfileCache,3.9,3.8,79
trace02282,span02282,,2025-11-21T15:19:00+00:00,recommendation-service,/getUserRecommendations,db-analytics,/updateRecStats,56.7,56.4,79
trace02283,span02283,,2025-11-21T15:19:01+00:00,recommendation-service,/getUserRecommendations,cache-service,/getProfileCache,4.3,4.0,79
trace02284,span02284,,2025-11-21T15:19:01+00:00,recommendation-service,/getUserRecommendations,db-analytics,/updateRecStats,56.2,56.4,79
trace02285,span02285,,2025-11-21T15:19:02+00:00,recommendation-service,/getUserRecommendations,cache-service,/getProfileCache,3.9,3.7,79
trace02286,span02286,,2025-11-21T15:19:02+00:00,recommendation-service,/getUserRecommendations,db-analytics,/updateRecStats,55.6,55.9,79
trace02287,span02287,,2025-11-21T15:19:03+00:00,recommendation-service,/getUserRecommendations,cache-service,/getProfileCache,4.4,4.0,79
trace02288,span02288,,2025-11-21T15:19:03+00:00,recommendation-service,/getUserRecommendations,db-analytics,/updateRecStats,55.4,55.4,79
trace02289,span02289,,2025-11-21T15:19:04+00:00,recommendation-service,/getUserRecommendations,cache-service,/getProfileCache,3.9,3.9,79
trace02290,span02290,,2025-11-21T15:19:04+00:00,recommendation-service,/getUserRecommendations,db-analytics,/updateRecStats,56.2,56.1,79
trace02291,span02291,,2025-11-21T15:19:05+00:00,recommendation-service,/getUserRecommendations,cache-service,/getProfileCache,4.0,4.0,79
trace02292,span02292,,2025-11-21T15:19:05+00:00,recommendation-service,/getUserRecommendations,db-analytics,/updateRecStats,56.8,57.2,79
trace02293,span02293,,2025-11-21T15:19:06+00:00,recommendation-service,/getUserRecommendations,cache-service,/getProfileCache,4.4,4.2,79
trace02294,span02294,,2025-11-21T15:19:06+00:00,recommendation-service,/getUserRecommendations,db-analytics,/updateRecStats,56.1,56.1,79
trace02295,span02295,,2025-11-21T15:19:07+00:00,recommendation-service,/getUserRecommendations,cache-service,/getProfileCache,4.0,4.1,79
trace02296,span02296,,2025-11-21T15:19:07+00:00,recommendation-service,/getUserRecommendations,db-analytics,/updateRecStats,55.5,55.3,79
trace02297,span02297,,2025-11-21T15:19:08+00:00,recommendation-service,/getUserRecommendations,cache-service,/getProfileCache,4.2,4.2,79
trace02298,span02298,,2025-11-21T15:19:08+00:00,recommendation-service,/getUserRecommendations,db-analytics,/updateRecStats,55.6,55.3,79
trace02299,span02299,,2025-11-21T15:19:09+00:00,recommendation-service,/getUserRecommendations,cache-service,/getProfileCache,4.0,3.9,79
trace02300,span02300,,2025-11-21T15:19:09+00:00,recommendation-service,/getUserRecommendations,db-analytics,/updateRecStats,56.8,56.4,79
trace02301,span02301,,2025-11-21T15:19:10+00:00,recommendation-service,/getUserRecommendations,cache-service,/getProfileCache,4.5,4.0,79
trace02302,span02302,,2025-11-21T15:19:10+00:00,recommendation-service,/getUserRecommendations,db-analytics,/updateRecStats,56.0,56.1,79
trace02303,span02303,,2025-11-21T15:19:11+00:00,recommendation-service,/getUserRecommendations,cache-service,/getProfileCache,4.6,4.6,79
trace02304,span02304,,2025-11-21T15:19:11+00:00,recommendation-service,/getUserRecommendations,db-analytics,/updateRecStats,56.7,56.2,79
trace02305,span02305,,2025-11-21T15:19:12+00:00,recommendation-service,/getUserRecommendations,cache-service,/getProfileCache,4.5,4.3,80
trace02306,span02306,,2025-11-21T15:19:12+00:00,recommendation-service,/getUserRecommendations,db-analytics,/updateRecStats,57.7,57.9,80
trace02307,span02307,,2025-11-21T15:19:13+00:00,recommendation-service,/getUserRecommendations,cache-service,/getProfileCache,4.1,4.0,80
trace02308,span02308,,2025-11-21T15:19:13+00:00,recommendation-service,/getUserRecommendations,db-analytics,/updateRecStats,57.1,57.2,80
trace02309,span02309,,2025-11-21T15:19:14+00:00,recommendation-service,/getUserRecommendations,cache-service,/getProfileCache,4.6,4.3,80
trace02310,span02310,,2025-11-21T15:19:14+00:00,recommendation-service,/getUserRecommendations,db-analytics,/updateRecStats,57.1,57.3,80
trace02311,span02311,,2025-11-21T15:19:15+00:00,recommendation-service,/getUserRecommendations,cache-service,/getProfileCache,4.1,4.2,79
trace02312,span02312,,2025-11-21T15:19:15+00:00,recommendation-service,/getUserRecommendations,db-analytics,/updateRecStats,57.0,57.4,79
trace02313,span02313,,2025-11-21T15:19:16+00:00,recommendation-service,/getUserRecommendations,cache-service,/getProfileCache,4.2,4.1,79
trace02314,span02314,,2025-11-21T15:19:16+00:00,recommendation-service,/getUserRecommendations,db-analytics,/updateRecStats,56.6,56.9,79
trace02315,span02315,,2025-11-21T15:19:17+00:00,recommendation-service,/getUserRecommendations,cache-service,/getProfileCache,4.1,4.0,80
trace02316,span02316,,2025-11-21T15:19:17+00:00,recommendation-service,/getUserRecommendations,db-analytics,/updateRecStats,56.6,56.4,80
trace02317,span02317,,2025-11-21T15:19:18+00:00,recommendation-service,/getUserRecommendations,cache-service,/getProfileCache,3.9,4.1,80
trace02318,span02318,,2025-11-21T15:19:18+00:00,recommendation-service,/getUserRecommendations,db-analytics,/updateRecStats,57.3,57.2,80
trace02319,span02319,,2025-11-21T15:19:19+00:00,recommendation-service,/getUserRecommendations,cache-service,/getProfileCache,3.9,3.7,79
trace02320,span02320,,2025-11-21T15:19:19+00:00,recommendation-service,/getUserRecommendations,db-analytics,/updateRecStats,56.5,56.5,79
trace02321,span02321,,2025-11-21T15:19:20+00:00,recommendation-service,/getUserRecommendations,cache-service,/getProfileCache,4.6,4.1,80
trace02322,span02322,,2025-11-21T15:19:20+00:00,recommendation-service,/getUserRecommendations,db-analytics,/updateRecStats,58.0,58.4,80
trace02323,span02323,,2025-11-21T15:19:21+00:00,recommendation-service,/getUserRecommendations,cache-service,/getProfileCache,4.3,3.9,79
trace02324,span02324,,2025-11-21T15:19:21+00:00,recommendation-service,/getUserRecommendations,db-analytics,/updateRecStats,56.7,56.7,79
trace02325,span02325,,2025-11-21T15:19:22+00:00,recommendation-service,/getUserRecommendations,cache-service,/getProfileCache,4.6,4.2,79
trace02326,span02326,,2025-11-21T15:19:22+00:00,recommendation-service,/getUserRecommendations,db-analytics,/updateRecStats,56.3,55.8,79
trace02327,span02327,,2025-11-21T15:19:23+00:00,recommendation-service,/getUserRecommendations,cache-service,/getProfileCache,4.4,4.0,79
trace02328,span02328,,2025-11-21T15:19:23+00:00,recommendation-service,/getUserRecommendations,db-analytics,/updateRecStats,56.9,57.1,79
trace02329,span02329,,2025-11-21T15:19:24+00:00,recommendation-service,/getUserRecommendations,cache-service,/getProfileCache,4.1,4.0,79
trace02330,span02330,,2025-11-21T15:19:24+00:00,recommendation-service,/getUserRecommendations,db-analytics,/updateRecStats,57.2,56.7,79
trace02331,span02331,,2025-11-21T15:19:25+00:00,recommendation-service,/getUserRecommendations,cache-service,/getProfileCache,3.9,4.1,79
trace02332,span02332,,2025-11-21T15:19:25+00:00,recommendation-service,/getUserRecommendations,db-analytics,/updateRecStats,57.3,57.3,79
trace02333,span02333,,2025-11-21T15:19:26+00:00,recommendation-service,/getUserRecommendations,cache-service,/getProfileCache,3.8,4.3,80
trace02334,span02334,,2025-11-21T15:19:26+00:00,recommendation-service,/getUserRecommendations,db-analytics,/updateRecStats,57.9,57.6,80
trace02335,span02335,,2025-11-21T15:19:27+00:00,recommendation-service,/getUserRecommendations,cache-service,/getProfileCache,4.6,4.8,80
trace02336,span02336,,2025-11-21T15:19:27+00:00,recommendation-service,/getUserRecommendations,db-analytics,/updateRecStats,56.6,57.0,80
trace02337,span02337,,2025-11-21T15:19:28+00:00,recommendation-service,/getUserRecommendations,cache-service,/getProfileCache,4.5,4.7,80
trace02338,span02338,,2025-11-21T15:19:28+00:00,recommendation-service,/getUserRecommendations,db-analytics,/updateRecStats,57.5,57.9,80
trace02339,span02339,,2025-11-21T15:19:29+00:00,recommendation-service,/getUserRecommendations,cache-service,/getProfileCache,4.5,4.4,80
trace02340,span02340,,2025-11-21T15:19:29+00:00,recommendation-service,/getUserRecommendations,db-analytics,/updateRecStats,57.2,57.7,80
trace02341,span02341,,2025-11-21T15:19:30+00:00,recommendation-service,/getUserRecommendations,cache-service,/getProfileCache,3.9,4.0,80
trace02342,span02342,,2025-11-21T15:19:30+00:00,recommendation-service,/getUserRecommendations,db-analytics,/updateRecStats,57.8,57.3,80
trace02343,span02343,,2025-11-21T15:19:31+00:00,recommendation-service,/getUserRecommendations,cache-service,/getProfileCache,4.3,3.9,80
trace02344,span02344,,2025-11-21T15:19:31+00:00,recommendation-service,/getUserRecommendations,db-analytics,/updateRecStats,57.8,58.2,80
trace02345,span02345,,2025-11-21T15:19:32+00:00,recommendation-service,/getUserRecommendations,cache-service,/getProfileCache,4.5,4.5,80
trace02346,span02346,,2025-11-21T15:19:32+00:00,recommendation-service,/getUserRecommendations,db-analytics,/updateRecStats,57.5,57.1,80
trace02347,span02347,,2025-11-21T15:19:33+00:00,recommendation-service,/getUserRecommendations,cache-service,/getProfileCache,3.8,4.0,80
trace02348,span02348,,2025-11-21T15:19:33+00:00,recommendation-service,/getUserRecommendations,db-analytics,/updateRecStats,57.6,57.9,80
trace02349,span02349,,2025-11-21T15:19:34+00:00,recommendation-service,/getUserRecommendations,cache-service,/getProfileCache,4.5,5.0,80
trace02350,span02350,,2025-11-21T15:19:34+00:00,recommendation-service,/getUserRecommendations,db-analytics,/updateRecStats,57.3,57.3,80
trace02351,span02351,,2025-11-21T15:19:35+00:00,recommendation-service,/getUserRecommendations,cache-service,/getProfileCache,3.9,4.3,80
trace02352,span02352,,2025-11-21T15:19:35+00:00,recommendation-service,/getUserRecommendations,db-analytics,/updateRecStats,57.5,57.5,80
trace02353,span02353,,2025-11-21T15:19:36+00:00,recommendation-service,/getUserRecommendations,cache-service,/getProfileCache,4.2,3.9,80
trace02354,span02354,,2025-11-21T15:19:36+00:00,recommendation-service,/getUserRecommendations,db-analytics,/updateRecStats,57.2,57.4,80
trace02355,span02355,,2025-11-21T15:19:37+00:00,recommendation-service,/getUserRecommendations,cache-service,/getProfileCache,4.5,4.4,80
trace02356,span02356,,2025-11-21T15:19:37+00:00,recommendation-service,/getUserRecommendations,db-analytics,/updateRecStats,56.5,56.6,80
trace02357,span02357,,2025-11-21T15:19:38+00:00,recommendation-service,/getUserRecommendations,cache-service,/getProfileCache,4.2,4.6,80
trace02358,span02358,,2025-11-21T15:19:38+00:00,recommendation-service,/getUserRecommendations,db-analytics,/updateRecStats,56.3,56.3,80
trace02359,span02359,,2025-11-21T15:19:39+00:00,recommendation-service,/getUserRecommendations,cache-service,/getProfileCache,4.1,4.1,80
trace02360,span02360,,2025-11-21T15:19:39+00:00,recommendation-service,/getUserRecommendations,db-analytics,/updateRecStats,56.7,56.9,80
trace02361,span02361,,2025-11-21T15:19:40+00:00,recommendation-service,/getUserRecommendations,cache-service,/getProfileCache,4.5,4.2,80
trace02362,span02362,,2025-11-21T15:19:40+00:00,recommendation-service,/getUserRecommendations,db-analytics,/updateRecStats,58.4,58.8,80
trace02363,span02363,,2025-11-21T15:19:41+00:00,recommendation-service,/getUserRecommendations,cache-service,/getProfileCache,4.3,4.2,80
trace02364,span02364,,2025-11-21T15:19:41+00:00,recommendation-service,/getUserRecommendations,db-analytics,/updateRecStats,56.8,56.8,80
trace02365,span02365,,2025-11-21T15:19:42+00:00,recommendation-service,/getUserRecommendations,cache-service,/getProfileCache,3.9,3.6,80
trace02366,span02366,,2025-11-21T15:19:42+00:00,recommendation-service,/getUserRecommendations,db-analytics,/updateRecStats,57.0,56.6,80
trace02367,span02367,,2025-11-21T15:19:43+00:00,recommendation-service,/getUserRecommendations,cache-service,/getProfileCache,4.5,4.4,80
trace02368,span02368,,2025-11-21T15:19:43+00:00,recommendation-service,/getUserRecommendations,db-analytics,/updateRecStats,57.0,57.0,80
trace02369,span02369,,2025-11-21T15:19:44+00:00,recommendation-service,/getUserRecommendations,cache-service,/getProfileCache,4.0,4.3,80
trace02370,span02370,,2025-11-21T15:19:44+00:00,recommendation-service,/getUserRecommendations,db-analytics,/updateRecStats,57.8,57.7,80
trace02371,span02371,,2025-11-21T15:19:45+00:00,recommendation-service,/getUserRecommendations,cache-service,/getProfileCache,4.0,3.9,79
trace02372,span02372,,2025-11-21T15:19:45+00:00,recommendation-service,/getUserRecommendations,db-analytics,/updateRecStats,57.2,57.6,79
trace02373,span02373,,2025-11-21T15:19:46+00:00,recommendation-service,/getUserRecommendations,cache-service,/getProfileCache,4.0,4.5,79
trace02374,span02374,,2025-11-21T15:19:46+00:00,recommendation-service,/getUserRecommendations,db-analytics,/updateRecStats,57.1,57.5,79
trace02375,span02375,,2025-11-21T15:19:47+00:00,recommendation-service,/getUserRecommendations,cache-service,/getProfileCache,4.1,3.7,79
trace02376,span02376,,2025-11-21T15:19:47+00:00,recommendation-service,/getUserRecommendations,db-analytics,/updateRecStats,56.4,56.9,79
trace02377,span02377,,2025-11-21T15:19:48+00:00,recommendation-service,/getUserRecommendations,cache-service,/getProfileCache,3.9,4.0,79
trace02378,span02378,,2025-11-21T15:19:48+00:00,recommendation-service,/getUserRecommendations,db-analytics,/updateRecStats,56.8,57.0,79
trace02379,span02379,,2025-11-21T15:19:49+00:00,recommendation-service,/getUserRecommendations,cache-service,/getProfileCache,3.8,3.7,79
trace02380,span02380,,2025-11-21T15:19:49+00:00,recommendation-service,/getUserRecommendations,db-analytics,/updateRecStats,57.0,57.0,79
trace02381,span02381,,2025-11-21T15:19:50+00:00,recommendation-service,/getUserRecommendations,cache-service,/getProfileCache,4.2,4.3,80
trace02382,span02382,,2025-11-21T15:19:50+00:00,recommendation-service,/getUserRecommendations,db-analytics,/updateRecStats,57.5,57.4,80
trace02383,span02383,,2025-11-21T15:19:51+00:00,recommendation-service,/getUserRecommendations,cache-service,/getProfileCache,4.2,3.8,80
trace02384,span02384,,2025-11-21T15:19:51+00:00,recommendation-service,/getUserRecommendations,db-analytics,/updateRecStats,57.5,57.7,80
trace02385,span02385,,2025-11-21T15:19:52+00:00,recommendation-service,/getUserRecommendations,cache-service,/getProfileCache,4.2,3.9,80
trace02386,span02386,,2025-11-21T15:19:52+00:00,recommendation-service,/getUserRecommendations,db-analytics,/updateRecStats,57.9,57.8,80
trace02387,span02387,,2025-11-21T15:19:53+00:00,recommendation-service,/getUserRecommendations,cache-service,/getProfileCache,4.0,4.3,80
trace02388,span02388,,2025-11-21T15:19:53+00:00,recommendation-service,/getUserRecommendations,db-analytics,/updateRecStats,57.1,57.0,80
trace02389,span02389,,2025-11-21T15:19:54+00:00,recommendation-service,/getUserRecommendations,cache-service,/getProfileCache,4.5,4.3,80
trace02390,span02390,,2025-11-21T15:19:54+00:00,recommendation-service,/getUserRecommendations,db-analytics,/updateRecStats,56.9,56.6,80
trace02391,span02391,,2025-11-21T15:19:55+00:00,recommendation-service,/getUserRecommendations,cache-service,/getProfileCache,4.2,3.8,79
trace02392,span02392,,2025-11-21T15:19:55+00:00,recommendation-service,/getUserRecommendations,db-analytics,/updateRecStats,57.6,57.5,79
trace02393,span02393,,2025-11-21T15:19:56+00:00,recommendation-service,/getUserRecommendations,cache-service,/getProfileCache,4.5,4.3,79
trace02394,span02394,,2025-11-21T15:19:56+00:00,recommendation-service,/getUserRecommendations,db-analytics,/updateRecStats,57.3,57.7,79
trace02395,span02395,,2025-11-21T15:19:57+00:00,recommendation-service,/getUserRecommendations,cache-service,/getProfileCache,4.5,4.2,79
trace02396,span02396,,2025-11-21T15:19:57+00:00,recommendation-service,/getUserRecommendations,db-analytics,/updateRecStats,57.4,57.4,79
trace02397,span02397,,2025-11-21T15:19:58+00:00,recommendation-service,/getUserRecommendations,cache-service,/getProfileCache,4.5,4.7,80
trace02398,span02398,,2025-11-21T15:19:58+00:00,recommendation-service,/getUserRecommendations,db-analytics,/updateRecStats,56.7,56.3,80
trace02399,span02399,,2025-11-21T15:19:59+00:00,recommendation-service,/getUserRecommendations,cache-service,/getProfileCache,4.2,4.2,79
trace02400,span02400,,2025-11-21T15:19:59+00:00,recommendation-service,/getUserRecommendations,db-analytics,/updateRecStats,56.7,56.8,79
