traceId,spanId,parentSpanId,timestamp,srcService,srcRoute,dstService,dstRoute,latency_ms,latency,rps
trace00000001,span00000001,,2025-01-20T13:00:00+00:00,api,/order-service,inventory-service,/reservations,5.58,5.66,9
trace00000002,span00000002,,2025-01-20T13:00:00+00:00,inventory-service,,database,/query,17.11,17.03,9
trace00000003,span00000003,,2025-01-20T13:00:01+00:00,api,/order-service,inventory-service,/reservations,4.91,4.99,11
trace00000004,span00000004,,2025-01-20T13:00:01+00:00,inventory-service,,database,/query,13.25,13.29,11
trace00000005,span00000005,,2025-01-20T13:00:02+00:00,api,/order-service,inventory-service,/reservations,3.76,3.86,13
trace00000006,span00000006,,2025-01-20T13:00:02+00:00,inventory-service,,database,/query,15.85,15.88,13
trace00000007,span00000007,,2025-01-20T13:00:03+00:00,api,/order-service,inventory-service,/reservations,4.66,4.75,16
trace00000008,span00000008,,2025-01-20T13:00:03+00:00,inventory-service,,database,/query,14.5,14.6,16
trace00000009,span00000009,,2025-01-20T13:00:04+00:00,api,/order-service,inventory-service,/reservations,5.45,5.36,17
trace00000010,span00000010,,2025-01-20T13:00:04+00:00,inventory-service,,database,/query,15.03,15.07,17
trace00000011,span00000011,,2025-01-20T13:00:05+00:00,api,/order-service,inventory-service,/reservations,4.61,4.61,20
trace00000012,span00000012,,2025-01-20T13:00:05+00:00,inventory-service,,database,/query,13.9,13.84,20
trace00000013,span00000013,,2025-01-20T13:00:06+00:00,api,/order-service,inventory-service,/reservations,4.99,5.07,22
trace00000014,span00000014,,2025-01-20T13:00:06+00:00,inventory-service,,database,/query,16.65,16.71,22
trace00000015,span00000015,,2025-01-20T13:00:07+00:00,api,/order-service,inventory-service,/reservations,5.02,5.05,23
trace00000016,span00000016,,2025-01-20T13:00:07+00:00,inventory-service,,database,/query,16.55,16.59,23
trace00000017,span00000017,,2025-01-20T13:00:08+00:00,api,/order-service,inventory-service,/reservations,4.74,4.68,26
trace00000018,span00000018,,2025-01-20T13:00:08+00:00,inventory-service,,database,/query,15.58,15.63,26
trace00000019,span00000019,,2025-01-20T13:00:09+00:00,api,/order-service,inventory-service,/reservations,5.51,5.56,27
trace00000020,span00000020,,2025-01-20T13:00:09+00:00,inventory-service,,database,/query,14.83,14.9,27
trace00000021,span00000021,,2025-01-20T13:00:10+00:00,api,/order-service,inventory-service,/reservations,4.76,4.78,29
trace00000022,span00000022,,2025-01-20T13:00:10+00:00,inventory-service,,database,/query,16.18,16.24,29
trace00000023,span00000023,,2025-01-20T13:00:11+00:00,api,/order-service,inventory-service,/reservations,4.73,4.73,30
trace00000024,span00000024,,2025-01-20T13:00:11+00:00,inventory-service,,database,/query,13.65,13.58,30
trace00000025,span00000025,,2025-01-20T13:00:12+00:00,api,/order-service,inventory-service,/reservations,4.77,4.68,28
trace00000026,span00000026,,2025-01-20T13:00:12+00:00,inventory-service,,database,/query,14.24,14.29,28
trace00000027,span00000027,,2025-01-20T13:00:13+00:00,api,/order-service,inventory-service,/reservations,5.38,5.42,28
trace00000028,span00000028,,2025-01-20T13:00:13+00:00,inventory-service,,database,/query,13.03,13.01,28
trace00000029,span00000029,,2025-01-20T13:00:14+00:00,api,/order-service,inventory-service,/reservations,4.84,4.83,30
trace00000030,span00000030,,2025-01-20T13:00:14+00:00,inventory-service,,database,/query,14.21,14.12,30
trace00000031,span00000031,,2025-01-20T13:00:15+00:00,api,/order-service,inventory-service,/reservations,4.9,4.88,30
trace00000032,span00000032,,2025-01-20T13:00:15+00:00,inventory-service,,database,/query,13.62,13.53,30
trace00000033,span00000033,,2025-01-20T13:00:16+00:00,api,/order-service,inventory-service,/reservations,5.19,5.15,31
trace00000034,span00000034,,2025-01-20T13:00:16+00:00,inventory-service,,database,/query,14.97,14.98,31
trace00000035,span00000035,,2025-01-20T13:00:17+00:00,api,/order-service,inventory-service,/reservations,4.57,4.51,30
trace00000036,span00000036,,2025-01-20T13:00:17+00:00,inventory-service,,database,/query,14.35,14.29,30
trace00000037,span00000037,,2025-01-20T13:00:18+00:00,api,/order-service,inventory-service,/reservations,5.19,5.12,30
trace00000038,span00000038,,2025-01-20T13:00:18+00:00,inventory-service,,database,/query,16.38,16.37,30
trace00000039,span00000039,,2025-01-20T13:00:19+00:00,api,/order-service,inventory-service,/reservations,5.15,5.22,32
trace00000040,span00000040,,2025-01-20T13:00:19+00:00,inventory-service,,database,/query,14.77,14.84,32
trace00000041,span00000041,,2025-01-20T13:00:20+00:00,api,/order-service,inventory-service,/reservations,5.26,5.34,30
trace00000042,span00000042,,2025-01-20T13:00:20+00:00,inventory-service,,database,/query,14.05,14.04,30
trace00000043,span00000043,,2025-01-20T13:00:21+00:00,api,/order-service,inventory-service,/reservations,4.97,5.06,29
trace00000044,span00000044,,2025-01-20T13:00:21+00:00,inventory-service,,database,/query,13.26,13.2,29
trace00000045,span00000045,,2025-01-20T13:00:22+00:00,api,/order-service,inventory-service,/reservations,4.88,4.79,31
trace00000046,span00000046,,2025-01-20T13:00:22+00:00,inventory-service,,database,/query,14.96,14.88,31
trace00000047,span00000047,,2025-01-20T13:00:23+00:00,api,/order-service,inventory-service,/reservations,5.59,5.56,30
trace00000048,span00000048,,2025-01-20T13:00:23+00:00,inventory-service,,database,/query,16.17,16.08,30
trace00000049,span00000049,,2025-01-20T13:00:24+00:00,api,/order-service,inventory-service,/reservations,5.6,5.67,30
trace00000050,span00000050,,2025-01-20T13:00:24+00:00,inventory-service,,database,/query,14.69,14.59,30
trace00000051,span00000051,,2025-01-20T13:00:25+00:00,api,/order-service,inventory-service,/reservations,5.23,5.3,29
trace00000052,span00000052,,2025-01-20T13:00:25+00:00,inventory-service,,database,/query,14.55,14.65,29
trace00000053,span00000053,,2025-01-20T13:00:26+00:00,api,/order-service,inventory-service,/reservations,4.94,4.93,31
trace00000054,span00000054,,2025-01-20T13:00:26+00:00,inventory-service,,database,/query,16.11,16.14,31
trace00000055,span00000055,,2025-01-20T13:00:27+00:00,api,/order-service,inventory-service,/reservations,4.28,4.18,30
trace00000056,span00000056,,2025-01-20T13:00:27+00:00,inventory-service,,database,/query,13.94,13.98,30
trace00000057,span00000057,,2025-01-20T13:00:28+00:00,api,/order-service,inventory-service,/reservations,5.9,5.83,29
trace00000058,span00000058,,2025-01-20T13:00:28+00:00,inventory-service,,database,/query,14.29,14.21,29
trace00000059,span00000059,,2025-01-20T13:00:29+00:00,api,/order-service,inventory-service,/reservations,4.91,4.97,31
trace00000060,span00000060,,2025-01-20T13:00:29+00:00,inventory-service,,database,/query,16.45,16.52,31
trace00000061,span00000061,,2025-01-20T13:00:30+00:00,api,/order-service,inventory-service,/reservations,4.58,4.58,30
trace00000062,span00000062,,2025-01-20T13:00:30+00:00,inventory-service,,database,/query,17.81,17.71,30
trace00000063,span00000063,,2025-01-20T13:00:31+00:00,api,/order-service,inventory-service,/reservations,5.02,4.95,31
trace00000064,span00000064,,2025-01-20T13:00:31+00:00,inventory-service,,database,/query,14.72,14.68,31
trace00000065,span00000065,,2025-01-20T13:00:32+00:00,api,/order-service,inventory-service,/reservations,4.77,4.78,28
trace00000066,span00000066,,2025-01-20T13:00:32+00:00,inventory-service,,database,/query,14.97,14.88,28
trace00000067,span00000067,,2025-01-20T13:00:33+00:00,api,/order-service,inventory-service,/reservations,4.44,4.51,29
trace00000068,span00000068,,2025-01-20T13:00:33+00:00,inventory-service,,database,/query,18.02,18.05,29
trace00000069,span00000069,,2025-01-20T13:00:34+00:00,api,/order-service,inventory-service,/reservations,4.7,4.76,29
trace00000070,span00000070,,2025-01-20T13:00:34+00:00,inventory-service,,database,/query,14.29,14.3,29
trace00000071,span00000071,,2025-01-20T13:00:35+00:00,api,/order-service,inventory-service,/reservations,5.33,5.33,30
trace00000072,span00000072,,2025-01-20T13:00:35+00:00,inventory-service,,database,/query,14.44,14.42,30
trace00000073,span00000073,,2025-01-20T13:00:36+00:00,api,/order-service,inventory-service,/reservations,5.7,5.7,30
trace00000074,span00000074,,2025-01-20T13:00:36+00:00,inventory-service,,database,/query,13.79,13.81,30
trace00000075,span00000075,,2025-01-20T13:00:37+00:00,api,/order-service,inventory-service,/reservations,5.38,5.29,28
trace00000076,span00000076,,2025-01-20T13:00:37+00:00,inventory-service,,database,/query,17.43,17.47,28
trace00000077,span00000077,,2025-01-20T13:00:38+00:00,api,/order-service,inventory-service,/reservations,4.75,4.82,29
trace00000078,span00000078,,2025-01-20T13:00:38+00:00,inventory-service,,database,/query,14.84,14.75,29
trace00000079,span00000079,,2025-01-20T13:00:39+00:00,api,/order-service,inventory-service,/reservations,5.15,5.07,29
trace00000080,span00000080,,2025-01-20T13:00:39+00:00,inventory-service,,database,/query,13.92,14.0,29
trace00000081,span00000081,,2025-01-20T13:00:40+00:00,api,/order-service,inventory-service,/reservations,4.95,4.99,29
trace00000082,span00000082,,2025-01-20T13:00:40+00:00,inventory-service,,database,/query,16.45,16.38,29
trace00000083,span00000083,,2025-01-20T13:00:41+00:00,api,/order-service,inventory-service,/reservations,5.25,5.35,29
trace00000084,span00000084,,2025-01-20T13:00:41+00:00,inventory-service,,database,/query,15.4,15.4,29
trace00000085,span00000085,,2025-01-20T13:00:42+00:00,api,/order-service,inventory-service,/reservations,4.85,4.91,30
trace00000086,span00000086,,2025-01-20T13:00:42+00:00,inventory-service,,database,/query,14.3,14.23,30
trace00000087,span00000087,,2025-01-20T13:00:43+00:00,api,/order-service,inventory-service,/reservations,4.59,4.56,30
trace00000088,span00000088,,2025-01-20T13:00:43+00:00,inventory-service,,database,/query,14.82,14.75,30
trace00000089,span00000089,,2025-01-20T13:00:44+00:00,api,/order-service,inventory-service,/reservations,5.13,5.05,28
trace00000090,span00000090,,2025-01-20T13:00:44+00:00,inventory-service,,database,/query,15.71,15.75,28
trace00000091,span00000091,,2025-01-20T13:00:45+00:00,api,/order-service,inventory-service,/reservations,4.7,4.73,28
trace00000092,span00000092,,2025-01-20T13:00:45+00:00,inventory-service,,database,/query,16.01,16.04,28
trace00000093,span00000093,,2025-01-20T13:00:46+00:00,api,/order-service,inventory-service,/reservations,5.43,5.4,28
trace00000094,span00000094,,2025-01-20T13:00:46+00:00,inventory-service,,database,/query,16.96,16.9,28
trace00000095,span00000095,,2025-01-20T13:00:47+00:00,api,/order-service,inventory-service,/reservations,4.12,4.05,28
trace00000096,span00000096,,2025-01-20T13:00:47+00:00,inventory-service,,database,/query,14.79,14.88,28
trace00000097,span00000097,,2025-01-20T13:00:48+00:00,api,/order-service,inventory-service,/reservations,5.04,4.97,29
trace00000098,span00000098,,2025-01-20T13:00:48+00:00,inventory-service,,database,/query,15.43,15.47,29
trace00000099,span00000099,,2025-01-20T13:00:49+00:00,api,/order-service,inventory-service,/reservations,4.62,4.53,29
trace00000100,span00000100,,2025-01-20T13:00:49+00:00,inventory-service,,database,/query,15.4,15.42,29
trace00000101,span00000101,,2025-01-20T13:00:50+00:00,api,/order-service,inventory-service,/reservations,4.76,4.69,31
trace00000102,span00000102,,2025-01-20T13:00:50+00:00,inventory-service,,database,/query,15.59,15.6,31
trace00000103,span00000103,,2025-01-20T13:00:51+00:00,api,/order-service,inventory-service,/reservations,4.54,4.52,30
trace00000104,span00000104,,2025-01-20T13:00:51+00:00,inventory-service,,database,/query,13.97,14.05,30
trace00000105,span00000105,,2025-01-20T13:00:52+00:00,api,/order-service,inventory-service,/reservations,5.29,5.22,31
trace00000106,span00000106,,2025-01-20T13:00:52+00:00,inventory-service,,database,/query,15.03,15.09,31
trace00000107,span00000107,,2025-01-20T13:00:53+00:00,api,/order-service,inventory-service,/reservations,6.33,6.38,30
trace00000108,span00000108,,2025-01-20T13:00:53+00:00,inventory-service,,database,/query,15.19,15.27,30
trace00000109,span00000109,,2025-01-20T13:00:54+00:00,api,/order-service,inventory-service,/reservations,5.35,5.42,32
trace00000110,span00000110,,2025-01-20T13:00:54+00:00,inventory-service,,database,/query,14.5,14.43,32
trace00000111,span00000111,,2025-01-20T13:00:55+00:00,api,/order-service,inventory-service,/reservations,6.21,6.14,29
trace00000112,span00000112,,2025-01-20T13:00:55+00:00,inventory-service,,database,/query,15.47,15.37,29
trace00000113,span00000113,,2025-01-20T13:00:56+00:00,api,/order-service,inventory-service,/reservations,4.56,4.58,29
trace00000114,span00000114,,2025-01-20T13:00:56+00:00,inventory-service,,database,/query,14.27,14.26,29
trace00000115,span00000115,,2025-01-20T13:00:57+00:00,api,/order-service,inventory-service,/reservations,5.31,5.25,31
trace00000116,span00000116,,2025-01-20T13:00:57+00:00,inventory-service,,database,/query,14.86,14.84,31
trace00000117,span00000117,,2025-01-20T13:00:58+00:00,api,/order-service,inventory-service,/reservations,5.33,5.33,28
trace00000118,span00000118,,2025-01-20T13:00:58+00:00,inventory-service,,database,/query,15.14,15.1,28
trace00000119,span00000119,,2025-01-20T13:00:59+00:00,api,/order-service,inventory-service,/reservations,5.03,5.0,29
trace00000120,span00000120,,2025-01-20T13:00:59+00:00,inventory-service,,database,/query,16.7,16.76,29
trace00000121,span00000121,,2025-01-20T13:01:00+00:00,api,/order-service,inventory-service,/reservations,4.92,5.0,28
trace00000122,span00000122,,2025-01-20T13:01:00+00:00,inventory-service,,database,/query,13.89,13.94,28
trace00000123,span00000123,,2025-01-20T13:01:01+00:00,api,/order-service,inventory-service,/reservations,4.46,4.55,29
trace00000124,span00000124,,2025-01-20T13:01:01+00:00,inventory-service,,database,/query,14.86,14.86,29
trace00000125,span00000125,,2025-01-20T13:01:02+00:00,api,/order-service,inventory-service,/reservations,5.07,5.13,31
trace00000126,span00000126,,2025-01-20T13:01:02+00:00,inventory-service,,database,/query,16.49,16.55,31
trace00000127,span00000127,,2025-01-20T13:01:03+00:00,api,/order-service,inventory-service,/reservations,4.5,4.59,29
trace00000128,span00000128,,2025-01-20T13:01:03+00:00,inventory-service,,database,/query,13.97,14.06,29
trace00000129,span00000129,,2025-01-20T13:01:04+00:00,api,/order-service,inventory-service,/reservations,4.32,4.37,31
trace00000130,span00000130,,2025-01-20T13:01:04+00:00,inventory-service,,database,/query,17.39,17.37,31
trace00000131,span00000131,,2025-01-20T13:01:05+00:00,api,/order-service,inventory-service,/reservations,4.83,4.81,29
trace00000132,span00000132,,2025-01-20T13:01:05+00:00,inventory-service,,database,/query,17.14,17.13,29
trace00000133,span00000133,,2025-01-20T13:01:06+00:00,api,/order-service,inventory-service,/reservations,5.46,5.45,30
trace00000134,span00000134,,2025-01-20T13:01:06+00:00,inventory-service,,database,/query,14.21,14.18,30
trace00000135,span00000135,,2025-01-20T13:01:07+00:00,api,/order-service,inventory-service,/reservations,4.13,4.22,31
trace00000136,span00000136,,2025-01-20T13:01:07+00:00,inventory-service,,database,/query,15.02,15.11,31
trace00000137,span00000137,,2025-01-20T13:01:08+00:00,api,/order-service,inventory-service,/reservations,5.27,5.36,31
trace00000138,span00000138,,2025-01-20T13:01:08+00:00,inventory-service,,database,/query,15.14,15.06,31
trace00000139,span00000139,,2025-01-20T13:01:09+00:00,api,/order-service,inventory-service,/reservations,4.96,5.01,28
trace00000140,span00000140,,2025-01-20T13:01:09+00:00,inventory-service,,database,/query,14.84,14.91,28
trace00000141,span00000141,,2025-01-20T13:01:10+00:00,api,/order-service,inventory-service,/reservations,4.04,3.96,28
trace00000142,span00000142,,2025-01-20T13:01:10+00:00,inventory-service,,database,/query,13.78,13.84,28
trace00000143,span00000143,,2025-01-20T13:01:11+00:00,api,/order-service,inventory-service,/reservations,5.17,5.18,31
trace00000144,span00000144,,2025-01-20T13:01:11+00:00,inventory-service,,database,/query,14.44,14.36,31
trace00000145,span00000145,,2025-01-20T13:01:12+00:00,api,/order-service,inventory-service,/reservations,4.12,4.1,34
trace00000146,span00000146,,2025-01-20T13:01:12+00:00,inventory-service,,database,/query,15.37,15.37,34
trace00000147,span00000147,,2025-01-20T13:01:13+00:00,api,/order-service,inventory-service,/reservations,4.66,4.66,34
trace00000148,span00000148,,2025-01-20T13:01:13+00:00,inventory-service,,database,/query,13.74,13.68,34
trace00000149,span00000149,,2025-01-20T13:01:14+00:00,api,/order-service,inventory-service,/reservations,4.92,5.01,38
trace00000150,span00000150,,2025-01-20T13:01:14+00:00,inventory-service,,database,/query,15.32,15.34,38
trace00000151,span00000151,,2025-01-20T13:01:15+00:00,api,/order-service,inventory-service,/reservations,4.19,4.18,40
trace00000152,span00000152,,2025-01-20T13:01:15+00:00,inventory-service,,database,/query,13.9,13.98,40
trace00000153,span00000153,,2025-01-20T13:01:16+00:00,api,/order-service,inventory-service,/reservations,5.54,5.45,43
trace00000154,span00000154,,2025-01-20T13:01:16+00:00,inventory-service,,database,/query,13.96,13.98,43
trace00000155,span00000155,,2025-01-20T13:01:17+00:00,api,/order-service,inventory-service,/reservations,4.83,4.88,44
trace00000156,span00000156,,2025-01-20T13:01:17+00:00,inventory-service,,database,/query,15.14,15.06,44
trace00000157,span00000157,,2025-01-20T13:01:18+00:00,api,/order-service,inventory-service,/reservations,4.25,4.27,47
trace00000158,span00000158,,2025-01-20T13:01:18+00:00,inventory-service,,database,/query,13.74,13.74,47
trace00000159,span00000159,,2025-01-20T13:01:19+00:00,api,/order-service,inventory-service,/reservations,4.66,4.69,49
trace00000160,span00000160,,2025-01-20T13:01:19+00:00,inventory-service,,database,/query,14.5,14.44,49
trace00000161,span00000161,,2025-01-20T13:01:20+00:00,api,/order-service,inventory-service,/reservations,6.49,6.47,50
trace00000162,span00000162,,2025-01-20T13:01:20+00:00,inventory-service,,database,/query,15.72,15.66,50
trace00000163,span00000163,,2025-01-20T13:01:21+00:00,api,/order-service,inventory-service,/reservations,5.11,5.16,51
trace00000164,span00000164,,2025-01-20T13:01:21+00:00,inventory-service,,database,/query,13.01,13.03,51
trace00000165,span00000165,,2025-01-20T13:01:22+00:00,api,/order-service,inventory-service,/reservations,4.94,5.01,50
trace00000166,span00000166,,2025-01-20T13:01:22+00:00,inventory-service,,database,/query,15.73,15.65,50
trace00000167,span00000167,,2025-01-20T13:01:23+00:00,api,/order-service,inventory-service,/reservations,4.85,4.9,51
trace00000168,span00000168,,2025-01-20T13:01:23+00:00,inventory-service,,database,/query,15.78,15.71,51
trace00000169,span00000169,,2025-01-20T13:01:24+00:00,api,/order-service,inventory-service,/reservations,4.6,4.58,49
trace00000170,span00000170,,2025-01-20T13:01:24+00:00,inventory-service,,database,/query,14.4,14.36,49
trace00000171,span00000171,,2025-01-20T13:01:25+00:00,api,/order-service,inventory-service,/reservations,5.66,5.7,49
trace00000172,span00000172,,2025-01-20T13:01:25+00:00,inventory-service,,database,/query,15.47,15.41,49
trace00000173,span00000173,,2025-01-20T13:01:26+00:00,api,/order-service,inventory-service,/reservations,5.06,5.07,48
trace00000174,span00000174,,2025-01-20T13:01:26+00:00,inventory-service,,database,/query,12.77,12.69,48
trace00000175,span00000175,,2025-01-20T13:01:27+00:00,api,/order-service,inventory-service,/reservations,4.48,4.48,49
trace00000176,span00000176,,2025-01-20T13:01:27+00:00,inventory-service,,database,/query,15.67,15.62,49
trace00000177,span00000177,,2025-01-20T13:01:28+00:00,api,/order-service,inventory-service,/reservations,4.94,5.01,47
trace00000178,span00000178,,2025-01-20T13:01:28+00:00,inventory-service,,database,/query,14.81,14.9,47
trace00000179,span00000179,,2025-01-20T13:01:29+00:00,api,/order-service,inventory-service,/reservations,4.75,4.69,47
trace00000180,span00000180,,2025-01-20T13:01:29+00:00,inventory-service,,database,/query,14.3,14.21,47
trace00000181,span00000181,,2025-01-20T13:01:30+00:00,api,/order-service,inventory-service,/reservations,4.51,4.48,48
trace00000182,span00000182,,2025-01-20T13:01:30+00:00,inventory-service,,database,/query,14.92,14.95,48
trace00000183,span00000183,,2025-01-20T13:01:31+00:00,api,/order-service,inventory-service,/reservations,5.0,4.94,50
trace00000184,span00000184,,2025-01-20T13:01:31+00:00,inventory-service,,database,/query,16.6,16.67,50
trace00000185,span00000185,,2025-01-20T13:01:32+00:00,api,/order-service,inventory-service,/reservations,5.69,5.77,48
trace00000186,span00000186,,2025-01-20T13:01:32+00:00,inventory-service,,database,/query,14.49,14.54,48
trace00000187,span00000187,,2025-01-20T13:01:33+00:00,api,/order-service,inventory-service,/reservations,4.8,4.86,49
trace00000188,span00000188,,2025-01-20T13:01:33+00:00,inventory-service,,database,/query,13.68,13.78,49
trace00000189,span00000189,,2025-01-20T13:01:34+00:00,api,/order-service,inventory-service,/reservations,4.87,4.78,53
trace00000190,span00000190,,2025-01-20T13:01:34+00:00,inventory-service,,database,/query,15.18,15.16,53
trace00000191,span00000191,,2025-01-20T13:01:35+00:00,api,/order-service,inventory-service,/reservations,5.55,5.55,46
trace00000192,span00000192,,2025-01-20T13:01:35+00:00,inventory-service,,database,/query,14.81,14.88,46
trace00000193,span00000193,,2025-01-20T13:01:36+00:00,api,/order-service,inventory-service,/reservations,5.74,5.69,49
trace00000194,span00000194,,2025-01-20T13:01:36+00:00,inventory-service,,database,/query,15.88,15.97,49
trace00000195,span00000195,,2025-01-20T13:01:37+00:00,api,/order-service,inventory-service,/reservations,4.97,5.0,49
trace00000196,span00000196,,2025-01-20T13:01:37+00:00,inventory-service,,database,/query,15.36,15.46,49
trace00000197,span00000197,,2025-01-20T13:01:38+00:00,api,/order-service,inventory-service,/reservations,5.34,5.28,48
trace00000198,span00000198,,2025-01-20T13:01:38+00:00,inventory-service,,database,/query,14.0,14.04,48
trace00000199,span00000199,,2025-01-20T13:01:39+00:00,api,/order-service,inventory-service,/reservations,4.65,4.67,48
trace00000200,span00000200,,2025-01-20T13:01:39+00:00,inventory-service,,database,/query,14.32,14.3,48
trace00000201,span00000201,,2025-01-20T13:01:40+00:00,api,/order-service,inventory-service,/reservations,4.41,4.44,49
trace00000202,span00000202,,2025-01-20T13:01:40+00:00,inventory-service,,database,/query,14.11,14.06,49
trace00000203,span00000203,,2025-01-20T13:01:41+00:00,api,/order-service,inventory-service,/reservations,4.47,4.49,52
trace00000204,span00000204,,2025-01-20T13:01:41+00:00,inventory-service,,database,/query,16.05,15.98,52
trace00000205,span00000205,,2025-01-20T13:01:42+00:00,api,/order-service,inventory-service,/reservations,6.35,6.34,50
trace00000206,span00000206,,2025-01-20T13:01:42+00:00,inventory-service,,database,/query,14.83,14.81,50
trace00000207,span00000207,,2025-01-20T13:01:43+00:00,api,/order-service,inventory-service,/reservations,4.25,4.2,48
trace00000208,span00000208,,2025-01-20T13:01:43+00:00,inventory-service,,database,/query,14.64,14.7,48
trace00000209,span00000209,,2025-01-20T13:01:44+00:00,api,/order-service,inventory-service,/reservations,3.85,3.89,48
trace00000210,span00000210,,2025-01-20T13:01:44+00:00,inventory-service,,database,/query,14.38,14.38,48
trace00000211,span00000211,,2025-01-20T13:01:45+00:00,api,/order-service,inventory-service,/reservations,5.08,5.0,50
trace00000212,span00000212,,2025-01-20T13:01:45+00:00,inventory-service,,database,/query,16.89,16.94,50
trace00000213,span00000213,,2025-01-20T13:01:46+00:00,api,/order-service,inventory-service,/reservations,4.65,4.59,51
trace00000214,span00000214,,2025-01-20T13:01:46+00:00,inventory-service,,database,/query,14.42,14.43,51
trace00000215,span00000215,,2025-01-20T13:01:47+00:00,api,/order-service,inventory-service,/reservations,5.02,4.94,49
trace00000216,span00000216,,2025-01-20T13:01:47+00:00,inventory-service,,database,/query,16.48,16.48,49
trace00000217,span00000217,,2025-01-20T13:01:48+00:00,api,/order-service,inventory-service,/reservations,4.9,4.9,51
trace00000218,span00000218,,2025-01-20T13:01:48+00:00,inventory-service,,database,/query,15.48,15.46,51
trace00000219,span00000219,,2025-01-20T13:01:49+00:00,api,/order-service,inventory-service,/reservations,4.47,4.4,49
trace00000220,span00000220,,2025-01-20T13:01:49+00:00,inventory-service,,database,/query,14.91,14.81,49
trace00000221,span00000221,,2025-01-20T13:01:50+00:00,api,/order-service,inventory-service,/reservations,4.99,4.95,50
trace00000222,span00000222,,2025-01-20T13:01:50+00:00,inventory-service,,database,/query,14.59,14.54,50
trace00000223,span00000223,,2025-01-20T13:01:51+00:00,api,/order-service,inventory-service,/reservations,6.49,6.52,49
trace00000224,span00000224,,2025-01-20T13:01:51+00:00,inventory-service,,database,/query,17.01,16.93,49
trace00000225,span00000225,,2025-01-20T13:01:52+00:00,api,/order-service,inventory-service,/reservations,5.19,5.28,52
trace00000226,span00000226,,2025-01-20T13:01:52+00:00,inventory-service,,database,/query,16.08,16.14,52
trace00000227,span00000227,,2025-01-20T13:01:53+00:00,api,/order-service,inventory-service,/reservations,5.06,5.15,48
trace00000228,span00000228,,2025-01-20T13:01:53+00:00,inventory-service,,database,/query,15.89,15.89,48
trace00000229,span00000229,,2025-01-20T13:01:54+00:00,api,/order-service,inventory-service,/reservations,4.37,4.39,49
trace00000230,span00000230,,2025-01-20T13:01:54+00:00,inventory-service,,database,/query,14.28,14.26,49
trace00000231,span00000231,,2025-01-20T13:01:55+00:00,api,/order-service,inventory-service,/reservations,5.08,5.0,49
trace00000232,span00000232,,2025-01-20T13:01:55+00:00,inventory-service,,database,/query,13.04,13.11,49
trace00000233,span00000233,,2025-01-20T13:01:56+00:00,api,/order-service,inventory-service,/reservations,5.21,5.27,49
trace00000234,span00000234,,2025-01-20T13:01:56+00:00,inventory-service,,database,/query,13.93,13.97,49
trace00000235,span00000235,,2025-01-20T13:01:57+00:00,api,/order-service,inventory-service,/reservations,4.63,4.72,50
trace00000236,span00000236,,2025-01-20T13:01:57+00:00,inventory-service,,database,/query,14.5,14.44,50
trace00000237,span00000237,,2025-01-20T13:01:58+00:00,api,/order-service,inventory-service,/reservations,5.33,5.24,49
trace00000238,span00000238,,2025-01-20T13:01:58+00:00,inventory-service,,database,/query,14.12,14.1,49
trace00000239,span00000239,,2025-01-20T13:01:59+00:00,api,/order-service,inventory-service,/reservations,4.7,4.75,48
trace00000240,span00000240,,2025-01-20T13:01:59+00:00,inventory-service,,database,/query,16.0,15.91,48
trace00000241,span00000241,,2025-01-20T13:02:00+00:00,api,/order-service,inventory-service,/reservations,5.09,5.16,50
trace00000242,span00000242,,2025-01-20T13:02:00+00:00,inventory-service,,database,/query,14.44,14.44,50
trace00000243,span00000243,,2025-01-20T13:02:01+00:00,api,/order-service,inventory-service,/reservations,4.44,4.4,50
trace00000244,span00000244,,2025-01-20T13:02:01+00:00,inventory-service,,database,/query,17.06,16.97,50
trace00000245,span00000245,,2025-01-20T13:02:02+00:00,api,/order-service,inventory-service,/reservations,4.98,4.94,49
trace00000246,span00000246,,2025-01-20T13:02:02+00:00,inventory-service,,database,/query,15.17,15.19,49
trace00000247,span00000247,,2025-01-20T13:02:03+00:00,api,/order-service,inventory-service,/reservations,4.92,4.94,47
trace00000248,span00000248,,2025-01-20T13:02:03+00:00,inventory-service,,database,/query,14.99,15.07,47
trace00000249,span00000249,,2025-01-20T13:02:04+00:00,api,/order-service,inventory-service,/reservations,4.62,4.57,49
trace00000250,span00000250,,2025-01-20T13:02:04+00:00,inventory-service,,database,/query,16.23,16.17,49
trace00000251,span00000251,,2025-01-20T13:02:05+00:00,api,/order-service,inventory-service,/reservations,4.68,4.73,50
trace00000252,span00000252,,2025-01-20T13:02:05+00:00,inventory-service,,database,/query,15.83,15.83,50
trace00000253,span00000253,,2025-01-20T13:02:06+00:00,api,/order-service,inventory-service,/reservations,4.75,4.81,53
trace00000254,span00000254,,2025-01-20T13:02:06+00:00,inventory-service,,database,/query,14.42,14.33,53
trace00000255,span00000255,,2025-01-20T13:02:07+00:00,api,/order-service,inventory-service,/reservations,5.38,5.41,49
trace00000256,span00000256,,2025-01-20T13:02:07+00:00,inventory-service,,database,/query,17.18,17.18,49
trace00000257,span00000257,,2025-01-20T13:02:08+00:00,api,/order-service,inventory-service,/reservations,5.48,5.49,50
trace00000258,span00000258,,2025-01-20T13:02:08+00:00,inventory-service,,database,/query,14.97,14.87,50
trace00000259,span00000259,,2025-01-20T13:02:09+00:00,api,/order-service,inventory-service,/reservations,4.93,4.95,50
trace00000260,span00000260,,2025-01-20T13:02:09+00:00,inventory-service,,database,/query,16.23,16.28,50
trace00000261,span00000261,,2025-01-20T13:02:10+00:00,api,/order-service,inventory-service,/reservations,4.78,4.78,51
trace00000262,span00000262,,2025-01-20T13:02:10+00:00,inventory-service,,database,/query,14.09,14.03,51
trace00000263,span00000263,,2025-01-20T13:02:11+00:00,api,/order-service,inventory-service,/reservations,5.16,5.13,51
trace00000264,span00000264,,2025-01-20T13:02:11+00:00,inventory-service,,database,/query,15.94,15.95,51
trace00000265,span00000265,,2025-01-20T13:02:12+00:00,api,/order-service,inventory-service,/reservations,5.39,5.48,50
trace00000266,span00000266,,2025-01-20T13:02:12+00:00,inventory-service,,database,/query,15.71,15.68,50
trace00000267,span00000267,,2025-01-20T13:02:13+00:00,api,/order-service,inventory-service,/reservations,4.82,4.74,52
trace00000268,span00000268,,2025-01-20T13:02:13+00:00,inventory-service,,database,/query,15.5,15.6,52
trace00000269,span00000269,,2025-01-20T13:02:14+00:00,api,/order-service,inventory-service,/reservations,4.99,5.07,50
trace00000270,span00000270,,2025-01-20T13:02:14+00:00,inventory-service,,database,/query,15.89,15.97,50
trace00000271,span00000271,,2025-01-20T13:02:15+00:00,api,/order-service,inventory-service,/reservations,5.14,5.1,48
trace00000272,span00000272,,2025-01-20T13:02:15+00:00,inventory-service,,database,/query,14.56,14.49,48
trace00000273,span00000273,,2025-01-20T13:02:16+00:00,api,/order-service,inventory-service,/reservations,4.93,4.95,49
trace00000274,span00000274,,2025-01-20T13:02:16+00:00,inventory-service,,database,/query,14.83,14.83,49
trace00000275,span00000275,,2025-01-20T13:02:17+00:00,api,/order-service,inventory-service,/reservations,4.67,4.67,50
trace00000276,span00000276,,2025-01-20T13:02:17+00:00,inventory-service,,database,/query,16.76,16.82,50
trace00000277,span00000277,,2025-01-20T13:02:18+00:00,api,/order-service,inventory-service,/reservations,5.71,5.68,52
trace00000278,span00000278,,2025-01-20T13:02:18+00:00,inventory-service,,database,/query,16.08,16.08,52
trace00000279,span00000279,,2025-01-20T13:02:19+00:00,api,/order-service,inventory-service,/reservations,5.15,5.13,51
trace00000280,span00000280,,2025-01-20T13:02:19+00:00,inventory-service,,database,/query,13.2,13.26,51
trace00000281,span00000281,,2025-01-20T13:02:20+00:00,api,/order-service,inventory-service,/reservations,4.53,4.44,49
trace00000282,span00000282,,2025-01-20T13:02:20+00:00,inventory-service,,database,/query,16.58,16.57,49
trace00000283,span00000283,,2025-01-20T13:02:21+00:00,api,/order-service,inventory-service,/reservations,4.92,4.87,49
trace00000284,span00000284,,2025-01-20T13:02:21+00:00,inventory-service,,database,/query,15.78,15.82,49
trace00000285,span00000285,,2025-01-20T13:02:22+00:00,api,/order-service,inventory-service,/reservations,5.24,5.17,52
trace00000286,span00000286,,2025-01-20T13:02:22+00:00,inventory-service,,database,/query,15.55,15.47,52
trace00000287,span00000287,,2025-01-20T13:02:23+00:00,api,/order-service,inventory-service,/reservations,5.68,5.63,49
trace00000288,span00000288,,2025-01-20T13:02:23+00:00,inventory-service,,database,/query,16.59,16.53,49
trace00000289,span00000289,,2025-01-20T13:02:24+00:00,api,/order-service,inventory-service,/reservations,4.67,4.72,55
trace00000290,span00000290,,2025-01-20T13:02:24+00:00,inventory-service,,database,/query,12.34,12.25,55
trace00000291,span00000291,,2025-01-20T13:02:25+00:00,api,/order-service,inventory-service,/reservations,5.21,5.13,53
trace00000292,span00000292,,2025-01-20T13:02:25+00:00,inventory-service,,database,/query,14.03,14.0,53
trace00000293,span00000293,,2025-01-20T13:02:26+00:00,api,/order-service,inventory-service,/reservations,5.39,5.4,57
trace00000294,span00000294,,2025-01-20T13:02:26+00:00,inventory-service,,database,/query,17.14,17.2,57
trace00000295,span00000295,,2025-01-20T13:02:27+00:00,api,/order-service,inventory-service,/reservations,5.8,5.76,56
trace00000296,span00000296,,2025-01-20T13:02:27+00:00,inventory-service,,database,/query,14.04,13.96,56
trace00000297,span00000297,,2025-01-20T13:02:28+00:00,api,/order-service,inventory-service,/reservations,4.82,4.87,57
trace00000298,span00000298,,2025-01-20T13:02:28+00:00,inventory-service,,database,/query,14.3,14.27,57
trace00000299,span00000299,,2025-01-20T13:02:29+00:00,api,/order-service,inventory-service,/reservations,4.63,4.65,57
trace00000300,span00000300,,2025-01-20T13:02:29+00:00,inventory-service,,database,/query,14.8,14.77,57
trace00000301,span00000301,,2025-01-20T13:02:30+00:00,api,/order-service,inventory-service,/reservations,5.58,5.51,59
trace00000302,span00000302,,2025-01-20T13:02:30+00:00,inventory-service,,database,/query,15.02,15.01,59
trace00000303,span00000303,,2025-01-20T13:02:31+00:00,api,/order-service,inventory-service,/reservations,5.91,5.85,58
trace00000304,span00000304,,2025-01-20T13:02:31+00:00,inventory-service,,database,/query,14.28,14.32,58
trace00000305,span00000305,,2025-01-20T13:02:32+00:00,api,/order-service,inventory-service,/reservations,4.82,4.87,59
trace00000306,span00000306,,2025-01-20T13:02:32+00:00,inventory-service,,database,/query,15.1,15.05,59
trace00000307,span00000307,,2025-01-20T13:02:33+00:00,api,/order-service,inventory-service,/reservations,5.05,4.97,59
trace00000308,span00000308,,2025-01-20T13:02:33+00:00,inventory-service,,database,/query,15.36,15.44,59
trace00000309,span00000309,,2025-01-20T13:02:34+00:00,api,/order-service,inventory-service,/reservations,6.07,6.02,60
trace00000310,span00000310,,2025-01-20T13:02:34+00:00,inventory-service,,database,/query,14.91,14.9,60
trace00000311,span00000311,,2025-01-20T13:02:35+00:00,api,/order-service,inventory-service,/reservations,5.62,5.68,62
trace00000312,span00000312,,2025-01-20T13:02:35+00:00,inventory-service,,database,/query,14.92,14.95,62
trace00000313,span00000313,,2025-01-20T13:02:36+00:00,api,/order-service,inventory-service,/reservations,5.28,5.19,60
trace00000314,span00000314,,2025-01-20T13:02:36+00:00,inventory-service,,database,/query,13.75,13.82,60
trace00000315,span00000315,,2025-01-20T13:02:37+00:00,api,/order-service,inventory-service,/reservations,5.01,5.08,58
trace00000316,span00000316,,2025-01-20T13:02:37+00:00,inventory-service,,database,/query,14.79,14.7,58
trace00000317,span00000317,,2025-01-20T13:02:38+00:00,api,/order-service,inventory-service,/reservations,5.26,5.34,55
trace00000318,span00000318,,2025-01-20T13:02:38+00:00,inventory-service,,database,/query,15.59,15.65,55
trace00000319,span00000319,,2025-01-20T13:02:39+00:00,api,/order-service,inventory-service,/reservations,4.4,4.36,60
trace00000320,span00000320,,2025-01-20T13:02:39+00:00,inventory-service,,database,/query,16.78,16.79,60
trace00000321,span00000321,,2025-01-20T13:02:40+00:00,api,/order-service,inventory-service,/reservations,4.34,4.27,60
trace00000322,span00000322,,2025-01-20T13:02:40+00:00,inventory-service,,database,/query,15.04,14.99,60
trace00000323,span00000323,,2025-01-20T13:02:41+00:00,api,/order-service,inventory-service,/reservations,4.89,4.82,58
trace00000324,span00000324,,2025-01-20T13:02:41+00:00,inventory-service,,database,/query,12.93,12.85,58
trace00000325,span00000325,,2025-01-20T13:02:42+00:00,api,/order-service,inventory-service,/reservations,4.97,5.04,59
trace00000326,span00000326,,2025-01-20T13:02:42+00:00,inventory-service,,database,/query,15.06,15.04,59
trace00000327,span00000327,,2025-01-20T13:02:43+00:00,api,/order-service,inventory-service,/reservations,4.77,4.72,60
trace00000328,span00000328,,2025-01-20T13:02:43+00:00,inventory-service,,database,/query,15.78,15.82,60
trace00000329,span00000329,,2025-01-20T13:02:44+00:00,api,/order-service,inventory-service,/reservations,4.89,4.81,60
trace00000330,span00000330,,2025-01-20T13:02:44+00:00,inventory-service,,database,/query,15.05,14.95,60
trace00000331,span00000331,,2025-01-20T13:02:45+00:00,api,/order-service,inventory-service,/reservations,5.59,5.57,64
trace00000332,span00000332,,2025-01-20T13:02:45+00:00,inventory-service,,database,/query,13.8,13.75,64
trace00000333,span00000333,,2025-01-20T13:02:46+00:00,api,/order-service,inventory-service,/reservations,4.72,4.64,61
trace00000334,span00000334,,2025-01-20T13:02:46+00:00,inventory-service,,database,/query,16.53,16.48,61
trace00000335,span00000335,,2025-01-20T13:02:47+00:00,api,/order-service,inventory-service,/reservations,4.61,4.67,60
trace00000336,span00000336,,2025-01-20T13:02:47+00:00,inventory-service,,database,/query,16.49,16.51,60
trace00000337,span00000337,,2025-01-20T13:02:48+00:00,api,/order-service,inventory-service,/reservations,5.1,5.04,60
trace00000338,span00000338,,2025-01-20T13:02:48+00:00,inventory-service,,database,/query,14.76,14.72,60
trace00000339,span00000339,,2025-01-20T13:02:49+00:00,api,/order-service,inventory-service,/reservations,4.74,4.7,61
trace00000340,span00000340,,2025-01-20T13:02:49+00:00,inventory-service,,database,/query,14.92,15.01,61
trace00000341,span00000341,,2025-01-20T13:02:50+00:00,api,/order-service,inventory-service,/reservations,5.15,5.08,59
trace00000342,span00000342,,2025-01-20T13:02:50+00:00,inventory-service,,database,/query,15.03,14.96,59
trace00000343,span00000343,,2025-01-20T13:02:51+00:00,api,/order-service,inventory-service,/reservations,4.88,4.91,60
trace00000344,span00000344,,2025-01-20T13:02:51+00:00,inventory-service,,database,/query,15.76,15.77,60
trace00000345,span00000345,,2025-01-20T13:02:52+00:00,api,/order-service,inventory-service,/reservations,4.59,4.54,59
trace00000346,span00000346,,2025-01-20T13:02:52+00:00,inventory-service,,database,/query,39.27,39.25,59
trace00000347,span00000347,,2025-01-20T13:02:53+00:00,api,/order-service,inventory-service,/reservations,5.1,5.19,59
trace00000348,span00000348,,2025-01-20T13:02:53+00:00,inventory-service,,database,/query,16.21,16.12,59
trace00000349,span00000349,,2025-01-20T13:02:54+00:00,api,/order-service,inventory-service,/reservations,4.62,4.68,61
trace00000350,span00000350,,2025-01-20T13:02:54+00:00,inventory-service,,database,/query,15.13,15.11,61
trace00000351,span00000351,,2025-01-20T13:02:55+00:00,api,/order-service,inventory-service,/reservations,4.75,4.65,59
trace00000352,span00000352,,2025-01-20T13:02:55+00:00,inventory-service,,database,/query,14.77,14.71,59
trace00000353,span00000353,,2025-01-20T13:02:56+00:00,api,/order-service,inventory-service,/reservations,4.75,4.84,58
trace00000354,span00000354,,2025-01-20T13:02:56+00:00,inventory-service,,database,/query,16.92,16.85,58
trace00000355,span00000355,,2025-01-20T13:02:57+00:00,api,/order-service,inventory-service,/reservations,4.98,4.94,62
trace00000356,span00000356,,2025-01-20T13:02:57+00:00,inventory-service,,database,/query,16.67,16.62,62
trace00000357,span00000357,,2025-01-20T13:02:58+00:00,api,/order-service,inventory-service,/reservations,5.66,5.56,61
trace00000358,span00000358,,2025-01-20T13:02:58+00:00,inventory-service,,database,/query,13.85,13.94,61
trace00000359,span00000359,,2025-01-20T13:02:59+00:00,api,/order-service,inventory-service,/reservations,4.81,4.78,61
trace00000360,span00000360,,2025-01-20T13:02:59+00:00,inventory-service,,database,/query,16.72,16.71,61
trace00000361,span00000361,,2025-01-20T13:03:00+00:00,api,/order-service,inventory-service,/reservations,4.72,4.68,60
trace00000362,span00000362,,2025-01-20T13:03:00+00:00,inventory-service,,database,/query,14.25,14.16,60
trace00000363,span00000363,,2025-01-20T13:03:01+00:00,api,/order-service,inventory-service,/reservations,4.52,4.5,59
trace00000364,span00000364,,2025-01-20T13:03:01+00:00,inventory-service,,database,/query,14.68,14.76,59
trace00000365,span00000365,,2025-01-20T13:03:02+00:00,api,/order-service,inventory-service,/reservations,4.56,4.63,62
trace00000366,span00000366,,2025-01-20T13:03:02+00:00,inventory-service,,database,/query,17.01,17.1,62
trace00000367,span00000367,,2025-01-20T13:03:03+00:00,api,/order-service,inventory-service,/reservations,4.75,4.77,59
trace00000368,span00000368,,2025-01-20T13:03:03+00:00,inventory-service,,database,/query,14.31,14.36,59
trace00000369,span00000369,,2025-01-20T13:03:04+00:00,api,/order-service,inventory-service,/reservations,4.65,4.55,61
trace00000370,span00000370,,2025-01-20T13:03:04+00:00,inventory-service,,database,/query,13.28,13.27,61
trace00000371,span00000371,,2025-01-20T13:03:05+00:00,api,/order-service,inventory-service,/reservations,4.29,4.2,58
trace00000372,span00000372,,2025-01-20T13:03:05+00:00,inventory-service,,database,/query,14.83,14.81,58
trace00000373,span00000373,,2025-01-20T13:03:06+00:00,api,/order-service,inventory-service,/reservations,5.03,5.0,56
trace00000374,span00000374,,2025-01-20T13:03:06+00:00,inventory-service,,database,/query,15.03,15.13,56
trace00000375,span00000375,,2025-01-20T13:03:07+00:00,api,/order-service,inventory-service,/reservations,5.49,5.39,61
trace00000376,span00000376,,2025-01-20T13:03:07+00:00,inventory-service,,database,/query,14.8,14.79,61
trace00000377,span00000377,,2025-01-20T13:03:08+00:00,api,/order-service,inventory-service,/reservations,5.51,5.47,57
trace00000378,span00000378,,2025-01-20T13:03:08+00:00,inventory-service,,database,/query,15.44,15.41,57
trace00000379,span00000379,,2025-01-20T13:03:09+00:00,api,/order-service,inventory-service,/reservations,5.32,5.29,59
trace00000380,span00000380,,2025-01-20T13:03:09+00:00,inventory-service,,database,/query,14.58,14.64,59
trace00000381,span00000381,,2025-01-20T13:03:10+00:00,api,/order-service,inventory-service,/reservations,4.25,4.31,56
trace00000382,span00000382,,2025-01-20T13:03:10+00:00,inventory-service,,database,/query,13.84,13.88,56
trace00000383,span00000383,,2025-01-20T13:03:11+00:00,api,/order-service,inventory-service,/reservations,5.5,5.59,61
trace00000384,span00000384,,2025-01-20T13:03:11+00:00,inventory-service,,database,/query,16.14,16.12,61
trace00000385,span00000385,,2025-01-20T13:03:12+00:00,api,/order-service,inventory-service,/reservations,5.23,5.18,59
trace00000386,span00000386,,2025-01-20T13:03:12+00:00,inventory-service,,database,/query,17.91,17.94,59
trace00000387,span00000387,,2025-01-20T13:03:13+00:00,api,/order-service,inventory-service,/reservations,5.33,5.39,60
trace00000388,span00000388,,2025-01-20T13:03:13+00:00,inventory-service,,database,/query,15.67,15.62,60
trace00000389,span00000389,,2025-01-20T13:03:14+00:00,api,/order-service,inventory-service,/reservations,4.27,4.26,59
trace00000390,span00000390,,2025-01-20T13:03:14+00:00,inventory-service,,database,/query,13.34,13.37,59
trace00000391,span00000391,,2025-01-20T13:03:15+00:00,api,/order-service,inventory-service,/reservations,5.41,5.49,61
trace00000392,span00000392,,2025-01-20T13:03:15+00:00,inventory-service,,database,/query,13.77,13.84,61
trace00000393,span00000393,,2025-01-20T13:03:16+00:00,api,/order-service,inventory-service,/reservations,4.95,4.95,59
trace00000394,span00000394,,2025-01-20T13:03:16+00:00,inventory-service,,database,/query,14.6,14.56,59
trace00000395,span00000395,,2025-01-20T13:03:17+00:00,api,/order-service,inventory-service,/reservations,4.1,4.16,59
trace00000396,span00000396,,2025-01-20T13:03:17+00:00,inventory-service,,database,/query,13.15,13.15,59
trace00000397,span00000397,,2025-01-20T13:03:18+00:00,api,/order-service,inventory-service,/reservations,5.79,5.86,60
trace00000398,span00000398,,2025-01-20T13:03:18+00:00,inventory-service,,database,/query,12.53,12.52,60
trace00000399,span00000399,,2025-01-20T13:03:19+00:00,api,/order-service,inventory-service,/reservations,5.73,5.76,59
trace00000400,span00000400,,2025-01-20T13:03:19+00:00,inventory-service,,database,/query,15.7,15.78,59
trace00000401,span00000401,,2025-01-20T13:03:20+00:00,api,/order-service,inventory-service,/reservations,5.39,5.42,58
trace00000402,span00000402,,2025-01-20T13:03:20+00:00,inventory-service,,database,/query,13.05,13.08,58
trace00000403,span00000403,,2025-01-20T13:03:21+00:00,api,/order-service,inventory-service,/reservations,5.57,5.63,61
trace00000404,span00000404,,2025-01-20T13:03:21+00:00,inventory-service,,database,/query,14.02,14.02,61
trace00000405,span00000405,,2025-01-20T13:03:22+00:00,api,/order-service,inventory-service,/reservations,4.79,4.85,59
trace00000406,span00000406,,2025-01-20T13:03:22+00:00,inventory-service,,database,/query,15.18,15.17,59
trace00000407,span00000407,,2025-01-20T13:03:23+00:00,api,/order-service,inventory-service,/reservations,4.95,4.99,59
trace00000408,span00000408,,2025-01-20T13:03:23+00:00,inventory-service,,database,/query,13.98,13.97,59
trace00000409,span00000409,,2025-01-20T13:03:24+00:00,api,/order-service,inventory-service,/reservations,4.96,4.92,62
trace00000410,span00000410,,2025-01-20T13:03:24+00:00,inventory-service,,database,/query,15.13,15.15,62
trace00000411,span00000411,,2025-01-20T13:03:25+00:00,api,/order-service,inventory-service,/reservations,6.16,6.19,57
trace00000412,span00000412,,2025-01-20T13:03:25+00:00,inventory-service,,database,/query,14.31,14.21,57
trace00000413,span00000413,,2025-01-20T13:03:26+00:00,api,/order-service,inventory-service,/reservations,4.21,4.28,61
trace00000414,span00000414,,2025-01-20T13:03:26+00:00,inventory-service,,database,/query,14.92,14.85,61
trace00000415,span00000415,,2025-01-20T13:03:27+00:00,api,/order-service,inventory-service,/reservations,4.76,4.71,60
trace00000416,span00000416,,2025-01-20T13:03:27+00:00,inventory-service,,database,/query,15.47,15.56,60
trace00000417,span00000417,,2025-01-20T13:03:28+00:00,api,/order-service,inventory-service,/reservations,4.55,4.61,62
trace00000418,span00000418,,2025-01-20T13:03:28+00:00,inventory-service,,database,/query,14.5,14.58,62
trace00000419,span00000419,,2025-01-20T13:03:29+00:00,api,/order-service,inventory-service,/reservations,5.13,5.16,57
trace00000420,span00000420,,2025-01-20T13:03:29+00:00,inventory-service,,database,/query,14.21,14.24,57
trace00000421,span00000421,,2025-01-20T13:03:30+00:00,api,/order-service,inventory-service,/reservations,5.19,5.12,58
trace00000422,span00000422,,2025-01-20T13:03:30+00:00,inventory-service,,database,/query,13.66,13.66,58
trace00000423,span00000423,,2025-01-20T13:03:31+00:00,api,/order-service,inventory-service,/reservations,5.4,5.35,59
trace00000424,span00000424,,2025-01-20T13:03:31+00:00,inventory-service,,database,/query,12.72,12.78,59
trace00000425,span00000425,,2025-01-20T13:03:32+00:00,api,/order-service,inventory-service,/reservations,4.63,4.54,63
trace00000426,span00000426,,2025-01-20T13:03:32+00:00,inventory-service,,database,/query,13.5,13.46,63
trace00000427,span00000427,,2025-01-20T13:03:33+00:00,api,/order-service,inventory-service,/reservations,5.03,5.05,66
trace00000428,span00000428,,2025-01-20T13:03:33+00:00,inventory-service,,database,/query,14.31,14.38,66
trace00000429,span00000429,,2025-01-20T13:03:34+00:00,api,/order-service,inventory-service,/reservations,4.34,4.29,68
trace00000430,span00000430,,2025-01-20T13:03:34+00:00,inventory-service,,database,/query,13.67,13.73,68
trace00000431,span00000431,,2025-01-20T13:03:35+00:00,api,/order-service,inventory-service,/reservations,4.66,4.75,70
trace00000432,span00000432,,2025-01-20T13:03:35+00:00,inventory-service,,database,/query,14.14,14.12,70
trace00000433,span00000433,,2025-01-20T13:03:36+00:00,api,/order-service,inventory-service,/reservations,4.29,4.26,68
trace00000434,span00000434,,2025-01-20T13:03:36+00:00,inventory-service,,database,/query,17.7,17.69,68
trace00000435,span00000435,,2025-01-20T13:03:37+00:00,api,/order-service,inventory-service,/reservations,4.71,4.71,75
trace00000436,span00000436,,2025-01-20T13:03:37+00:00,inventory-service,,database,/query,254.62,254.59,75
trace00000437,span00000437,,2025-01-20T13:03:38+00:00,api,/order-service,inventory-service,/reservations,4.57,4.64,80
trace00000438,span00000438,,2025-01-20T13:03:38+00:00,inventory-service,,database,/query,157.04,157.08,80
trace00000439,span00000439,,2025-01-20T13:03:39+00:00,api,/order-service,inventory-service,/reservations,4.54,4.47,81
trace00000440,span00000440,,2025-01-20T13:03:39+00:00,inventory-service,,database,/query,142.05,142.08,81
trace00000441,span00000441,,2025-01-20T13:03:40+00:00,api,/order-service,inventory-service,/reservations,5.13,5.16,75
trace00000442,span00000442,,2025-01-20T13:03:40+00:00,inventory-service,,database,/query,152.58,152.64,75
trace00000443,span00000443,,2025-01-20T13:03:41+00:00,api,/order-service,inventory-service,/reservations,4.64,4.58,83
trace00000444,span00000444,,2025-01-20T13:03:41+00:00,inventory-service,,database,/query,180.12,180.07,83
trace00000445,span00000445,,2025-01-20T13:03:42+00:00,api,/order-service,inventory-service,/reservations,5.49,5.56,84
trace00000446,span00000446,,2025-01-20T13:03:42+00:00,inventory-service,,database,/query,158.43,158.38,84
trace00000447,span00000447,,2025-01-20T13:03:43+00:00,api,/order-service,inventory-service,/reservations,5.06,5.11,81
trace00000448,span00000448,,2025-01-20T13:03:43+00:00,inventory-service,,database,/query,186.09,186.13,81
trace00000449,span00000449,,2025-01-20T13:03:44+00:00,api,/order-service,inventory-service,/reservations,5.76,5.86,91
trace00000450,span00000450,,2025-01-20T13:03:44+00:00,inventory-service,,database,/query,222.53,222.55,91
trace00000451,span00000451,,2025-01-20T13:03:45+00:00,api,/order-service,inventory-service,/reservations,4.13,4.18,86
trace00000452,span00000452,,2025-01-20T13:03:45+00:00,inventory-service,,database,/query,204.54,204.61,86
trace00000453,span00000453,,2025-01-20T13:03:46+00:00,api,/order-service,inventory-service,/reservations,5.38,5.3,85
trace00000454,span00000454,,2025-01-20T13:03:46+00:00,inventory-service,,database,/query,238.04,238.09,85
trace00000455,span00000455,,2025-01-20T13:03:47+00:00,api,/order-service,inventory-service,/reservations,4.67,4.7,90
trace00000456,span00000456,,2025-01-20T13:03:47+00:00,inventory-service,,database,/query,205.65,205.75,90
trace00000457,span00000457,,2025-01-20T13:03:48+00:00,api,/order-service,inventory-service,/reservations,5.3,5.21,96
trace00000458,span00000458,,2025-01-20T13:03:48+00:00,inventory-service,,database,/query,252.73,252.68,96
trace00000459,span00000459,,2025-01-20T13:03:49+00:00,api,/order-service,inventory-service,/reservations,5.51,5.48,90
trace00000460,span00000460,,2025-01-20T13:03:49+00:00,inventory-service,,database,/query,248.34,248.3,90
trace00000461,span00000461,,2025-01-20T13:03:50+00:00,api,/order-service,inventory-service,/reservations,4.38,4.28,88
trace00000462,span00000462,,2025-01-20T13:03:50+00:00,inventory-service,,database,/query,233.91,233.99,88
trace00000463,span00000463,,2025-01-20T13:03:51+00:00,api,/order-service,inventory-service,/reservations,4.66,4.67,90
trace00000464,span00000464,,2025-01-20T13:03:51+00:00,inventory-service,,database,/query,250.98,251.07,90
trace00000465,span00000465,,2025-01-20T13:03:52+00:00,api,/order-service,inventory-service,/reservations,4.21,4.23,92
trace00000466,span00000466,,2025-01-20T13:03:52+00:00,inventory-service,,database,/query,236.51,236.54,92
trace00000467,span00000467,,2025-01-20T13:03:53+00:00,api,/order-service,inventory-service,/reservations,4.56,4.49,94
trace00000468,span00000468,,2025-01-20T13:03:53+00:00,inventory-service,,database,/query,239.29,239.34,94
trace00000469,span00000469,,2025-01-20T13:03:54+00:00,api,/order-service,inventory-service,/reservations,4.58,4.59,89
trace00000470,span00000470,,2025-01-20T13:03:54+00:00,inventory-service,,database,/query,236.51,236.44,89
trace00000471,span00000471,,2025-01-20T13:03:55+00:00,api,/order-service,inventory-service,/reservations,4.31,4.31,89
trace00000472,span00000472,,2025-01-20T13:03:55+00:00,inventory-service,,database,/query,253.6,253.63,89
trace00000473,span00000473,,2025-01-20T13:03:56+00:00,api,/order-service,inventory-service,/reservations,4.5,4.58,89
trace00000474,span00000474,,2025-01-20T13:03:56+00:00,inventory-service,,database,/query,249.79,249.74,89
trace00000475,span00000475,,2025-01-20T13:03:57+00:00,api,/order-service,inventory-service,/reservations,5.16,5.11,90
trace00000476,span00000476,,2025-01-20T13:03:57+00:00,inventory-service,,database,/query,249.89,249.99,90
trace00000477,span00000477,,2025-01-20T13:03:58+00:00,api,/order-service,inventory-service,/reservations,5.45,5.42,85
trace00000478,span00000478,,2025-01-20T13:03:58+00:00,inventory-service,,database,/query,261.66,261.59,85
trace00000479,span00000479,,2025-01-20T13:03:59+00:00,api,/order-service,inventory-service,/reservations,5.31,5.35,94
trace00000480,span00000480,,2025-01-20T13:03:59+00:00,inventory-service,,database,/query,260.8,260.7,94
trace00000481,span00000481,,2025-01-20T13:04:00+00:00,api,/order-service,inventory-service,/reservations,4.69,4.62,89
trace00000482,span00000482,,2025-01-20T13:04:00+00:00,inventory-service,,database,/query,278.85,278.82,89
trace00000483,span00000483,,2025-01-20T13:04:01+00:00,api,/order-service,inventory-service,/reservations,4.25,4.15,91
trace00000484,span00000484,,2025-01-20T13:04:01+00:00,inventory-service,,database,/query,240.73,240.78,91
trace00000485,span00000485,,2025-01-20T13:04:02+00:00,api,/order-service,inventory-service,/reservations,4.89,4.83,88
trace00000486,span00000486,,2025-01-20T13:04:02+00:00,inventory-service,,database,/query,262.67,262.66,88
trace00000487,span00000487,,2025-01-20T13:04:03+00:00,api,/order-service,inventory-service,/reservations,4.87,4.84,86
trace00000488,span00000488,,2025-01-20T13:04:03+00:00,inventory-service,,database,/query,249.35,249.38,86
trace00000489,span00000489,,2025-01-20T13:04:04+00:00,api,/order-service,inventory-service,/reservations,4.75,4.82,90
trace00000490,span00000490,,2025-01-20T13:04:04+00:00,inventory-service,,database,/query,249.82,249.8,90
trace00000491,span00000491,,2025-01-20T13:04:05+00:00,api,/order-service,inventory-service,/reservations,5.06,5.0,91
trace00000492,span00000492,,2025-01-20T13:04:05+00:00,inventory-service,,database,/query,266.17,266.21,91
trace00000493,span00000493,,2025-01-20T13:04:06+00:00,api,/order-service,inventory-service,/reservations,4.65,4.7,90
trace00000494,span00000494,,2025-01-20T13:04:06+00:00,inventory-service,,database,/query,239.26,239.3,90
trace00000495,span00000495,,2025-01-20T13:04:07+00:00,api,/order-service,inventory-service,/reservations,4.36,4.37,89
trace00000496,span00000496,,2025-01-20T13:04:07+00:00,inventory-service,,database,/query,278.54,278.44,89
trace00000497,span00000497,,2025-01-20T13:04:08+00:00,api,/order-service,inventory-service,/reservations,5.08,5.0,89
trace00000498,span00000498,,2025-01-20T13:04:08+00:00,inventory-service,,database,/query,242.3,242.34,89
trace00000499,span00000499,,2025-01-20T13:04:09+00:00,api,/order-service,inventory-service,/reservations,4.76,4.79,89
trace00000500,span00000500,,2025-01-20T13:04:09+00:00,inventory-service,,database,/query,256.42,256.33,89
trace00000501,span00000501,,2025-01-20T13:04:10+00:00,api,/order-service,inventory-service,/reservations,5.52,5.61,90
trace00000502,span00000502,,2025-01-20T13:04:10+00:00,inventory-service,,database,/query,293.19,293.24,90
trace00000503,span00000503,,2025-01-20T13:04:11+00:00,api,/order-service,inventory-service,/reservations,5.65,5.65,92
trace00000504,span00000504,,2025-01-20T13:04:11+00:00,inventory-service,,database,/query,278.96,279.01,92
trace00000505,span00000505,,2025-01-20T13:04:12+00:00,api,/order-service,inventory-service,/reservations,5.1,5.13,91
trace00000506,span00000506,,2025-01-20T13:04:12+00:00,inventory-service,,database,/query,272.52,272.54,91
trace00000507,span00000507,,2025-01-20T13:04:13+00:00,api,/order-service,inventory-service,/reservations,4.61,4.51,88
trace00000508,span00000508,,2025-01-20T13:04:13+00:00,inventory-service,,database,/query,289.67,289.62,88
trace00000509,span00000509,,2025-01-20T13:04:14+00:00,api,/order-service,inventory-service,/reservations,4.11,4.2,91
trace00000510,span00000510,,2025-01-20T13:04:14+00:00,inventory-service,,database,/query,238.51,238.57,91
trace00000511,span00000511,,2025-01-20T13:04:15+00:00,api,/order-service,inventory-service,/reservations,4.96,4.92,97
trace00000512,span00000512,,2025-01-20T13:04:15+00:00,inventory-service,,database,/query,300.32,300.29,97
trace00000513,span00000513,,2025-01-20T13:04:16+00:00,api,/order-service,inventory-service,/reservations,5.53,5.52,89
trace00000514,span00000514,,2025-01-20T13:04:16+00:00,inventory-service,,database,/query,277.15,277.24,89
trace00000515,span00000515,,2025-01-20T13:04:17+00:00,api,/order-service,inventory-service,/reservations,5.25,5.25,83
trace00000516,span00000516,,2025-01-20T13:04:17+00:00,inventory-service,,database,/query,291.74,291.77,83
trace00000517,span00000517,,2025-01-20T13:04:18+00:00,api,/order-service,inventory-service,/reservations,5.74,5.69,81
trace00000518,span00000518,,2025-01-20T13:04:18+00:00,inventory-service,,database,/query,309.21,309.25,81
trace00000519,span00000519,,2025-01-20T13:04:19+00:00,api,/order-service,inventory-service,/reservations,4.58,4.56,95
trace00000520,span00000520,,2025-01-20T13:04:19+00:00,inventory-service,,database,/query,615.9,615.96,95
trace00000521,span00000521,,2025-01-20T13:04:20+00:00,api,/order-service,inventory-service,/reservations,4.47,4.48,93
trace00000522,span00000522,,2025-01-20T13:04:20+00:00,inventory-service,,database,/query,299.48,299.57,93
trace00000523,span00000523,,2025-01-20T13:04:21+00:00,api,/order-service,inventory-service,/reservations,5.15,5.16,84
trace00000524,span00000524,,2025-01-20T13:04:21+00:00,inventory-service,,database,/query,265.43,265.52,84
trace00000525,span00000525,,2025-01-20T13:04:22+00:00,api,/order-service,inventory-service,/reservations,4.03,3.98,90
trace00000526,span00000526,,2025-01-20T13:04:22+00:00,inventory-service,,database,/query,325.7,325.8,90
trace00000527,span00000527,,2025-01-20T13:04:23+00:00,api,/order-service,inventory-service,/reservations,5.04,5.01,94
trace00000528,span00000528,,2025-01-20T13:04:23+00:00,inventory-service,,database,/query,303.32,303.3,94
trace00000529,span00000529,,2025-01-20T13:04:24+00:00,api,/order-service,inventory-service,/reservations,4.8,4.85,94
trace00000530,span00000530,,2025-01-20T13:04:24+00:00,inventory-service,,database,/query,303.65,303.58,94
trace00000531,span00000531,,2025-01-20T13:04:25+00:00,api,/order-service,inventory-service,/reservations,5.41,5.34,91
trace00000532,span00000532,,2025-01-20T13:04:25+00:00,inventory-service,,database,/query,337.69,337.71,91
trace00000533,span00000533,,2025-01-20T13:04:26+00:00,api,/order-service,inventory-service,/reservations,4.95,5.02,92
trace00000534,span00000534,,2025-01-20T13:04:26+00:00,inventory-service,,database,/query,342.87,342.92,92
trace00000535,span00000535,,2025-01-20T13:04:27+00:00,api,/order-service,inventory-service,/reservations,4.93,4.88,93
trace00000536,span00000536,,2025-01-20T13:04:27+00:00,inventory-service,,database,/query,325.77,325.69,93
trace00000537,span00000537,,2025-01-20T13:04:28+00:00,api,/order-service,inventory-service,/reservations,6.28,6.25,90
trace00000538,span00000538,,2025-01-20T13:04:28+00:00,inventory-service,,database,/query,355.82,355.87,90
trace00000539,span00000539,,2025-01-20T13:04:29+00:00,api,/order-service,inventory-service,/reservations,4.85,4.82,86
trace00000540,span00000540,,2025-01-20T13:04:29+00:00,inventory-service,,database,/query,351.41,351.44,86
trace00000541,span00000541,,2025-01-20T13:04:30+00:00,api,/order-service,inventory-service,/reservations,4.84,4.87,93
trace00000542,span00000542,,2025-01-20T13:04:30+00:00,inventory-service,,database,/query,317.01,317.0,93
trace00000543,span00000543,,2025-01-20T13:04:31+00:00,api,/order-service,inventory-service,/reservations,4.84,4.85,89
trace00000544,span00000544,,2025-01-20T13:04:31+00:00,inventory-service,,database,/query,263.4,263.4,89
trace00000545,span00000545,,2025-01-20T13:04:32+00:00,api,/order-service,inventory-service,/reservations,4.39,4.37,87
trace00000546,span00000546,,2025-01-20T13:04:32+00:00,inventory-service,,database,/query,309.45,309.43,87
trace00000547,span00000547,,2025-01-20T13:04:33+00:00,api,/order-service,inventory-service,/reservations,5.31,5.31,85
trace00000548,span00000548,,2025-01-20T13:04:33+00:00,inventory-service,,database,/query,267.89,267.96,85
trace00000549,span00000549,,2025-01-20T13:04:34+00:00,api,/order-service,inventory-service,/reservations,4.44,4.35,93
trace00000550,span00000550,,2025-01-20T13:04:34+00:00,inventory-service,,database,/query,339.78,339.83,93
trace00000551,span00000551,,2025-01-20T13:04:35+00:00,api,/order-service,inventory-service,/reservations,5.19,5.25,90
trace00000552,span00000552,,2025-01-20T13:04:35+00:00,inventory-service,,database,/query,320.89,320.94,90
trace00000553,span00000553,,2025-01-20T13:04:36+00:00,api,/order-service,inventory-service,/reservations,4.84,4.92,85
trace00000554,span00000554,,2025-01-20T13:04:36+00:00,inventory-service,,database,/query,294.58,294.68,85
trace00000555,span00000555,,2025-01-20T13:04:37+00:00,api,/order-service,inventory-service,/reservations,3.88,3.94,91
trace00000556,span00000556,,2025-01-20T13:04:37+00:00,inventory-service,,database,/query,348.13,348.04,91
trace00000557,span00000557,,2025-01-20T13:04:38+00:00,api,/order-service,inventory-service,/reservations,5.54,5.47,88
trace00000558,span00000558,,2025-01-20T13:04:38+00:00,inventory-service,,database,/query,306.03,306.04,88
trace00000559,span00000559,,2025-01-20T13:04:39+00:00,api,/order-service,inventory-service,/reservations,5.33,5.38,87
trace00000560,span00000560,,2025-01-20T13:04:39+00:00,inventory-service,,database,/query,355.21,355.18,87
trace00000561,span00000561,,2025-01-20T13:04:40+00:00,api,/order-service,inventory-service,/reservations,5.48,5.56,84
trace00000562,span00000562,,2025-01-20T13:04:40+00:00,inventory-service,,database,/query,268.95,269.0,84
trace00000563,span00000563,,2025-01-20T13:04:41+00:00,api,/order-service,inventory-service,/reservations,4.71,4.8,89
trace00000564,span00000564,,2025-01-20T13:04:41+00:00,inventory-service,,database,/query,312.42,312.35,89
trace00000565,span00000565,,2025-01-20T13:04:42+00:00,api,/order-service,inventory-service,/reservations,4.83,4.79,86
trace00000566,span00000566,,2025-01-20T13:04:42+00:00,inventory-service,,database,/query,391.75,391.72,86
trace00000567,span00000567,,2025-01-20T13:04:43+00:00,api,/order-service,inventory-service,/reservations,4.64,4.62,90
trace00000568,span00000568,,2025-01-20T13:04:43+00:00,inventory-service,,database,/query,298.47,298.39,90
trace00000569,span00000569,,2025-01-20T13:04:44+00:00,api,/order-service,inventory-service,/reservations,4.52,4.58,88
trace00000570,span00000570,,2025-01-20T13:04:44+00:00,inventory-service,,database,/query,382.09,382.17,88
trace00000571,span00000571,,2025-01-20T13:04:45+00:00,api,/order-service,inventory-service,/reservations,5.37,5.33,86
trace00000572,span00000572,,2025-01-20T13:04:45+00:00,inventory-service,,database,/query,336.89,336.92,86
trace00000573,span00000573,,2025-01-20T13:04:46+00:00,api,/order-service,inventory-service,/reservations,4.59,4.67,91
trace00000574,span00000574,,2025-01-20T13:04:46+00:00,inventory-service,,database,/query,326.48,326.55,91
trace00000575,span00000575,,2025-01-20T13:04:47+00:00,api,/order-service,inventory-service,/reservations,5.15,5.07,91
trace00000576,span00000576,,2025-01-20T13:04:47+00:00,inventory-service,,database,/query,372.6,372.68,91
trace00000577,span00000577,,2025-01-20T13:04:48+00:00,api,/order-service,inventory-service,/reservations,5.76,5.84,89
trace00000578,span00000578,,2025-01-20T13:04:48+00:00,inventory-service,,database,/query,344.09,344.08,89
trace00000579,span00000579,,2025-01-20T13:04:49+00:00,api,/order-service,inventory-service,/reservations,4.97,4.94,90
trace00000580,span00000580,,2025-01-20T13:04:49+00:00,inventory-service,,database,/query,290.76,290.85,90
trace00000581,span00000581,,2025-01-20T13:04:50+00:00,api,/order-service,inventory-service,/reservations,4.21,4.18,91
trace00000582,span00000582,,2025-01-20T13:04:50+00:00,inventory-service,,database,/query,329.99,329.97,91
trace00000583,span00000583,,2025-01-20T13:04:51+00:00,api,/order-service,inventory-service,/reservations,5.44,5.49,87
trace00000584,span00000584,,2025-01-20T13:04:51+00:00,inventory-service,,database,/query,358.83,358.77,87
trace00000585,span00000585,,2025-01-20T13:04:52+00:00,api,/order-service,inventory-service,/reservations,4.73,4.82,92
trace00000586,span00000586,,2025-01-20T13:04:52+00:00,inventory-service,,database,/query,1022.27,1022.29,92
trace00000587,span00000587,,2025-01-20T13:04:53+00:00,api,/order-service,inventory-service,/reservations,5.2,5.16,90
trace00000588,span00000588,,2025-01-20T13:04:53+00:00,inventory-service,,database,/query,347.87,347.81,90
trace00000589,span00000589,,2025-01-20T13:04:54+00:00,api,/order-service,inventory-service,/reservations,5.59,5.58,93
trace00000590,span00000590,,2025-01-20T13:04:54+00:00,inventory-service,,database,/query,376.83,376.82,93
trace00000591,span00000591,,2025-01-20T13:04:55+00:00,api,/order-service,inventory-service,/reservations,5.14,5.14,88
trace00000592,span00000592,,2025-01-20T13:04:55+00:00,inventory-service,,database,/query,364.1,364.12,88
trace00000593,span00000593,,2025-01-20T13:04:56+00:00,api,/order-service,inventory-service,/reservations,4.6,4.61,95
trace00000594,span00000594,,2025-01-20T13:04:56+00:00,inventory-service,,database,/query,339.26,339.19,95
trace00000595,span00000595,,2025-01-20T13:04:57+00:00,api,/order-service,inventory-service,/reservations,5.0,4.91,89
trace00000596,span00000596,,2025-01-20T13:04:57+00:00,inventory-service,,database,/query,396.88,396.82,89
trace00000597,span00000597,,2025-01-20T13:04:58+00:00,api,/order-service,inventory-service,/reservations,3.78,3.75,90
trace00000598,span00000598,,2025-01-20T13:04:58+00:00,inventory-service,,database,/query,353.43,353.45,90
trace00000599,span00000599,,2025-01-20T13:04:59+00:00,api,/order-service,inventory-service,/reservations,4.49,4.44,89
trace00000600,span00000600,,2025-01-20T13:04:59+00:00,inventory-service,,database,/query,370.43,370.42,89
trace00000601,span00000601,,2025-01-20T13:05:00+00:00,api,/order-service,inventory-service,/reservations,5.26,5.34,93
trace00000602,span00000602,,2025-01-20T13:05:00+00:00,inventory-service,,database,/query,324.77,324.86,93
trace00000603,span00000603,,2025-01-20T13:05:01+00:00,api,/order-service,inventory-service,/reservations,5.41,5.35,93
trace00000604,span00000604,,2025-01-20T13:05:01+00:00,inventory-service,,database,/query,375.8,375.74,93
trace00000605,span00000605,,2025-01-20T13:05:02+00:00,api,/order-service,inventory-service,/reservations,4.7,4.62,90
trace00000606,span00000606,,2025-01-20T13:05:02+00:00,inventory-service,,database,/query,345.95,345.99,90
trace00000607,span00000607,,2025-01-20T13:05:03+00:00,api,/order-service,inventory-service,/reservations,6.22,6.22,93
trace00000608,span00000608,,2025-01-20T13:05:03+00:00,inventory-service,,database,/query,381.29,381.38,93
trace00000609,span00000609,,2025-01-20T13:05:04+00:00,api,/order-service,inventory-service,/reservations,5.15,5.17,92
trace00000610,span00000610,,2025-01-20T13:05:04+00:00,inventory-service,,database,/query,356.91,357.0,92
trace00000611,span00000611,,2025-01-20T13:05:05+00:00,api,/order-service,inventory-service,/reservations,4.9,4.87,90
trace00000612,span00000612,,2025-01-20T13:05:05+00:00,inventory-service,,database,/query,426.82,426.84,90
trace00000613,span00000613,,2025-01-20T13:05:06+00:00,api,/order-service,inventory-service,/reservations,5.01,5.09,90
trace00000614,span00000614,,2025-01-20T13:05:06+00:00,inventory-service,,database,/query,357.12,357.07,90
trace00000615,span00000615,,2025-01-20T13:05:07+00:00,api,/order-service,inventory-service,/reservations,4.44,4.49,93
trace00000616,span00000616,,2025-01-20T13:05:07+00:00,inventory-service,,database,/query,372.28,372.23,93
trace00000617,span00000617,,2025-01-20T13:05:08+00:00,api,/order-service,inventory-service,/reservations,4.53,4.57,89
trace00000618,span00000618,,2025-01-20T13:05:08+00:00,inventory-service,,database,/query,367.79,367.69,89
trace00000619,span00000619,,2025-01-20T13:05:09+00:00,api,/order-service,inventory-service,/reservations,5.28,5.23,93
trace00000620,span00000620,,2025-01-20T13:05:09+00:00,inventory-service,,database,/query,305.68,305.71,93
trace00000621,span00000621,,2025-01-20T13:05:10+00:00,api,/order-service,inventory-service,/reservations,4.12,4.05,95
trace00000622,span00000622,,2025-01-20T13:05:10+00:00,inventory-service,,database,/query,439.34,439.34,95
trace00000623,span00000623,,2025-01-20T13:05:11+00:00,api,/order-service,inventory-service,/reservations,5.27,5.24,89
trace00000624,span00000624,,2025-01-20T13:05:11+00:00,inventory-service,,database,/query,406.81,406.77,89
trace00000625,span00000625,,2025-01-20T13:05:12+00:00,api,/order-service,inventory-service,/reservations,4.66,4.64,94
trace00000626,span00000626,,2025-01-20T13:05:12+00:00,inventory-service,,database,/query,335.94,335.99,94
trace00000627,span00000627,,2025-01-20T13:05:13+00:00,api,/order-service,inventory-service,/reservations,4.9,4.89,89
trace00000628,span00000628,,2025-01-20T13:05:13+00:00,inventory-service,,database,/query,433.75,433.65,89
trace00000629,span00000629,,2025-01-20T13:05:14+00:00,api,/order-service,inventory-service,/reservations,5.17,5.2,89
trace00000630,span00000630,,2025-01-20T13:05:14+00:00,inventory-service,,database,/query,395.39,395.31,89
trace00000631,span00000631,,2025-01-20T13:05:15+00:00,api,/order-service,inventory-service,/reservations,5.68,5.6,88
trace00000632,span00000632,,2025-01-20T13:05:15+00:00,inventory-service,,database,/query,354.29,354.36,88
trace00000633,span00000633,,2025-01-20T13:05:16+00:00,api,/order-service,inventory-service,/reservations,4.95,4.95,88
trace00000634,span00000634,,2025-01-20T13:05:16+00:00,inventory-service,,database,/query,410.6,410.65,88
trace00000635,span00000635,,2025-01-20T13:05:17+00:00,api,/order-service,inventory-service,/reservations,5.55,5.48,90
trace00000636,span00000636,,2025-01-20T13:05:17+00:00,inventory-service,,database,/query,376.41,376.42,90
trace00000637,span00000637,,2025-01-20T13:05:18+00:00,api,/order-service,inventory-service,/reservations,5.05,5.04,89
trace00000638,span00000638,,2025-01-20T13:05:18+00:00,inventory-service,,database,/query,366.69,366.67,89
trace00000639,span00000639,,2025-01-20T13:05:19+00:00,api,/order-service,inventory-service,/reservations,4.54,4.61,87
trace00000640,span00000640,,2025-01-20T13:05:19+00:00,inventory-service,,database,/query,358.7,358.66,87
trace00000641,span00000641,,2025-01-20T13:05:20+00:00,api,/order-service,inventory-service,/reservations,5.37,5.39,87
trace00000642,span00000642,,2025-01-20T13:05:20+00:00,inventory-service,,database,/query,379.98,379.9,87
trace00000643,span00000643,,2025-01-20T13:05:21+00:00,api,/order-service,inventory-service,/reservations,5.03,5.04,88
trace00000644,span00000644,,2025-01-20T13:05:21+00:00,inventory-service,,database,/query,384.71,384.77,88
trace00000645,span00000645,,2025-01-20T13:05:22+00:00,api,/order-service,inventory-service,/reservations,5.75,5.76,88
trace00000646,span00000646,,2025-01-20T13:05:22+00:00,inventory-service,,database,/query,400.85,400.85,88
trace00000647,span00000647,,2025-01-20T13:05:23+00:00,api,/order-service,inventory-service,/reservations,4.46,4.42,89
trace00000648,span00000648,,2025-01-20T13:05:23+00:00,inventory-service,,database,/query,364.98,364.92,89
trace00000649,span00000649,,2025-01-20T13:05:24+00:00,api,/order-service,inventory-service,/reservations,4.73,4.63,89
trace00000650,span00000650,,2025-01-20T13:05:24+00:00,inventory-service,,database,/query,399.38,399.42,89
trace00000651,span00000651,,2025-01-20T13:05:25+00:00,api,/order-service,inventory-service,/reservations,4.6,4.56,91
trace00000652,span00000652,,2025-01-20T13:05:25+00:00,inventory-service,,database,/query,412.69,412.68,91
trace00000653,span00000653,,2025-01-20T13:05:26+00:00,api,/order-service,inventory-service,/reservations,5.29,5.24,92
trace00000654,span00000654,,2025-01-20T13:05:26+00:00,inventory-service,,database,/query,443.77,443.78,92
trace00000655,span00000655,,2025-01-20T13:05:27+00:00,api,/order-service,inventory-service,/reservations,4.36,4.38,93
trace00000656,span00000656,,2025-01-20T13:05:27+00:00,inventory-service,,database,/query,358.28,358.24,93
trace00000657,span00000657,,2025-01-20T13:05:28+00:00,api,/order-service,inventory-service,/reservations,5.46,5.53,89
trace00000658,span00000658,,2025-01-20T13:05:28+00:00,inventory-service,,database,/query,426.48,426.57,89
trace00000659,span00000659,,2025-01-20T13:05:29+00:00,api,/order-service,inventory-service,/reservations,4.94,5.03,87
trace00000660,span00000660,,2025-01-20T13:05:29+00:00,inventory-service,,database,/query,438.33,438.26,87
trace00000661,span00000661,,2025-01-20T13:05:30+00:00,api,/order-service,inventory-service,/reservations,5.3,5.39,93
trace00000662,span00000662,,2025-01-20T13:05:30+00:00,inventory-service,,database,/query,436.64,436.63,93
trace00000663,span00000663,,2025-01-20T13:05:31+00:00,api,/order-service,inventory-service,/reservations,5.03,5.11,90
trace00000664,span00000664,,2025-01-20T13:05:31+00:00,inventory-service,,database,/query,384.51,384.49,90
trace00000665,span00000665,,2025-01-20T13:05:32+00:00,api,/order-service,inventory-service,/reservations,6.04,5.97,85
trace00000666,span00000666,,2025-01-20T13:05:32+00:00,inventory-service,,database,/query,424.74,424.64,85
trace00000667,span00000667,,2025-01-20T13:05:33+00:00,api,/order-service,inventory-service,/reservations,5.48,5.39,85
trace00000668,span00000668,,2025-01-20T13:05:33+00:00,inventory-service,,database,/query,377.94,377.92,85
trace00000669,span00000669,,2025-01-20T13:05:34+00:00,api,/order-service,inventory-service,/reservations,4.83,4.74,85
trace00000670,span00000670,,2025-01-20T13:05:34+00:00,inventory-service,,database,/query,453.6,453.68,85
trace00000671,span00000671,,2025-01-20T13:05:35+00:00,api,/order-service,inventory-service,/reservations,4.52,4.46,90
trace00000672,span00000672,,2025-01-20T13:05:35+00:00,inventory-service,,database,/query,398.28,398.24,90
trace00000673,span00000673,,2025-01-20T13:05:36+00:00,api,/order-service,inventory-service,/reservations,5.85,5.9,89
trace00000674,span00000674,,2025-01-20T13:05:36+00:00,inventory-service,,database,/query,395.18,395.15,89
trace00000675,span00000675,,2025-01-20T13:05:37+00:00,api,/order-service,inventory-service,/reservations,5.67,5.71,91
trace00000676,span00000676,,2025-01-20T13:05:37+00:00,inventory-service,,database,/query,429.25,429.15,91
trace00000677,span00000677,,2025-01-20T13:05:38+00:00,api,/order-service,inventory-service,/reservations,5.0,4.92,95
trace00000678,span00000678,,2025-01-20T13:05:38+00:00,inventory-service,,database,/query,441.66,441.63,95
trace00000679,span00000679,,2025-01-20T13:05:39+00:00,api,/order-service,inventory-service,/reservations,4.63,4.57,86
trace00000680,span00000680,,2025-01-20T13:05:39+00:00,inventory-service,,database,/query,405.05,404.96,86
trace00000681,span00000681,,2025-01-20T13:05:40+00:00,api,/order-service,inventory-service,/reservations,4.05,4.05,94
trace00000682,span00000682,,2025-01-20T13:05:40+00:00,inventory-service,,database,/query,386.32,386.32,94
trace00000683,span00000683,,2025-01-20T13:05:41+00:00,api,/order-service,inventory-service,/reservations,4.06,3.96,89
trace00000684,span00000684,,2025-01-20T13:05:41+00:00,inventory-service,,database,/query,462.81,462.82,89
trace00000685,span00000685,,2025-01-20T13:05:42+00:00,api,/order-service,inventory-service,/reservations,4.82,4.84,90
trace00000686,span00000686,,2025-01-20T13:05:42+00:00,inventory-service,,database,/query,431.0,431.01,90
trace00000687,span00000687,,2025-01-20T13:05:43+00:00,api,/order-service,inventory-service,/reservations,5.13,5.07,89
trace00000688,span00000688,,2025-01-20T13:05:43+00:00,inventory-service,,database,/query,388.2,388.29,89
trace00000689,span00000689,,2025-01-20T13:05:44+00:00,api,/order-service,inventory-service,/reservations,5.47,5.44,88
trace00000690,span00000690,,2025-01-20T13:05:44+00:00,inventory-service,,database,/query,427.07,427.02,88
trace00000691,span00000691,,2025-01-20T13:05:45+00:00,api,/order-service,inventory-service,/reservations,5.14,5.09,88
trace00000692,span00000692,,2025-01-20T13:05:45+00:00,inventory-service,,database,/query,413.07,413.01,88
trace00000693,span00000693,,2025-01-20T13:05:46+00:00,api,/order-service,inventory-service,/reservations,4.99,4.99,89
trace00000694,span00000694,,2025-01-20T13:05:46+00:00,inventory-service,,database,/query,490.9,490.86,89
trace00000695,span00000695,,2025-01-20T13:05:47+00:00,api,/order-service,inventory-service,/reservations,5.24,5.28,82
trace00000696,span00000696,,2025-01-20T13:05:47+00:00,inventory-service,,database,/query,456.73,456.78,82
trace00000697,span00000697,,2025-01-20T13:05:48+00:00,api,/order-service,inventory-service,/reservations,4.96,4.98,78
trace00000698,span00000698,,2025-01-20T13:05:48+00:00,inventory-service,,database,/query,442.74,442.81,78
trace00000699,span00000699,,2025-01-20T13:05:49+00:00,api,/order-service,inventory-service,/reservations,4.52,4.58,74
trace00000700,span00000700,,2025-01-20T13:05:49+00:00,inventory-service,,database,/query,380.37,380.43,74
trace00000701,span00000701,,2025-01-20T13:05:50+00:00,api,/order-service,inventory-service,/reservations,4.62,4.56,69
trace00000702,span00000702,,2025-01-20T13:05:50+00:00,inventory-service,,database,/query,448.76,448.84,69
trace00000703,span00000703,,2025-01-20T13:05:51+00:00,api,/order-service,inventory-service,/reservations,4.98,4.98,67
trace00000704,span00000704,,2025-01-20T13:05:51+00:00,inventory-service,,database,/query,400.88,400.89,67
trace00000705,span00000705,,2025-01-20T13:05:52+00:00,api,/order-service,inventory-service,/reservations,4.72,4.67,63
trace00000706,span00000706,,2025-01-20T13:05:52+00:00,inventory-service,,database,/query,486.62,486.63,63
trace00000707,span00000707,,2025-01-20T13:05:53+00:00,api,/order-service,inventory-service,/reservations,5.4,5.39,59
trace00000708,span00000708,,2025-01-20T13:05:53+00:00,inventory-service,,database,/query,454.1,454.18,59
trace00000709,span00000709,,2025-01-20T13:05:54+00:00,api,/order-service,inventory-service,/reservations,4.59,4.65,55
trace00000710,span00000710,,2025-01-20T13:05:54+00:00,inventory-service,,database,/query,440.1,440.18,55
trace00000711,span00000711,,2025-01-20T13:05:55+00:00,api,/order-service,inventory-service,/reservations,4.44,4.42,49
trace00000712,span00000712,,2025-01-20T13:05:55+00:00,inventory-service,,database,/query,492.29,492.19,49
trace00000713,span00000713,,2025-01-20T13:05:56+00:00,api,/order-service,inventory-service,/reservations,4.7,4.77,49
trace00000714,span00000714,,2025-01-20T13:05:56+00:00,inventory-service,,database,/query,450.14,450.08,49
trace00000715,span00000715,,2025-01-20T13:05:57+00:00,api,/order-service,inventory-service,/reservations,5.47,5.54,49
trace00000716,span00000716,,2025-01-20T13:05:57+00:00,inventory-service,,database,/query,396.64,396.6,49
trace00000717,span00000717,,2025-01-20T13:05:58+00:00,api,/order-service,inventory-service,/reservations,4.63,4.64,48
trace00000718,span00000718,,2025-01-20T13:05:58+00:00,inventory-service,,database,/query,430.92,430.83,48
trace00000719,span00000719,,2025-01-20T13:05:59+00:00,api,/order-service,inventory-service,/reservations,5.05,4.96,51
trace00000720,span00000720,,2025-01-20T13:05:59+00:00,inventory-service,,database,/query,461.5,461.51,51
trace00000721,span00000721,,2025-01-20T13:06:00+00:00,api,/order-service,inventory-service,/reservations,4.42,4.38,50
trace00000722,span00000722,,2025-01-20T13:06:00+00:00,inventory-service,,database,/query,405.23,405.3,50
trace00000723,span00000723,,2025-01-20T13:06:01+00:00,api,/order-service,inventory-service,/reservations,5.07,5.11,49
trace00000724,span00000724,,2025-01-20T13:06:01+00:00,inventory-service,,database,/query,401.0,400.96,49
trace00000725,span00000725,,2025-01-20T13:06:02+00:00,api,/order-service,inventory-service,/reservations,5.63,5.7,49
trace00000726,span00000726,,2025-01-20T13:06:02+00:00,inventory-service,,database,/query,488.52,488.42,49
trace00000727,span00000727,,2025-01-20T13:06:03+00:00,api,/order-service,inventory-service,/reservations,4.36,4.45,46
trace00000728,span00000728,,2025-01-20T13:06:03+00:00,inventory-service,,database,/query,411.44,411.34,46
trace00000729,span00000729,,2025-01-20T13:06:04+00:00,api,/order-service,inventory-service,/reservations,5.28,5.3,50
trace00000730,span00000730,,2025-01-20T13:06:04+00:00,inventory-service,,database,/query,410.27,410.32,50
trace00000731,span00000731,,2025-01-20T13:06:05+00:00,api,/order-service,inventory-service,/reservations,5.37,5.43,51
trace00000732,span00000732,,2025-01-20T13:06:05+00:00,inventory-service,,database,/query,470.2,470.3,51
trace00000733,span00000733,,2025-01-20T13:06:06+00:00,api,/order-service,inventory-service,/reservations,5.1,5.09,50
trace00000734,span00000734,,2025-01-20T13:06:06+00:00,inventory-service,,database,/query,456.66,456.73,50
trace00000735,span00000735,,2025-01-20T13:06:07+00:00,api,/order-service,inventory-service,/reservations,4.55,4.57,49
trace00000736,span00000736,,2025-01-20T13:06:07+00:00,inventory-service,,database,/query,794.37,794.36,49
trace00000737,span00000737,,2025-01-20T13:06:08+00:00,api,/order-service,inventory-service,/reservations,4.9,4.86,49
trace00000738,span00000738,,2025-01-20T13:06:08+00:00,inventory-service,,database,/query,528.27,528.21,49
trace00000739,span00000739,,2025-01-20T13:06:09+00:00,api,/order-service,inventory-service,/reservations,4.99,4.92,48
trace00000740,span00000740,,2025-01-20T13:06:09+00:00,inventory-service,,database,/query,489.07,489.11,48
trace00000741,span00000741,,2025-01-20T13:06:10+00:00,api,/order-service,inventory-service,/reservations,4.32,4.23,51
trace00000742,span00000742,,2025-01-20T13:06:10+00:00,inventory-service,,database,/query,409.61,409.53,51
trace00000743,span00000743,,2025-01-20T13:06:11+00:00,api,/order-service,inventory-service,/reservations,4.94,5.01,49
trace00000744,span00000744,,2025-01-20T13:06:11+00:00,inventory-service,,database,/query,510.45,510.52,49
trace00000745,span00000745,,2025-01-20T13:06:12+00:00,api,/order-service,inventory-service,/reservations,4.69,4.61,51
trace00000746,span00000746,,2025-01-20T13:06:12+00:00,inventory-service,,database,/query,479.71,479.74,51
trace00000747,span00000747,,2025-01-20T13:06:13+00:00,api,/order-service,inventory-service,/reservations,5.41,5.44,49
trace00000748,span00000748,,2025-01-20T13:06:13+00:00,inventory-service,,database,/query,439.36,439.44,49
trace00000749,span00000749,,2025-01-20T13:06:14+00:00,api,/order-service,inventory-service,/reservations,4.83,4.75,53
trace00000750,span00000750,,2025-01-20T13:06:14+00:00,inventory-service,,database,/query,382.74,382.72,53
trace00000751,span00000751,,2025-01-20T13:06:15+00:00,api,/order-service,inventory-service,/reservations,3.69,3.71,48
trace00000752,span00000752,,2025-01-20T13:06:15+00:00,inventory-service,,database,/query,406.76,406.82,48
trace00000753,span00000753,,2025-01-20T13:06:16+00:00,api,/order-service,inventory-service,/reservations,4.72,4.66,46
trace00000754,span00000754,,2025-01-20T13:06:16+00:00,inventory-service,,database,/query,1322.6,1322.62,46
trace00000755,span00000755,,2025-01-20T13:06:17+00:00,api,/order-service,inventory-service,/reservations,5.53,5.47,50
trace00000756,span00000756,,2025-01-20T13:06:17+00:00,inventory-service,,database,/query,490.38,490.4,50
trace00000757,span00000757,,2025-01-20T13:06:18+00:00,api,/order-service,inventory-service,/reservations,4.36,4.4,49
trace00000758,span00000758,,2025-01-20T13:06:18+00:00,inventory-service,,database,/query,459.75,459.73,49
trace00000759,span00000759,,2025-01-20T13:06:19+00:00,api,/order-service,inventory-service,/reservations,5.06,5.07,52
trace00000760,span00000760,,2025-01-20T13:06:19+00:00,inventory-service,,database,/query,461.76,461.73,52
trace00000761,span00000761,,2025-01-20T13:06:20+00:00,api,/order-service,inventory-service,/reservations,4.29,4.39,48
trace00000762,span00000762,,2025-01-20T13:06:20+00:00,inventory-service,,database,/query,483.69,483.78,48
trace00000763,span00000763,,2025-01-20T13:06:21+00:00,api,/order-service,inventory-service,/reservations,4.55,4.54,49
trace00000764,span00000764,,2025-01-20T13:06:21+00:00,inventory-service,,database,/query,482.72,482.62,49
trace00000765,span00000765,,2025-01-20T13:06:22+00:00,api,/order-service,inventory-service,/reservations,4.82,4.84,51
trace00000766,span00000766,,2025-01-20T13:06:22+00:00,inventory-service,,database,/query,488.96,488.99,51
trace00000767,span00000767,,2025-01-20T13:06:23+00:00,api,/order-service,inventory-service,/reservations,5.04,5.08,49
trace00000768,span00000768,,2025-01-20T13:06:23+00:00,inventory-service,,database,/query,414.49,414.44,49
trace00000769,span00000769,,2025-01-20T13:06:24+00:00,api,/order-service,inventory-service,/reservations,5.01,5.04,49
trace00000770,span00000770,,2025-01-20T13:06:24+00:00,inventory-service,,database,/query,544.94,544.85,49
trace00000771,span00000771,,2025-01-20T13:06:25+00:00,api,/order-service,inventory-service,/reservations,5.15,5.1,50
trace00000772,span00000772,,2025-01-20T13:06:25+00:00,inventory-service,,database,/query,521.21,521.22,50
trace00000773,span00000773,,2025-01-20T13:06:26+00:00,api,/order-service,inventory-service,/reservations,5.06,4.98,46
trace00000774,span00000774,,2025-01-20T13:06:26+00:00,inventory-service,,database,/query,488.88,488.96,46
trace00000775,span00000775,,2025-01-20T13:06:27+00:00,api,/order-service,inventory-service,/reservations,5.48,5.51,48
trace00000776,span00000776,,2025-01-20T13:06:27+00:00,inventory-service,,database,/query,595.83,595.9,48
trace00000777,span00000777,,2025-01-20T13:06:28+00:00,api,/order-service,inventory-service,/reservations,5.1,5.01,51
trace00000778,span00000778,,2025-01-20T13:06:28+00:00,inventory-service,,database,/query,497.04,496.99,51
trace00000779,span00000779,,2025-01-20T13:06:29+00:00,api,/order-service,inventory-service,/reservations,5.5,5.43,49
trace00000780,span00000780,,2025-01-20T13:06:29+00:00,inventory-service,,database,/query,611.22,611.25,49
trace00000781,span00000781,,2025-01-20T13:06:30+00:00,api,/order-service,inventory-service,/reservations,5.64,5.63,49
trace00000782,span00000782,,2025-01-20T13:06:30+00:00,inventory-service,,database,/query,526.19,526.2,49
trace00000783,span00000783,,2025-01-20T13:06:31+00:00,api,/order-service,inventory-service,/reservations,4.4,4.46,51
trace00000784,span00000784,,2025-01-20T13:06:31+00:00,inventory-service,,database,/query,536.81,536.91,51
trace00000785,span00000785,,2025-01-20T13:06:32+00:00,api,/order-service,inventory-service,/reservations,4.83,4.82,53
trace00000786,span00000786,,2025-01-20T13:06:32+00:00,inventory-service,,database,/query,503.62,503.68,53
trace00000787,span00000787,,2025-01-20T13:06:33+00:00,api,/order-service,inventory-service,/reservations,4.86,4.78,48
trace00000788,span00000788,,2025-01-20T13:06:33+00:00,inventory-service,,database,/query,470.19,470.22,48
trace00000789,span00000789,,2025-01-20T13:06:34+00:00,api,/order-service,inventory-service,/reservations,6.35,6.42,50
trace00000790,span00000790,,2025-01-20T13:06:34+00:00,inventory-service,,database,/query,512.93,512.91,50
trace00000791,span00000791,,2025-01-20T13:06:35+00:00,api,/order-service,inventory-service,/reservations,5.61,5.71,50
trace00000792,span00000792,,2025-01-20T13:06:35+00:00,inventory-service,,database,/query,460.16,460.15,50
trace00000793,span00000793,,2025-01-20T13:06:36+00:00,api,/order-service,inventory-service,/reservations,5.89,5.82,47
trace00000794,span00000794,,2025-01-20T13:06:36+00:00,inventory-service,,database,/query,498.44,498.48,47
trace00000795,span00000795,,2025-01-20T13:06:37+00:00,api,/order-service,inventory-service,/reservations,4.63,4.59,51
trace00000796,span00000796,,2025-01-20T13:06:37+00:00,inventory-service,,database,/query,530.94,531.01,51
trace00000797,span00000797,,2025-01-20T13:06:38+00:00,api,/order-service,inventory-service,/reservations,4.06,4.13,49
trace00000798,span00000798,,2025-01-20T13:06:38+00:00,inventory-service,,database,/query,414.72,414.81,49
trace00000799,span00000799,,2025-01-20T13:06:39+00:00,api,/order-service,inventory-service,/reservations,4.79,4.8,49
trace00000800,span00000800,,2025-01-20T13:06:39+00:00,inventory-service,,database,/query,451.48,451.55,49
trace00000801,span00000801,,2025-01-20T13:06:40+00:00,api,/order-service,inventory-service,/reservations,4.31,4.33,50
trace00000802,span00000802,,2025-01-20T13:06:40+00:00,inventory-service,,database,/query,427.11,427.11,50
trace00000803,span00000803,,2025-01-20T13:06:41+00:00,api,/order-service,inventory-service,/reservations,4.64,4.6,49
trace00000804,span00000804,,2025-01-20T13:06:41+00:00,inventory-service,,database,/query,472.28,472.34,49
trace00000805,span00000805,,2025-01-20T13:06:42+00:00,api,/order-service,inventory-service,/reservations,4.41,4.33,49
trace00000806,span00000806,,2025-01-20T13:06:42+00:00,inventory-service,,database,/query,474.62,474.68,49
trace00000807,span00000807,,2025-01-20T13:06:43+00:00,api,/order-service,inventory-service,/reservations,5.36,5.34,48
trace00000808,span00000808,,2025-01-20T13:06:43+00:00,inventory-service,,database,/query,513.29,513.19,48
trace00000809,span00000809,,2025-01-20T13:06:44+00:00,api,/order-service,inventory-service,/reservations,4.37,4.45,49
trace00000810,span00000810,,2025-01-20T13:06:44+00:00,inventory-service,,database,/query,517.95,517.97,49
trace00000811,span00000811,,2025-01-20T13:06:45+00:00,api,/order-service,inventory-service,/reservations,4.72,4.71,48
trace00000812,span00000812,,2025-01-20T13:06:45+00:00,inventory-service,,database,/query,613.16,613.06,48
trace00000813,span00000813,,2025-01-20T13:06:46+00:00,api,/order-service,inventory-service,/reservations,4.64,4.7,47
trace00000814,span00000814,,2025-01-20T13:06:46+00:00,inventory-service,,database,/query,522.09,522.14,47
trace00000815,span00000815,,2025-01-20T13:06:47+00:00,api,/order-service,inventory-service,/reservations,5.22,5.15,48
trace00000816,span00000816,,2025-01-20T13:06:47+00:00,inventory-service,,database,/query,457.75,457.81,48
trace00000817,span00000817,,2025-01-20T13:06:48+00:00,api,/order-service,inventory-service,/reservations,5.12,5.12,48
trace00000818,span00000818,,2025-01-20T13:06:48+00:00,inventory-service,,database,/query,578.12,578.05,48
trace00000819,span00000819,,2025-01-20T13:06:49+00:00,api,/order-service,inventory-service,/reservations,5.07,5.11,50
trace00000820,span00000820,,2025-01-20T13:06:49+00:00,inventory-service,,database,/query,501.99,501.89,50
trace00000821,span00000821,,2025-01-20T13:06:50+00:00,api,/order-service,inventory-service,/reservations,4.47,4.44,52
trace00000822,span00000822,,2025-01-20T13:06:50+00:00,inventory-service,,database,/query,556.46,556.5,52
trace00000823,span00000823,,2025-01-20T13:06:51+00:00,api,/order-service,inventory-service,/reservations,5.44,5.45,52
trace00000824,span00000824,,2025-01-20T13:06:51+00:00,inventory-service,,database,/query,485.33,485.3,52
trace00000825,span00000825,,2025-01-20T13:06:52+00:00,api,/order-service,inventory-service,/reservations,5.37,5.33,48
trace00000826,span00000826,,2025-01-20T13:06:52+00:00,inventory-service,,database,/query,481.98,481.96,48
trace00000827,span00000827,,2025-01-20T13:06:53+00:00,api,/order-service,inventory-service,/reservations,5.92,5.96,47
trace00000828,span00000828,,2025-01-20T13:06:53+00:00,inventory-service,,database,/query,496.9,496.81,47
trace00000829,span00000829,,2025-01-20T13:06:54+00:00,api,/order-service,inventory-service,/reservations,4.75,4.81,52
trace00000830,span00000830,,2025-01-20T13:06:54+00:00,inventory-service,,database,/query,589.64,589.55,52
trace00000831,span00000831,,2025-01-20T13:06:55+00:00,api,/order-service,inventory-service,/reservations,4.93,4.98,51
trace00000832,span00000832,,2025-01-20T13:06:55+00:00,inventory-service,,database,/query,534.4,534.3,51
trace00000833,span00000833,,2025-01-20T13:06:56+00:00,api,/order-service,inventory-service,/reservations,4.74,4.65,51
trace00000834,span00000834,,2025-01-20T13:06:56+00:00,inventory-service,,database,/query,518.01,518.08,51
trace00000835,span00000835,,2025-01-20T13:06:57+00:00,api,/order-service,inventory-service,/reservations,5.53,5.57,50
trace00000836,span00000836,,2025-01-20T13:06:57+00:00,inventory-service,,database,/query,571.68,571.76,50
trace00000837,span00000837,,2025-01-20T13:06:58+00:00,api,/order-service,inventory-service,/reservations,5.31,5.23,51
trace00000838,span00000838,,2025-01-20T13:06:58+00:00,inventory-service,,database,/query,532.3,532.28,51
trace00000839,span00000839,,2025-01-20T13:06:59+00:00,api,/order-service,inventory-service,/reservations,4.87,4.81,51
trace00000840,span00000840,,2025-01-20T13:06:59+00:00,inventory-service,,database,/query,616.37,616.27,51
trace00000841,span00000841,,2025-01-20T13:07:00+00:00,api,/order-service,inventory-service,/reservations,4.22,4.28,49
trace00000842,span00000842,,2025-01-20T13:07:00+00:00,inventory-service,,database,/query,474.88,474.93,49
trace00000843,span00000843,,2025-01-20T13:07:01+00:00,api,/order-service,inventory-service,/reservations,4.27,4.37,50
trace00000844,span00000844,,2025-01-20T13:07:01+00:00,inventory-service,,database,/query,456.9,456.87,50
trace00000845,span00000845,,2025-01-20T13:07:02+00:00,api,/order-service,inventory-service,/reservations,6.42,6.5,48
trace00000846,span00000846,,2025-01-20T13:07:02+00:00,inventory-service,,database,/query,523.84,523.93,48
trace00000847,span00000847,,2025-01-20T13:07:03+00:00,api,/order-service,inventory-service,/reservations,4.76,4.78,51
trace00000848,span00000848,,2025-01-20T13:07:03+00:00,inventory-service,,database,/query,539.86,539.87,51
trace00000849,span00000849,,2025-01-20T13:07:04+00:00,api,/order-service,inventory-service,/reservations,5.46,5.38,51
trace00000850,span00000850,,2025-01-20T13:07:04+00:00,inventory-service,,database,/query,571.01,571.08,51
trace00000851,span00000851,,2025-01-20T13:07:05+00:00,api,/order-service,inventory-service,/reservations,5.08,5.11,48
trace00000852,span00000852,,2025-01-20T13:07:05+00:00,inventory-service,,database,/query,490.71,490.66,48
trace00000853,span00000853,,2025-01-20T13:07:06+00:00,api,/order-service,inventory-service,/reservations,4.65,4.69,51
trace00000854,span00000854,,2025-01-20T13:07:06+00:00,inventory-service,,database,/query,506.59,506.58,51
trace00000855,span00000855,,2025-01-20T13:07:07+00:00,api,/order-service,inventory-service,/reservations,4.05,4.02,48
trace00000856,span00000856,,2025-01-20T13:07:07+00:00,inventory-service,,database,/query,528.36,528.43,48
trace00000857,span00000857,,2025-01-20T13:07:08+00:00,api,/order-service,inventory-service,/reservations,5.65,5.61,50
trace00000858,span00000858,,2025-01-20T13:07:08+00:00,inventory-service,,database,/query,514.62,514.53,50
trace00000859,span00000859,,2025-01-20T13:07:09+00:00,api,/order-service,inventory-service,/reservations,5.93,5.91,50
trace00000860,span00000860,,2025-01-20T13:07:09+00:00,inventory-service,,database,/query,536.0,535.97,50
trace00000861,span00000861,,2025-01-20T13:07:10+00:00,api,/order-service,inventory-service,/reservations,4.37,4.36,45
trace00000862,span00000862,,2025-01-20T13:07:10+00:00,inventory-service,,database,/query,494.44,494.4,45
trace00000863,span00000863,,2025-01-20T13:07:11+00:00,api,/order-service,inventory-service,/reservations,5.91,5.97,49
trace00000864,span00000864,,2025-01-20T13:07:11+00:00,inventory-service,,database,/query,612.08,612.14,49
trace00000865,span00000865,,2025-01-20T13:07:12+00:00,api,/order-service,inventory-service,/reservations,4.63,4.64,49
trace00000866,span00000866,,2025-01-20T13:07:12+00:00,inventory-service,,database,/query,551.99,551.89,49
trace00000867,span00000867,,2025-01-20T13:07:13+00:00,api,/order-service,inventory-service,/reservations,4.81,4.9,50
trace00000868,span00000868,,2025-01-20T13:07:13+00:00,inventory-service,,database,/query,568.11,568.2,50
trace00000869,span00000869,,2025-01-20T13:07:14+00:00,api,/order-service,inventory-service,/reservations,5.13,5.13,49
trace00000870,span00000870,,2025-01-20T13:07:14+00:00,inventory-service,,database,/query,657.81,657.86,49
trace00000871,span00000871,,2025-01-20T13:07:15+00:00,api,/order-service,inventory-service,/reservations,4.54,4.52,51
trace00000872,span00000872,,2025-01-20T13:07:15+00:00,inventory-service,,database,/query,505.06,505.02,51
trace00000873,span00000873,,2025-01-20T13:07:16+00:00,api,/order-service,inventory-service,/reservations,4.0,3.99,48
trace00000874,span00000874,,2025-01-20T13:07:16+00:00,inventory-service,,database,/query,643.75,643.68,48
trace00000875,span00000875,,2025-01-20T13:07:17+00:00,api,/order-service,inventory-service,/reservations,4.8,4.8,54
trace00000876,span00000876,,2025-01-20T13:07:17+00:00,inventory-service,,database,/query,620.09,620.03,54
trace00000877,span00000877,,2025-01-20T13:07:18+00:00,api,/order-service,inventory-service,/reservations,5.21,5.13,51
trace00000878,span00000878,,2025-01-20T13:07:18+00:00,inventory-service,,database,/query,522.43,522.38,51
trace00000879,span00000879,,2025-01-20T13:07:19+00:00,api,/order-service,inventory-service,/reservations,4.33,4.36,47
trace00000880,span00000880,,2025-01-20T13:07:19+00:00,inventory-service,,database,/query,534.3,534.4,47
trace00000881,span00000881,,2025-01-20T13:07:20+00:00,api,/order-service,inventory-service,/reservations,4.25,4.16,50
trace00000882,span00000882,,2025-01-20T13:07:20+00:00,inventory-service,,database,/query,514.98,515.01,50
trace00000883,span00000883,,2025-01-20T13:07:21+00:00,api,/order-service,inventory-service,/reservations,4.47,4.44,49
trace00000884,span00000884,,2025-01-20T13:07:21+00:00,inventory-service,,database,/query,569.32,569.35,49
trace00000885,span00000885,,2025-01-20T13:07:22+00:00,api,/order-service,inventory-service,/reservations,5.69,5.77,49
trace00000886,span00000886,,2025-01-20T13:07:22+00:00,inventory-service,,database,/query,556.88,556.85,49
trace00000887,span00000887,,2025-01-20T13:07:23+00:00,api,/order-service,inventory-service,/reservations,4.42,4.49,47
trace00000888,span00000888,,2025-01-20T13:07:23+00:00,inventory-service,,database,/query,624.34,624.4,47
trace00000889,span00000889,,2025-01-20T13:07:24+00:00,api,/order-service,inventory-service,/reservations,5.17,5.07,47
trace00000890,span00000890,,2025-01-20T13:07:24+00:00,inventory-service,,database,/query,572.74,572.82,47
trace00000891,span00000891,,2025-01-20T13:07:25+00:00,api,/order-service,inventory-service,/reservations,5.3,5.25,48
trace00000892,span00000892,,2025-01-20T13:07:25+00:00,inventory-service,,database,/query,583.6,583.7,48
trace00000893,span00000893,,2025-01-20T13:07:26+00:00,api,/order-service,inventory-service,/reservations,4.76,4.78,50
trace00000894,span00000894,,2025-01-20T13:07:26+00:00,inventory-service,,database,/query,535.97,535.93,50
trace00000895,span00000895,,2025-01-20T13:07:27+00:00,api,/order-service,inventory-service,/reservations,5.14,5.07,50
trace00000896,span00000896,,2025-01-20T13:07:27+00:00,inventory-service,,database,/query,595.64,595.7,50
trace00000897,span00000897,,2025-01-20T13:07:28+00:00,api,/order-service,inventory-service,/reservations,5.95,5.91,49
trace00000898,span00000898,,2025-01-20T13:07:28+00:00,inventory-service,,database,/query,504.65,504.64,49
trace00000899,span00000899,,2025-01-20T13:07:29+00:00,api,/order-service,inventory-service,/reservations,5.25,5.25,51
trace00000900,span00000900,,2025-01-20T13:07:29+00:00,inventory-service,,database,/query,516.59,516.55,51
trace00000901,span00000901,,2025-01-20T13:07:30+00:00,api,/order-service,inventory-service,/reservations,5.27,5.29,47
trace00000902,span00000902,,2025-01-20T13:07:30+00:00,inventory-service,,database,/query,520.16,520.2,47
trace00000903,span00000903,,2025-01-20T13:07:31+00:00,api,/order-service,inventory-service,/reservations,6.28,6.26,51
trace00000904,span00000904,,2025-01-20T13:07:31+00:00,inventory-service,,database,/query,630.31,630.4,51
trace00000905,span00000905,,2025-01-20T13:07:32+00:00,api,/order-service,inventory-service,/reservations,5.16,5.24,52
trace00000906,span00000906,,2025-01-20T13:07:32+00:00,inventory-service,,database,/query,619.42,619.42,52
trace00000907,span00000907,,2025-01-20T13:07:33+00:00,api,/order-service,inventory-service,/reservations,4.62,4.66,52
trace00000908,span00000908,,2025-01-20T13:07:33+00:00,inventory-service,,database,/query,597.87,597.87,52
trace00000909,span00000909,,2025-01-20T13:07:34+00:00,api,/order-service,inventory-service,/reservations,5.34,5.29,48
trace00000910,span00000910,,2025-01-20T13:07:34+00:00,inventory-service,,database,/query,640.64,640.67,48
trace00000911,span00000911,,2025-01-20T13:07:35+00:00,api,/order-service,inventory-service,/reservations,5.37,5.38,52
trace00000912,span00000912,,2025-01-20T13:07:35+00:00,inventory-service,,database,/query,616.75,616.84,52
trace00000913,span00000913,,2025-01-20T13:07:36+00:00,api,/order-service,inventory-service,/reservations,6.02,6.04,50
trace00000914,span00000914,,2025-01-20T13:07:36+00:00,inventory-service,,database,/query,609.69,609.73,50
trace00000915,span00000915,,2025-01-20T13:07:37+00:00,api,/order-service,inventory-service,/reservations,5.37,5.41,48
trace00000916,span00000916,,2025-01-20T13:07:37+00:00,inventory-service,,database,/query,698.24,698.22,48
trace00000917,span00000917,,2025-01-20T13:07:38+00:00,api,/order-service,inventory-service,/reservations,5.33,5.25,50
trace00000918,span00000918,,2025-01-20T13:07:38+00:00,inventory-service,,database,/query,574.07,573.98,50
trace00000919,span00000919,,2025-01-20T13:07:39+00:00,api,/order-service,inventory-service,/reservations,5.38,5.34,50
trace00000920,span00000920,,2025-01-20T13:07:39+00:00,inventory-service,,database,/query,539.97,539.88,50
trace00000921,span00000921,,2025-01-20T13:07:40+00:00,api,/order-service,inventory-service,/reservations,4.73,4.78,50
trace00000922,span00000922,,2025-01-20T13:07:40+00:00,inventory-service,,database,/query,548.91,548.92,50
trace00000923,span00000923,,2025-01-20T13:07:41+00:00,api,/order-service,inventory-service,/reservations,5.43,5.44,51
trace00000924,span00000924,,2025-01-20T13:07:41+00:00,inventory-service,,database,/query,630.77,630.7,51
trace00000925,span00000925,,2025-01-20T13:07:42+00:00,api,/order-service,inventory-service,/reservations,4.75,4.79,50
trace00000926,span00000926,,2025-01-20T13:07:42+00:00,inventory-service,,database,/query,598.93,598.9,50
trace00000927,span00000927,,2025-01-20T13:07:43+00:00,api,/order-service,inventory-service,/reservations,4.83,4.78,50
trace00000928,span00000928,,2025-01-20T13:07:43+00:00,inventory-service,,database,/query,511.85,511.81,50
trace00000929,span00000929,,2025-01-20T13:07:44+00:00,api,/order-service,inventory-service,/reservations,5.18,5.22,50
trace00000930,span00000930,,2025-01-20T13:07:44+00:00,inventory-service,,database,/query,577.92,577.88,50
trace00000931,span00000931,,2025-01-20T13:07:45+00:00,api,/order-service,inventory-service,/reservations,5.63,5.63,49
trace00000932,span00000932,,2025-01-20T13:07:45+00:00,inventory-service,,database,/query,638.66,638.67,49
trace00000933,span00000933,,2025-01-20T13:07:46+00:00,api,/order-service,inventory-service,/reservations,3.78,3.77,49
trace00000934,span00000934,,2025-01-20T13:07:46+00:00,inventory-service,,database,/query,582.49,582.56,49
trace00000935,span00000935,,2025-01-20T13:07:47+00:00,api,/order-service,inventory-service,/reservations,4.84,4.79,48
trace00000936,span00000936,,2025-01-20T13:07:47+00:00,inventory-service,,database,/query,590.43,590.35,48
trace00000937,span00000937,,2025-01-20T13:07:48+00:00,api,/order-service,inventory-service,/reservations,6.0,6.09,47
trace00000938,span00000938,,2025-01-20T13:07:48+00:00,inventory-service,,database,/query,639.36,639.44,47
trace00000939,span00000939,,2025-01-20T13:07:49+00:00,api,/order-service,inventory-service,/reservations,4.35,4.39,48
trace00000940,span00000940,,2025-01-20T13:07:49+00:00,inventory-service,,database,/query,676.22,676.32,48
trace00000941,span00000941,,2025-01-20T13:07:50+00:00,api,/order-service,inventory-service,/reservations,5.34,5.43,50
trace00000942,span00000942,,2025-01-20T13:07:50+00:00,inventory-service,,database,/query,599.43,599.43,50
trace00000943,span00000943,,2025-01-20T13:07:51+00:00,api,/order-service,inventory-service,/reservations,5.45,5.42,48
trace00000944,span00000944,,2025-01-20T13:07:51+00:00,inventory-service,,database,/query,607.15,607.13,48
trace00000945,span00000945,,2025-01-20T13:07:52+00:00,api,/order-service,inventory-service,/reservations,5.06,5.04,50
trace00000946,span00000946,,2025-01-20T13:07:52+00:00,inventory-service,,database,/query,616.94,616.85,50
trace00000947,span00000947,,2025-01-20T13:07:53+00:00,api,/order-service,inventory-service,/reservations,5.47,5.37,51
trace00000948,span00000948,,2025-01-20T13:07:53+00:00,inventory-service,,database,/query,609.75,609.71,51
trace00000949,span00000949,,2025-01-20T13:07:54+00:00,api,/order-service,inventory-service,/reservations,5.16,5.15,50
trace00000950,span00000950,,2025-01-20T13:07:54+00:00,inventory-service,,database,/query,656.38,656.37,50
trace00000951,span00000951,,2025-01-20T13:07:55+00:00,api,/order-service,inventory-service,/reservations,4.97,4.96,48
trace00000952,span00000952,,2025-01-20T13:07:55+00:00,inventory-service,,database,/query,555.94,555.98,48
trace00000953,span00000953,,2025-01-20T13:07:56+00:00,api,/order-service,inventory-service,/reservations,6.5,6.57,50
trace00000954,span00000954,,2025-01-20T13:07:56+00:00,inventory-service,,database,/query,631.91,631.91,50
trace00000955,span00000955,,2025-01-20T13:07:57+00:00,api,/order-service,inventory-service,/reservations,5.25,5.24,50
trace00000956,span00000956,,2025-01-20T13:07:57+00:00,inventory-service,,database,/query,626.68,626.74,50
trace00000957,span00000957,,2025-01-20T13:07:58+00:00,api,/order-service,inventory-service,/reservations,5.07,5.01,50
trace00000958,span00000958,,2025-01-20T13:07:58+00:00,inventory-service,,database,/query,740.02,740.03,50
trace00000959,span00000959,,2025-01-20T13:07:59+00:00,api,/order-service,inventory-service,/reservations,4.99,4.92,50
trace00000960,span00000960,,2025-01-20T13:07:59+00:00,inventory-service,,database,/query,681.1,681.17,50
trace00000961,span00000961,,2025-01-20T13:08:00+00:00,api,/order-service,inventory-service,/reservations,5.9,5.86,50
trace00000962,span00000962,,2025-01-20T13:08:00+00:00,inventory-service,,database,/query,670.08,670.15,50
trace00000963,span00000963,,2025-01-20T13:08:01+00:00,api,/order-service,inventory-service,/reservations,4.94,4.89,48
trace00000964,span00000964,,2025-01-20T13:08:01+00:00,inventory-service,,database,/query,637.18,637.25,48
trace00000965,span00000965,,2025-01-20T13:08:02+00:00,api,/order-service,inventory-service,/reservations,4.53,4.6,52
trace00000966,span00000966,,2025-01-20T13:08:02+00:00,inventory-service,,database,/query,630.61,630.59,52
trace00000967,span00000967,,2025-01-20T13:08:03+00:00,api,/order-service,inventory-service,/reservations,6.08,6.15,50
trace00000968,span00000968,,2025-01-20T13:08:03+00:00,inventory-service,,database,/query,657.77,657.82,50
trace00000969,span00000969,,2025-01-20T13:08:04+00:00,api,/order-service,inventory-service,/reservations,4.68,4.77,50
trace00000970,span00000970,,2025-01-20T13:08:04+00:00,inventory-service,,database,/query,580.82,580.9,50
trace00000971,span00000971,,2025-01-20T13:08:05+00:00,api,/order-service,inventory-service,/reservations,4.68,4.65,51
trace00000972,span00000972,,2025-01-20T13:08:05+00:00,inventory-service,,database,/query,646.18,646.25,51
trace00000973,span00000973,,2025-01-20T13:08:06+00:00,api,/order-service,inventory-service,/reservations,5.22,5.28,49
trace00000974,span00000974,,2025-01-20T13:08:06+00:00,inventory-service,,database,/query,577.73,577.74,49
trace00000975,span00000975,,2025-01-20T13:08:07+00:00,api,/order-service,inventory-service,/reservations,5.0,4.92,50
trace00000976,span00000976,,2025-01-20T13:08:07+00:00,inventory-service,,database,/query,601.82,601.81,50
trace00000977,span00000977,,2025-01-20T13:08:08+00:00,api,/order-service,inventory-service,/reservations,4.39,4.36,49
trace00000978,span00000978,,2025-01-20T13:08:08+00:00,inventory-service,,database,/query,683.2,683.11,49
trace00000979,span00000979,,2025-01-20T13:08:09+00:00,api,/order-service,inventory-service,/reservations,5.02,5.01,50
trace00000980,span00000980,,2025-01-20T13:08:09+00:00,inventory-service,,database,/query,671.3,671.38,50
trace00000981,span00000981,,2025-01-20T13:08:10+00:00,api,/order-service,inventory-service,/reservations,5.03,4.98,46
trace00000982,span00000982,,2025-01-20T13:08:10+00:00,inventory-service,,database,/query,678.45,678.4,46
trace00000983,span00000983,,2025-01-20T13:08:11+00:00,api,/order-service,inventory-service,/reservations,4.16,4.25,49
trace00000984,span00000984,,2025-01-20T13:08:11+00:00,inventory-service,,database,/query,635.42,635.37,49
trace00000985,span00000985,,2025-01-20T13:08:12+00:00,api,/order-service,inventory-service,/reservations,5.31,5.3,49
trace00000986,span00000986,,2025-01-20T13:08:12+00:00,inventory-service,,database,/query,749.4,749.35,49
trace00000987,span00000987,,2025-01-20T13:08:13+00:00,api,/order-service,inventory-service,/reservations,5.35,5.37,49
trace00000988,span00000988,,2025-01-20T13:08:13+00:00,inventory-service,,database,/query,630.71,630.78,49
trace00000989,span00000989,,2025-01-20T13:08:14+00:00,api,/order-service,inventory-service,/reservations,5.34,5.35,49
trace00000990,span00000990,,2025-01-20T13:08:14+00:00,inventory-service,,database,/query,697.2,697.18,49
trace00000991,span00000991,,2025-01-20T13:08:15+00:00,api,/order-service,inventory-service,/reservations,5.52,5.48,50
trace00000992,span00000992,,2025-01-20T13:08:15+00:00,inventory-service,,database,/query,655.89,655.9,50
trace00000993,span00000993,,2025-01-20T13:08:16+00:00,api,/order-service,inventory-service,/reservations,4.08,4.01,47
trace00000994,span00000994,,2025-01-20T13:08:16+00:00,inventory-service,,database,/query,636.08,635.99,47
trace00000995,span00000995,,2025-01-20T13:08:17+00:00,api,/order-service,inventory-service,/reservations,4.85,4.93,51
trace00000996,span00000996,,2025-01-20T13:08:17+00:00,inventory-service,,database,/query,655.41,655.37,51
trace00000997,span00000997,,2025-01-20T13:08:18+00:00,api,/order-service,inventory-service,/reservations,5.02,5.01,48
trace00000998,span00000998,,2025-01-20T13:08:18+00:00,inventory-service,,database,/query,687.26,687.2,48
trace00000999,span00000999,,2025-01-20T13:08:19+00:00,api,/order-service,inventory-service,/reservations,4.64,4.71,50
trace00001000,span00001000,,2025-01-20T13:08:19+00:00,inventory-service,,database,/query,662.77,662.69,50
trace00001001,span00001001,,2025-01-20T13:08:20+00:00,api,/order-service,inventory-service,/reservations,4.75,4.72,52
trace00001002,span00001002,,2025-01-20T13:08:20+00:00,inventory-service,,database,/query,657.08,657.11,52
trace00001003,span00001003,,2025-01-20T13:08:21+00:00,api,/order-service,inventory-service,/reservations,4.76,4.72,51
trace00001004,span00001004,,2025-01-20T13:08:21+00:00,inventory-service,,database,/query,610.93,610.92,51
trace00001005,span00001005,,2025-01-20T13:08:22+00:00,api,/order-service,inventory-service,/reservations,4.41,4.47,49
trace00001006,span00001006,,2025-01-20T13:08:22+00:00,inventory-service,,database,/query,631.33,631.39,49
trace00001007,span00001007,,2025-01-20T13:08:23+00:00,api,/order-service,inventory-service,/reservations,5.46,5.5,50
trace00001008,span00001008,,2025-01-20T13:08:23+00:00,inventory-service,,database,/query,648.49,648.55,50
trace00001009,span00001009,,2025-01-20T13:08:24+00:00,api,/order-service,inventory-service,/reservations,5.75,5.78,48
trace00001010,span00001010,,2025-01-20T13:08:24+00:00,inventory-service,,database,/query,718.38,718.32,48
trace00001011,span00001011,,2025-01-20T13:08:25+00:00,api,/order-service,inventory-service,/reservations,5.22,5.25,9
trace00001012,span00001012,,2025-01-20T13:08:25+00:00,inventory-service,,database,/query,692.54,692.53,9
trace00001013,span00001013,,2025-01-20T13:08:26+00:00,api,/order-service,inventory-service,/reservations,4.69,4.6,9
trace00001014,span00001014,,2025-01-20T13:08:26+00:00,inventory-service,,database,/query,632.21,632.12,9
trace00001015,span00001015,,2025-01-20T13:08:27+00:00,api,/order-service,inventory-service,/reservations,5.65,5.67,9
trace00001016,span00001016,,2025-01-20T13:08:27+00:00,inventory-service,,database,/query,575.52,575.59,9
trace00001017,span00001017,,2025-01-20T13:08:28+00:00,api,/order-service,inventory-service,/reservations,4.8,4.7,10
trace00001018,span00001018,,2025-01-20T13:08:28+00:00,inventory-service,,database,/query,636.39,636.42,10
trace00001019,span00001019,,2025-01-20T13:08:29+00:00,api,/order-service,inventory-service,/reservations,5.16,5.11,10
trace00001020,span00001020,,2025-01-20T13:08:29+00:00,inventory-service,,database,/query,623.36,623.41,10
trace00001021,span00001021,,2025-01-20T13:08:30+00:00,api,/order-service,inventory-service,/reservations,4.25,4.25,9
trace00001022,span00001022,,2025-01-20T13:08:30+00:00,inventory-service,,database,/query,669.03,669.09,9
trace00001023,span00001023,,2025-01-20T13:08:31+00:00,api,/order-service,inventory-service,/reservations,4.57,4.67,10
trace00001024,span00001024,,2025-01-20T13:08:31+00:00,inventory-service,,database,/query,639.54,639.62,10
trace00001025,span00001025,,2025-01-20T13:08:32+00:00,api,/order-service,inventory-service,/reservations,5.61,5.7,10
trace00001026,span00001026,,2025-01-20T13:08:32+00:00,inventory-service,,database,/query,772.3,772.4,10
trace00001027,span00001027,,2025-01-20T13:08:33+00:00,api,/order-service,inventory-service,/reservations,4.01,3.98,10
trace00001028,span00001028,,2025-01-20T13:08:33+00:00,inventory-service,,database,/query,711.37,711.31,10
trace00001029,span00001029,,2025-01-20T13:08:34+00:00,api,/order-service,inventory-service,/reservations,4.42,4.48,9
trace00001030,span00001030,,2025-01-20T13:08:34+00:00,inventory-service,,database,/query,721.26,721.32,9
trace00001031,span00001031,,2025-01-20T13:08:35+00:00,api,/order-service,inventory-service,/reservations,5.19,5.28,10
trace00001032,span00001032,,2025-01-20T13:08:35+00:00,inventory-service,,database,/query,624.08,624.13,10
trace00001033,span00001033,,2025-01-20T13:08:36+00:00,api,/order-service,inventory-service,/reservations,5.31,5.3,9
trace00001034,span00001034,,2025-01-20T13:08:36+00:00,inventory-service,,database,/query,592.4,592.46,9
trace00001035,span00001035,,2025-01-20T13:08:37+00:00,api,/order-service,inventory-service,/reservations,4.19,4.23,10
trace00001036,span00001036,,2025-01-20T13:08:37+00:00,inventory-service,,database,/query,608.2,608.18,10
trace00001037,span00001037,,2025-01-20T13:08:38+00:00,api,/order-service,inventory-service,/reservations,5.17,5.26,9
trace00001038,span00001038,,2025-01-20T13:08:38+00:00,inventory-service,,database,/query,697.94,697.99,9
trace00001039,span00001039,,2025-01-20T13:08:39+00:00,api,/order-service,inventory-service,/reservations,5.24,5.24,10
trace00001040,span00001040,,2025-01-20T13:08:39+00:00,inventory-service,,database,/query,741.59,741.61,10
trace00001041,span00001041,,2025-01-20T13:08:40+00:00,api,/order-service,inventory-service,/reservations,5.46,5.52,10
trace00001042,span00001042,,2025-01-20T13:08:40+00:00,inventory-service,,database,/query,674.92,674.85,10
trace00001043,span00001043,,2025-01-20T13:08:41+00:00,api,/order-service,inventory-service,/reservations,5.85,5.78,9
trace00001044,span00001044,,2025-01-20T13:08:41+00:00,inventory-service,,database,/query,720.32,720.36,9
trace00001045,span00001045,,2025-01-20T13:08:42+00:00,api,/order-service,inventory-service,/reservations,4.95,5.05,9
trace00001046,span00001046,,2025-01-20T13:08:42+00:00,inventory-service,,database,/query,625.41,625.48,9
trace00001047,span00001047,,2025-01-20T13:08:43+00:00,api,/order-service,inventory-service,/reservations,5.17,5.26,10
trace00001048,span00001048,,2025-01-20T13:08:43+00:00,inventory-service,,database,/query,769.18,769.19,10
trace00001049,span00001049,,2025-01-20T13:08:44+00:00,api,/order-service,inventory-service,/reservations,5.16,5.1,9
trace00001050,span00001050,,2025-01-20T13:08:44+00:00,inventory-service,,database,/query,749.29,749.38,9
trace00001051,span00001051,,2025-01-20T13:08:45+00:00,api,/order-service,inventory-service,/reservations,4.55,4.62,10
trace00001052,span00001052,,2025-01-20T13:08:45+00:00,inventory-service,,database,/query,740.9,740.85,10
trace00001053,span00001053,,2025-01-20T13:08:46+00:00,api,/order-service,inventory-service,/reservations,4.9,4.96,9
trace00001054,span00001054,,2025-01-20T13:08:46+00:00,inventory-service,,database,/query,1994.78,1994.82,9
trace00001055,span00001055,,2025-01-20T13:08:47+00:00,api,/order-service,inventory-service,/reservations,4.57,4.47,9
trace00001056,span00001056,,2025-01-20T13:08:47+00:00,inventory-service,,database,/query,717.59,717.58,9
trace00001057,span00001057,,2025-01-20T13:08:48+00:00,api,/order-service,inventory-service,/reservations,5.58,5.48,9
trace00001058,span00001058,,2025-01-20T13:08:48+00:00,inventory-service,,database,/query,700.09,700.05,9
trace00001059,span00001059,,2025-01-20T13:08:49+00:00,api,/order-service,inventory-service,/reservations,4.42,4.49,10
trace00001060,span00001060,,2025-01-20T13:08:49+00:00,inventory-service,,database,/query,639.88,639.89,10
trace00001061,span00001061,,2025-01-20T13:08:50+00:00,api,/order-service,inventory-service,/reservations,5.36,5.33,10
trace00001062,span00001062,,2025-01-20T13:08:50+00:00,inventory-service,,database,/query,662.54,662.57,10
trace00001063,span00001063,,2025-01-20T13:08:51+00:00,api,/order-service,inventory-service,/reservations,5.89,5.86,9
trace00001064,span00001064,,2025-01-20T13:08:51+00:00,inventory-service,,database,/query,687.82,687.74,9
trace00001065,span00001065,,2025-01-20T13:08:52+00:00,api,/order-service,inventory-service,/reservations,5.0,5.08,9
trace00001066,span00001066,,2025-01-20T13:08:52+00:00,inventory-service,,database,/query,766.38,766.35,9
trace00001067,span00001067,,2025-01-20T13:08:53+00:00,api,/order-service,inventory-service,/reservations,4.83,4.77,9
trace00001068,span00001068,,2025-01-20T13:08:53+00:00,inventory-service,,database,/query,764.98,765.06,9
trace00001069,span00001069,,2025-01-20T13:08:54+00:00,api,/order-service,inventory-service,/reservations,4.67,4.7,10
trace00001070,span00001070,,2025-01-20T13:08:54+00:00,inventory-service,,database,/query,607.56,607.61,10
trace00001071,span00001071,,2025-01-20T13:08:55+00:00,api,/order-service,inventory-service,/reservations,4.77,4.82,9
trace00001072,span00001072,,2025-01-20T13:08:55+00:00,inventory-service,,database,/query,718.56,718.61,9
trace00001073,span00001073,,2025-01-20T13:08:56+00:00,api,/order-service,inventory-service,/reservations,5.45,5.51,10
trace00001074,span00001074,,2025-01-20T13:08:56+00:00,inventory-service,,database,/query,738.16,738.14,10
trace00001075,span00001075,,2025-01-20T13:08:57+00:00,api,/order-service,inventory-service,/reservations,4.91,4.89,9
trace00001076,span00001076,,2025-01-20T13:08:57+00:00,inventory-service,,database,/query,765.14,765.14,9
trace00001077,span00001077,,2025-01-20T13:08:58+00:00,api,/order-service,inventory-service,/reservations,5.09,5.0,10
trace00001078,span00001078,,2025-01-20T13:08:58+00:00,inventory-service,,database,/query,840.41,840.33,10
trace00001079,span00001079,,2025-01-20T13:08:59+00:00,api,/order-service,inventory-service,/reservations,5.01,5.08,9
trace00001080,span00001080,,2025-01-20T13:08:59+00:00,inventory-service,,database,/query,718.53,718.43,9
