traceId,spanId,parentSpanId,timestamp,srcService,srcRoute,dstService,dstRoute,latency_ms,latency,rps
trace00000001,span00000001,,2025-01-20T10:00:00+00:00,api,/order-service,inventory-service,/reservations,5.16,5.1,10
trace00000002,span00000002,,2025-01-20T10:00:00+00:00,inventory-service,,database,/query,15.53,15.47,10
trace00000003,span00000003,,2025-01-20T10:00:01+00:00,api,/order-service,inventory-service,/reservations,4.6,4.63,12
trace00000004,span00000004,,2025-01-20T10:00:01+00:00,inventory-service,,database,/query,12.67,12.6,12
trace00000005,span00000005,,2025-01-20T10:00:02+00:00,api,/order-service,inventory-service,/reservations,5.05,5.05,14
trace00000006,span00000006,,2025-01-20T10:00:02+00:00,inventory-service,,database,/query,16.3,16.29,14
trace00000007,span00000007,,2025-01-20T10:00:03+00:00,api,/order-service,inventory-service,/reservations,5.56,5.52,15
trace00000008,span00000008,,2025-01-20T10:00:03+00:00,inventory-service,,database,/query,14.4,14.39,15
trace00000009,span00000009,,2025-01-20T10:00:04+00:00,api,/order-service,inventory-service,/reservations,4.99,4.93,18
trace00000010,span00000010,,2025-01-20T10:00:04+00:00,inventory-service,,database,/query,16.45,16.53,18
trace00000011,span00000011,,2025-01-20T10:00:05+00:00,api,/order-service,inventory-service,/reservations,4.89,4.93,20
trace00000012,span00000012,,2025-01-20T10:00:05+00:00,inventory-service,,database,/query,14.02,14.08,20
trace00000013,span00000013,,2025-01-20T10:00:06+00:00,api,/order-service,inventory-service,/reservations,4.34,4.38,21
trace00000014,span00000014,,2025-01-20T10:00:06+00:00,inventory-service,,database,/query,14.61,14.59,21
trace00000015,span00000015,,2025-01-20T10:00:07+00:00,api,/order-service,inventory-service,/reservations,5.31,5.25,23
trace00000016,span00000016,,2025-01-20T10:00:07+00:00,inventory-service,,database,/query,16.12,16.04,23
trace00000017,span00000017,,2025-01-20T10:00:08+00:00,api,/order-service,inventory-service,/reservations,5.31,5.34,26
trace00000018,span00000018,,2025-01-20T10:00:08+00:00,inventory-service,,database,/query,14.6,14.52,26
trace00000019,span00000019,,2025-01-20T10:00:09+00:00,api,/order-service,inventory-service,/reservations,5.64,5.59,27
trace00000020,span00000020,,2025-01-20T10:00:09+00:00,inventory-service,,database,/query,14.38,14.44,27
trace00000021,span00000021,,2025-01-20T10:00:10+00:00,api,/order-service,inventory-service,/reservations,4.84,4.82,31
trace00000022,span00000022,,2025-01-20T10:00:10+00:00,inventory-service,,database,/query,16.54,16.53,31
trace00000023,span00000023,,2025-01-20T10:00:11+00:00,api,/order-service,inventory-service,/reservations,5.0,5.03,29
trace00000024,span00000024,,2025-01-20T10:00:11+00:00,inventory-service,,database,/query,13.31,13.4,29
trace00000025,span00000025,,2025-01-20T10:00:12+00:00,api,/order-service,inventory-service,/reservations,5.45,5.47,29
trace00000026,span00000026,,2025-01-20T10:00:12+00:00,inventory-service,,database,/query,13.45,13.36,29
trace00000027,span00000027,,2025-01-20T10:00:13+00:00,api,/order-service,inventory-service,/reservations,5.42,5.38,29
trace00000028,span00000028,,2025-01-20T10:00:13+00:00,inventory-service,,database,/query,15.36,15.33,29
trace00000029,span00000029,,2025-01-20T10:00:14+00:00,api,/order-service,inventory-service,/reservations,5.31,5.33,31
trace00000030,span00000030,,2025-01-20T10:00:14+00:00,inventory-service,,database,/query,16.77,16.76,31
trace00000031,span00000031,,2025-01-20T10:00:15+00:00,api,/order-service,inventory-service,/reservations,5.28,5.3,28
trace00000032,span00000032,,2025-01-20T10:00:15+00:00,inventory-service,,database,/query,17.69,17.72,28
trace00000033,span00000033,,2025-01-20T10:00:16+00:00,api,/order-service,inventory-service,/reservations,4.77,4.73,30
trace00000034,span00000034,,2025-01-20T10:00:16+00:00,inventory-service,,database,/query,12.68,12.74,30
trace00000035,span00000035,,2025-01-20T10:00:17+00:00,api,/order-service,inventory-service,/reservations,5.08,5.08,30
trace00000036,span00000036,,2025-01-20T10:00:17+00:00,inventory-service,,database,/query,11.95,11.88,30
trace00000037,span00000037,,2025-01-20T10:00:18+00:00,api,/order-service,inventory-service,/reservations,4.76,4.7,30
trace00000038,span00000038,,2025-01-20T10:00:18+00:00,inventory-service,,database,/query,13.85,13.86,30
trace00000039,span00000039,,2025-01-20T10:00:19+00:00,api,/order-service,inventory-service,/reservations,4.89,4.97,30
trace00000040,span00000040,,2025-01-20T10:00:19+00:00,inventory-service,,database,/query,15.59,15.54,30
trace00000041,span00000041,,2025-01-20T10:00:20+00:00,api,/order-service,inventory-service,/reservations,4.93,4.93,30
trace00000042,span00000042,,2025-01-20T10:00:20+00:00,inventory-service,,database,/query,12.86,12.76,30
trace00000043,span00000043,,2025-01-20T10:00:21+00:00,api,/order-service,inventory-service,/reservations,5.76,5.83,28
trace00000044,span00000044,,2025-01-20T10:00:21+00:00,inventory-service,,database,/query,12.74,12.67,28
trace00000045,span00000045,,2025-01-20T10:00:22+00:00,api,/order-service,inventory-service,/reservations,4.4,4.31,30
trace00000046,span00000046,,2025-01-20T10:00:22+00:00,inventory-service,,database,/query,18.31,18.24,30
trace00000047,span00000047,,2025-01-20T10:00:23+00:00,api,/order-service,inventory-service,/reservations,5.53,5.63,30
trace00000048,span00000048,,2025-01-20T10:00:23+00:00,inventory-service,,database,/query,13.38,13.31,30
trace00000049,span00000049,,2025-01-20T10:00:24+00:00,api,/order-service,inventory-service,/reservations,5.32,5.26,30
trace00000050,span00000050,,2025-01-20T10:00:24+00:00,inventory-service,,database,/query,15.31,15.33,30
trace00000051,span00000051,,2025-01-20T10:00:25+00:00,api,/order-service,inventory-service,/reservations,5.76,5.81,29
trace00000052,span00000052,,2025-01-20T10:00:25+00:00,inventory-service,,database,/query,16.56,16.57,29
trace00000053,span00000053,,2025-01-20T10:00:26+00:00,api,/order-service,inventory-service,/reservations,5.72,5.77,30
trace00000054,span00000054,,2025-01-20T10:00:26+00:00,inventory-service,,database,/query,15.42,15.51,30
trace00000055,span00000055,,2025-01-20T10:00:27+00:00,api,/order-service,inventory-service,/reservations,5.23,5.15,30
trace00000056,span00000056,,2025-01-20T10:00:27+00:00,inventory-service,,database,/query,15.8,15.84,30
trace00000057,span00000057,,2025-01-20T10:00:28+00:00,api,/order-service,inventory-service,/reservations,5.97,6.01,29
trace00000058,span00000058,,2025-01-20T10:00:28+00:00,inventory-service,,database,/query,13.82,13.72,29
trace00000059,span00000059,,2025-01-20T10:00:29+00:00,api,/order-service,inventory-service,/reservations,4.56,4.47,30
trace00000060,span00000060,,2025-01-20T10:00:29+00:00,inventory-service,,database,/query,13.8,13.86,30
trace00000061,span00000061,,2025-01-20T10:00:30+00:00,api,/order-service,inventory-service,/reservations,11.01,10.95,29
trace00000062,span00000062,,2025-01-20T10:00:30+00:00,inventory-service,,database,/query,15.8,15.72,29
trace00000063,span00000063,,2025-01-20T10:00:31+00:00,api,/order-service,inventory-service,/reservations,4.51,4.45,29
trace00000064,span00000064,,2025-01-20T10:00:31+00:00,inventory-service,,database,/query,13.54,13.6,29
trace00000065,span00000065,,2025-01-20T10:00:32+00:00,api,/order-service,inventory-service,/reservations,3.44,3.49,30
trace00000066,span00000066,,2025-01-20T10:00:32+00:00,inventory-service,,database,/query,17.96,18.01,30
trace00000067,span00000067,,2025-01-20T10:00:33+00:00,api,/order-service,inventory-service,/reservations,5.12,5.18,30
trace00000068,span00000068,,2025-01-20T10:00:33+00:00,inventory-service,,database,/query,14.48,14.52,30
trace00000069,span00000069,,2025-01-20T10:00:34+00:00,api,/order-service,inventory-service,/reservations,4.79,4.88,28
trace00000070,span00000070,,2025-01-20T10:00:34+00:00,inventory-service,,database,/query,15.28,15.31,28
trace00000071,span00000071,,2025-01-20T10:00:35+00:00,api,/order-service,inventory-service,/reservations,5.42,5.35,29
trace00000072,span00000072,,2025-01-20T10:00:35+00:00,inventory-service,,database,/query,17.22,17.16,29
trace00000073,span00000073,,2025-01-20T10:00:36+00:00,api,/order-service,inventory-service,/reservations,4.65,4.69,29
trace00000074,span00000074,,2025-01-20T10:00:36+00:00,inventory-service,,database,/query,17.72,17.76,29
trace00000075,span00000075,,2025-01-20T10:00:37+00:00,api,/order-service,inventory-service,/reservations,5.15,5.18,30
trace00000076,span00000076,,2025-01-20T10:00:37+00:00,inventory-service,,database,/query,14.89,14.83,30
trace00000077,span00000077,,2025-01-20T10:00:38+00:00,api,/order-service,inventory-service,/reservations,5.13,5.21,30
trace00000078,span00000078,,2025-01-20T10:00:38+00:00,inventory-service,,database,/query,13.84,13.79,30
trace00000079,span00000079,,2025-01-20T10:00:39+00:00,api,/order-service,inventory-service,/reservations,5.78,5.77,29
trace00000080,span00000080,,2025-01-20T10:00:39+00:00,inventory-service,,database,/query,14.63,14.55,29
trace00000081,span00000081,,2025-01-20T10:00:40+00:00,api,/order-service,inventory-service,/reservations,5.3,5.34,29
trace00000082,span00000082,,2025-01-20T10:00:40+00:00,inventory-service,,database,/query,16.0,15.98,29
trace00000083,span00000083,,2025-01-20T10:00:41+00:00,api,/order-service,inventory-service,/reservations,4.59,4.65,29
trace00000084,span00000084,,2025-01-20T10:00:41+00:00,inventory-service,,database,/query,13.12,13.12,29
trace00000085,span00000085,,2025-01-20T10:00:42+00:00,api,/order-service,inventory-service,/reservations,4.64,4.56,30
trace00000086,span00000086,,2025-01-20T10:00:42+00:00,inventory-service,,database,/query,11.31,11.26,30
trace00000087,span00000087,,2025-01-20T10:00:43+00:00,api,/order-service,inventory-service,/reservations,5.02,5.05,29
trace00000088,span00000088,,2025-01-20T10:00:43+00:00,inventory-service,,database,/query,12.53,12.54,29
trace00000089,span00000089,,2025-01-20T10:00:44+00:00,api,/order-service,inventory-service,/reservations,6.1,6.18,31
trace00000090,span00000090,,2025-01-20T10:00:44+00:00,inventory-service,,database,/query,13.51,13.53,31
trace00000091,span00000091,,2025-01-20T10:00:45+00:00,api,/order-service,inventory-service,/reservations,5.45,5.4,31
trace00000092,span00000092,,2025-01-20T10:00:45+00:00,inventory-service,,database,/query,15.85,15.86,31
trace00000093,span00000093,,2025-01-20T10:00:46+00:00,api,/order-service,inventory-service,/reservations,4.8,4.89,29
trace00000094,span00000094,,2025-01-20T10:00:46+00:00,inventory-service,,database,/query,14.02,13.93,29
trace00000095,span00000095,,2025-01-20T10:00:47+00:00,api,/order-service,inventory-service,/reservations,5.69,5.77,29
trace00000096,span00000096,,2025-01-20T10:00:47+00:00,inventory-service,,database,/query,14.73,14.65,29
trace00000097,span00000097,,2025-01-20T10:00:48+00:00,api,/order-service,inventory-service,/reservations,3.51,3.51,29
trace00000098,span00000098,,2025-01-20T10:00:48+00:00,inventory-service,,database,/query,14.28,14.25,29
trace00000099,span00000099,,2025-01-20T10:00:49+00:00,api,/order-service,inventory-service,/reservations,6.24,6.23,29
trace00000100,span00000100,,2025-01-20T10:00:49+00:00,inventory-service,,database,/query,15.62,15.52,29
trace00000101,span00000101,,2025-01-20T10:00:50+00:00,api,/order-service,inventory-service,/reservations,4.93,4.89,30
trace00000102,span00000102,,2025-01-20T10:00:50+00:00,inventory-service,,database,/query,15.0,14.94,30
trace00000103,span00000103,,2025-01-20T10:00:51+00:00,api,/order-service,inventory-service,/reservations,4.65,4.62,30
trace00000104,span00000104,,2025-01-20T10:00:51+00:00,inventory-service,,database,/query,13.45,13.5,30
trace00000105,span00000105,,2025-01-20T10:00:52+00:00,api,/order-service,inventory-service,/reservations,3.78,3.79,29
trace00000106,span00000106,,2025-01-20T10:00:52+00:00,inventory-service,,database,/query,15.73,15.72,29
trace00000107,span00000107,,2025-01-20T10:00:53+00:00,api,/order-service,inventory-service,/reservations,4.62,4.65,29
trace00000108,span00000108,,2025-01-20T10:00:53+00:00,inventory-service,,database,/query,15.02,14.96,29
trace00000109,span00000109,,2025-01-20T10:00:54+00:00,api,/order-service,inventory-service,/reservations,4.55,4.63,30
trace00000110,span00000110,,2025-01-20T10:00:54+00:00,inventory-service,,database,/query,14.75,14.81,30
trace00000111,span00000111,,2025-01-20T10:00:55+00:00,api,/order-service,inventory-service,/reservations,5.48,5.52,29
trace00000112,span00000112,,2025-01-20T10:00:55+00:00,inventory-service,,database,/query,16.62,16.65,29
trace00000113,span00000113,,2025-01-20T10:00:56+00:00,api,/order-service,inventory-service,/reservations,5.26,5.3,29
trace00000114,span00000114,,2025-01-20T10:00:56+00:00,inventory-service,,database,/query,12.41,12.45,29
trace00000115,span00000115,,2025-01-20T10:00:57+00:00,api,/order-service,inventory-service,/reservations,4.77,4.79,28
trace00000116,span00000116,,2025-01-20T10:00:57+00:00,inventory-service,,database,/query,15.11,15.04,28
trace00000117,span00000117,,2025-01-20T10:00:58+00:00,api,/order-service,inventory-service,/reservations,4.08,4.16,32
trace00000118,span00000118,,2025-01-20T10:00:58+00:00,inventory-service,,database,/query,14.77,14.73,32
trace00000119,span00000119,,2025-01-20T10:00:59+00:00,api,/order-service,inventory-service,/reservations,5.08,5.13,31
trace00000120,span00000120,,2025-01-20T10:00:59+00:00,inventory-service,,database,/query,16.81,16.82,31
trace00000121,span00000121,,2025-01-20T10:01:00+00:00,api,/order-service,inventory-service,/reservations,5.29,5.34,30
trace00000122,span00000122,,2025-01-20T10:01:00+00:00,inventory-service,,database,/query,15.16,15.21,30
trace00000123,span00000123,,2025-01-20T10:01:01+00:00,api,/order-service,inventory-service,/reservations,4.04,4.13,28
trace00000124,span00000124,,2025-01-20T10:01:01+00:00,inventory-service,,database,/query,15.68,15.72,28
trace00000125,span00000125,,2025-01-20T10:01:02+00:00,api,/order-service,inventory-service,/reservations,4.46,4.51,30
trace00000126,span00000126,,2025-01-20T10:01:02+00:00,inventory-service,,database,/query,14.62,14.53,30
trace00000127,span00000127,,2025-01-20T10:01:03+00:00,api,/order-service,inventory-service,/reservations,4.76,4.72,29
trace00000128,span00000128,,2025-01-20T10:01:03+00:00,inventory-service,,database,/query,14.66,14.68,29
trace00000129,span00000129,,2025-01-20T10:01:04+00:00,api,/order-service,inventory-service,/reservations,4.16,4.12,30
trace00000130,span00000130,,2025-01-20T10:01:04+00:00,inventory-service,,database,/query,14.13,14.15,30
trace00000131,span00000131,,2025-01-20T10:01:05+00:00,api,/order-service,inventory-service,/reservations,4.44,4.51,30
trace00000132,span00000132,,2025-01-20T10:01:05+00:00,inventory-service,,database,/query,16.21,16.25,30
trace00000133,span00000133,,2025-01-20T10:01:06+00:00,api,/order-service,inventory-service,/reservations,5.22,5.16,29
trace00000134,span00000134,,2025-01-20T10:01:06+00:00,inventory-service,,database,/query,15.95,16.02,29
trace00000135,span00000135,,2025-01-20T10:01:07+00:00,api,/order-service,inventory-service,/reservations,5.15,5.21,29
trace00000136,span00000136,,2025-01-20T10:01:07+00:00,inventory-service,,database,/query,13.62,13.53,29
trace00000137,span00000137,,2025-01-20T10:01:08+00:00,api,/order-service,inventory-service,/reservations,4.71,4.74,29
trace00000138,span00000138,,2025-01-20T10:01:08+00:00,inventory-service,,database,/query,15.08,15.05,29
trace00000139,span00000139,,2025-01-20T10:01:09+00:00,api,/order-service,inventory-service,/reservations,4.95,4.93,29
trace00000140,span00000140,,2025-01-20T10:01:09+00:00,inventory-service,,database,/query,14.34,14.32,29
trace00000141,span00000141,,2025-01-20T10:01:10+00:00,api,/order-service,inventory-service,/reservations,5.29,5.27,28
trace00000142,span00000142,,2025-01-20T10:01:10+00:00,inventory-service,,database,/query,15.16,15.14,28
trace00000143,span00000143,,2025-01-20T10:01:11+00:00,api,/order-service,inventory-service,/reservations,4.48,4.56,32
trace00000144,span00000144,,2025-01-20T10:01:11+00:00,inventory-service,,database,/query,15.7,15.74,32
trace00000145,span00000145,,2025-01-20T10:01:12+00:00,api,/order-service,inventory-service,/reservations,4.56,4.6,34
trace00000146,span00000146,,2025-01-20T10:01:12+00:00,inventory-service,,database,/query,20.83,20.9,34
trace00000147,span00000147,,2025-01-20T10:01:13+00:00,api,/order-service,inventory-service,/reservations,5.32,5.37,36
trace00000148,span00000148,,2025-01-20T10:01:13+00:00,inventory-service,,database,/query,12.39,12.39,36
trace00000149,span00000149,,2025-01-20T10:01:14+00:00,api,/order-service,inventory-service,/reservations,4.0,4.07,38
trace00000150,span00000150,,2025-01-20T10:01:14+00:00,inventory-service,,database,/query,16.48,16.44,38
trace00000151,span00000151,,2025-01-20T10:01:15+00:00,api,/order-service,inventory-service,/reservations,3.88,3.81,38
trace00000152,span00000152,,2025-01-20T10:01:15+00:00,inventory-service,,database,/query,14.52,14.49,38
trace00000153,span00000153,,2025-01-20T10:01:16+00:00,api,/order-service,inventory-service,/reservations,4.6,4.68,41
trace00000154,span00000154,,2025-01-20T10:01:16+00:00,inventory-service,,database,/query,16.21,16.22,41
trace00000155,span00000155,,2025-01-20T10:01:17+00:00,api,/order-service,inventory-service,/reservations,4.85,4.94,44
trace00000156,span00000156,,2025-01-20T10:01:17+00:00,inventory-service,,database,/query,15.46,15.37,44
trace00000157,span00000157,,2025-01-20T10:01:18+00:00,api,/order-service,inventory-service,/reservations,4.53,4.54,46
trace00000158,span00000158,,2025-01-20T10:01:18+00:00,inventory-service,,database,/query,16.93,16.91,46
trace00000159,span00000159,,2025-01-20T10:01:19+00:00,api,/order-service,inventory-service,/reservations,4.96,4.87,48
trace00000160,span00000160,,2025-01-20T10:01:19+00:00,inventory-service,,database,/query,13.5,13.48,48
trace00000161,span00000161,,2025-01-20T10:01:20+00:00,api,/order-service,inventory-service,/reservations,4.64,4.59,49
trace00000162,span00000162,,2025-01-20T10:01:20+00:00,inventory-service,,database,/query,17.16,17.24,49
trace00000163,span00000163,,2025-01-20T10:01:21+00:00,api,/order-service,inventory-service,/reservations,4.57,4.49,49
trace00000164,span00000164,,2025-01-20T10:01:21+00:00,inventory-service,,database,/query,17.38,17.33,49
trace00000165,span00000165,,2025-01-20T10:01:22+00:00,api,/order-service,inventory-service,/reservations,5.08,5.08,50
trace00000166,span00000166,,2025-01-20T10:01:22+00:00,inventory-service,,database,/query,15.08,15.14,50
trace00000167,span00000167,,2025-01-20T10:01:23+00:00,api,/order-service,inventory-service,/reservations,4.96,4.94,49
trace00000168,span00000168,,2025-01-20T10:01:23+00:00,inventory-service,,database,/query,15.41,15.43,49
trace00000169,span00000169,,2025-01-20T10:01:24+00:00,api,/order-service,inventory-service,/reservations,4.36,4.29,49
trace00000170,span00000170,,2025-01-20T10:01:24+00:00,inventory-service,,database,/query,15.87,15.86,49
trace00000171,span00000171,,2025-01-20T10:01:25+00:00,api,/order-service,inventory-service,/reservations,5.1,5.2,50
trace00000172,span00000172,,2025-01-20T10:01:25+00:00,inventory-service,,database,/query,15.16,15.15,50
trace00000173,span00000173,,2025-01-20T10:01:26+00:00,api,/order-service,inventory-service,/reservations,5.45,5.42,50
trace00000174,span00000174,,2025-01-20T10:01:26+00:00,inventory-service,,database,/query,13.92,13.98,50
trace00000175,span00000175,,2025-01-20T10:01:27+00:00,api,/order-service,inventory-service,/reservations,5.51,5.6,51
trace00000176,span00000176,,2025-01-20T10:01:27+00:00,inventory-service,,database,/query,42.12,42.14,51
trace00000177,span00000177,,2025-01-20T10:01:28+00:00,api,/order-service,inventory-service,/reservations,5.15,5.08,49
trace00000178,span00000178,,2025-01-20T10:01:28+00:00,inventory-service,,database,/query,13.97,13.91,49
trace00000179,span00000179,,2025-01-20T10:01:29+00:00,api,/order-service,inventory-service,/reservations,4.73,4.63,50
trace00000180,span00000180,,2025-01-20T10:01:29+00:00,inventory-service,,database,/query,13.16,13.16,50
trace00000181,span00000181,,2025-01-20T10:01:30+00:00,api,/order-service,inventory-service,/reservations,6.0,6.08,48
trace00000182,span00000182,,2025-01-20T10:01:30+00:00,inventory-service,,database,/query,18.3,18.21,48
trace00000183,span00000183,,2025-01-20T10:01:31+00:00,api,/order-service,inventory-service,/reservations,5.15,5.14,52
trace00000184,span00000184,,2025-01-20T10:01:31+00:00,inventory-service,,database,/query,13.54,13.56,52
trace00000185,span00000185,,2025-01-20T10:01:32+00:00,api,/order-service,inventory-service,/reservations,5.12,5.09,49
trace00000186,span00000186,,2025-01-20T10:01:32+00:00,inventory-service,,database,/query,14.88,14.94,49
trace00000187,span00000187,,2025-01-20T10:01:33+00:00,api,/order-service,inventory-service,/reservations,4.82,4.85,49
trace00000188,span00000188,,2025-01-20T10:01:33+00:00,inventory-service,,database,/query,16.24,16.18,49
trace00000189,span00000189,,2025-01-20T10:01:34+00:00,api,/order-service,inventory-service,/reservations,5.19,5.11,48
trace00000190,span00000190,,2025-01-20T10:01:34+00:00,inventory-service,,database,/query,14.82,14.8,48
trace00000191,span00000191,,2025-01-20T10:01:35+00:00,api,/order-service,inventory-service,/reservations,5.71,5.67,50
trace00000192,span00000192,,2025-01-20T10:01:35+00:00,inventory-service,,database,/query,14.54,14.51,50
trace00000193,span00000193,,2025-01-20T10:01:36+00:00,api,/order-service,inventory-service,/reservations,4.35,4.41,51
trace00000194,span00000194,,2025-01-20T10:01:36+00:00,inventory-service,,database,/query,15.69,15.6,51
trace00000195,span00000195,,2025-01-20T10:01:37+00:00,api,/order-service,inventory-service,/reservations,5.82,5.79,50
trace00000196,span00000196,,2025-01-20T10:01:37+00:00,inventory-service,,database,/query,15.48,15.45,50
trace00000197,span00000197,,2025-01-20T10:01:38+00:00,api,/order-service,inventory-service,/reservations,5.09,5.12,52
trace00000198,span00000198,,2025-01-20T10:01:38+00:00,inventory-service,,database,/query,12.37,12.47,52
trace00000199,span00000199,,2025-01-20T10:01:39+00:00,api,/order-service,inventory-service,/reservations,4.97,4.93,48
trace00000200,span00000200,,2025-01-20T10:01:39+00:00,inventory-service,,database,/query,16.42,16.34,48
trace00000201,span00000201,,2025-01-20T10:01:40+00:00,api,/order-service,inventory-service,/reservations,4.53,4.61,50
trace00000202,span00000202,,2025-01-20T10:01:40+00:00,inventory-service,,database,/query,16.72,16.65,50
trace00000203,span00000203,,2025-01-20T10:01:41+00:00,api,/order-service,inventory-service,/reservations,5.76,5.77,49
trace00000204,span00000204,,2025-01-20T10:01:41+00:00,inventory-service,,database,/query,11.82,11.77,49
trace00000205,span00000205,,2025-01-20T10:01:42+00:00,api,/order-service,inventory-service,/reservations,4.66,4.7,48
trace00000206,span00000206,,2025-01-20T10:01:42+00:00,inventory-service,,database,/query,12.02,12.02,48
trace00000207,span00000207,,2025-01-20T10:01:43+00:00,api,/order-service,inventory-service,/reservations,5.14,5.05,49
trace00000208,span00000208,,2025-01-20T10:01:43+00:00,inventory-service,,database,/query,14.95,14.87,49
trace00000209,span00000209,,2025-01-20T10:01:44+00:00,api,/order-service,inventory-service,/reservations,4.18,4.1,50
trace00000210,span00000210,,2025-01-20T10:01:44+00:00,inventory-service,,database,/query,15.77,15.72,50
trace00000211,span00000211,,2025-01-20T10:01:45+00:00,api,/order-service,inventory-service,/reservations,4.25,4.22,48
trace00000212,span00000212,,2025-01-20T10:01:45+00:00,inventory-service,,database,/query,13.1,13.13,48
trace00000213,span00000213,,2025-01-20T10:01:46+00:00,api,/order-service,inventory-service,/reservations,5.3,5.21,50
trace00000214,span00000214,,2025-01-20T10:01:46+00:00,inventory-service,,database,/query,14.75,14.69,50
trace00000215,span00000215,,2025-01-20T10:01:47+00:00,api,/order-service,inventory-service,/reservations,4.07,4.03,51
trace00000216,span00000216,,2025-01-20T10:01:47+00:00,inventory-service,,database,/query,13.99,13.91,51
trace00000217,span00000217,,2025-01-20T10:01:48+00:00,api,/order-service,inventory-service,/reservations,4.89,4.9,48
trace00000218,span00000218,,2025-01-20T10:01:48+00:00,inventory-service,,database,/query,14.64,14.74,48
trace00000219,span00000219,,2025-01-20T10:01:49+00:00,api,/order-service,inventory-service,/reservations,5.06,5.12,48
trace00000220,span00000220,,2025-01-20T10:01:49+00:00,inventory-service,,database,/query,43.87,43.85,48
trace00000221,span00000221,,2025-01-20T10:01:50+00:00,api,/order-service,inventory-service,/reservations,4.78,4.85,47
trace00000222,span00000222,,2025-01-20T10:01:50+00:00,inventory-service,,database,/query,14.64,14.68,47
trace00000223,span00000223,,2025-01-20T10:01:51+00:00,api,/order-service,inventory-service,/reservations,4.56,4.51,49
trace00000224,span00000224,,2025-01-20T10:01:51+00:00,inventory-service,,database,/query,14.17,14.23,49
trace00000225,span00000225,,2025-01-20T10:01:52+00:00,api,/order-service,inventory-service,/reservations,5.44,5.39,52
trace00000226,span00000226,,2025-01-20T10:01:52+00:00,inventory-service,,database,/query,15.31,15.23,52
trace00000227,span00000227,,2025-01-20T10:01:53+00:00,api,/order-service,inventory-service,/reservations,5.24,5.17,51
trace00000228,span00000228,,2025-01-20T10:01:53+00:00,inventory-service,,database,/query,14.34,14.33,51
trace00000229,span00000229,,2025-01-20T10:01:54+00:00,api,/order-service,inventory-service,/reservations,4.02,4.06,51
trace00000230,span00000230,,2025-01-20T10:01:54+00:00,inventory-service,,database,/query,14.69,14.74,51
trace00000231,span00000231,,2025-01-20T10:01:55+00:00,api,/order-service,inventory-service,/reservations,5.32,5.32,50
trace00000232,span00000232,,2025-01-20T10:01:55+00:00,inventory-service,,database,/query,13.95,14.03,50
trace00000233,span00000233,,2025-01-20T10:01:56+00:00,api,/order-service,inventory-service,/reservations,4.18,4.08,51
trace00000234,span00000234,,2025-01-20T10:01:56+00:00,inventory-service,,database,/query,14.13,14.14,51
trace00000235,span00000235,,2025-01-20T10:01:57+00:00,api,/order-service,inventory-service,/reservations,4.6,4.51,49
trace00000236,span00000236,,2025-01-20T10:01:57+00:00,inventory-service,,database,/query,14.03,13.93,49
trace00000237,span00000237,,2025-01-20T10:01:58+00:00,api,/order-service,inventory-service,/reservations,4.56,4.52,51
trace00000238,span00000238,,2025-01-20T10:01:58+00:00,inventory-service,,database,/query,14.18,14.24,51
trace00000239,span00000239,,2025-01-20T10:01:59+00:00,api,/order-service,inventory-service,/reservations,4.93,4.98,50
trace00000240,span00000240,,2025-01-20T10:01:59+00:00,inventory-service,,database,/query,17.26,17.29,50
trace00000241,span00000241,,2025-01-20T10:02:00+00:00,api,/order-service,inventory-service,/reservations,4.93,4.95,47
trace00000242,span00000242,,2025-01-20T10:02:00+00:00,inventory-service,,database,/query,14.67,14.74,47
trace00000243,span00000243,,2025-01-20T10:02:01+00:00,api,/order-service,inventory-service,/reservations,5.1,5.15,51
trace00000244,span00000244,,2025-01-20T10:02:01+00:00,inventory-service,,database,/query,15.57,15.63,51
trace00000245,span00000245,,2025-01-20T10:02:02+00:00,api,/order-service,inventory-service,/reservations,5.47,5.51,50
trace00000246,span00000246,,2025-01-20T10:02:02+00:00,inventory-service,,database,/query,14.49,14.58,50
trace00000247,span00000247,,2025-01-20T10:02:03+00:00,api,/order-service,inventory-service,/reservations,5.53,5.49,53
trace00000248,span00000248,,2025-01-20T10:02:03+00:00,inventory-service,,database,/query,15.87,15.78,53
trace00000249,span00000249,,2025-01-20T10:02:04+00:00,api,/order-service,inventory-service,/reservations,5.69,5.64,49
trace00000250,span00000250,,2025-01-20T10:02:04+00:00,inventory-service,,database,/query,14.84,14.83,49
trace00000251,span00000251,,2025-01-20T10:02:05+00:00,api,/order-service,inventory-service,/reservations,4.7,4.7,50
trace00000252,span00000252,,2025-01-20T10:02:05+00:00,inventory-service,,database,/query,16.27,16.22,50
trace00000253,span00000253,,2025-01-20T10:02:06+00:00,api,/order-service,inventory-service,/reservations,4.42,4.51,51
trace00000254,span00000254,,2025-01-20T10:02:06+00:00,inventory-service,,database,/query,15.11,15.19,51
trace00000255,span00000255,,2025-01-20T10:02:07+00:00,api,/order-service,inventory-service,/reservations,5.04,5.0,49
trace00000256,span00000256,,2025-01-20T10:02:07+00:00,inventory-service,,database,/query,15.24,15.28,49
trace00000257,span00000257,,2025-01-20T10:02:08+00:00,api,/order-service,inventory-service,/reservations,4.05,4.04,50
trace00000258,span00000258,,2025-01-20T10:02:08+00:00,inventory-service,,database,/query,18.34,18.39,50
trace00000259,span00000259,,2025-01-20T10:02:09+00:00,api,/order-service,inventory-service,/reservations,5.19,5.12,50
trace00000260,span00000260,,2025-01-20T10:02:09+00:00,inventory-service,,database,/query,14.43,14.43,50
trace00000261,span00000261,,2025-01-20T10:02:10+00:00,api,/order-service,inventory-service,/reservations,5.21,5.28,49
trace00000262,span00000262,,2025-01-20T10:02:10+00:00,inventory-service,,database,/query,11.56,11.66,49
trace00000263,span00000263,,2025-01-20T10:02:11+00:00,api,/order-service,inventory-service,/reservations,5.44,5.48,49
trace00000264,span00000264,,2025-01-20T10:02:11+00:00,inventory-service,,database,/query,16.61,16.71,49
trace00000265,span00000265,,2025-01-20T10:02:12+00:00,api,/order-service,inventory-service,/reservations,5.76,5.85,50
trace00000266,span00000266,,2025-01-20T10:02:12+00:00,inventory-service,,database,/query,16.31,16.34,50
trace00000267,span00000267,,2025-01-20T10:02:13+00:00,api,/order-service,inventory-service,/reservations,4.54,4.62,51
trace00000268,span00000268,,2025-01-20T10:02:13+00:00,inventory-service,,database,/query,14.26,14.29,51
trace00000269,span00000269,,2025-01-20T10:02:14+00:00,api,/order-service,inventory-service,/reservations,4.88,4.95,50
trace00000270,span00000270,,2025-01-20T10:02:14+00:00,inventory-service,,database,/query,18.81,18.9,50
trace00000271,span00000271,,2025-01-20T10:02:15+00:00,api,/order-service,inventory-service,/reservations,4.93,4.87,48
trace00000272,span00000272,,2025-01-20T10:02:15+00:00,inventory-service,,database,/query,14.01,14.09,48
trace00000273,span00000273,,2025-01-20T10:02:16+00:00,api,/order-service,inventory-service,/reservations,4.76,4.84,50
trace00000274,span00000274,,2025-01-20T10:02:16+00:00,inventory-service,,database,/query,15.19,15.16,50
trace00000275,span00000275,,2025-01-20T10:02:17+00:00,api,/order-service,inventory-service,/reservations,5.25,5.17,48
trace00000276,span00000276,,2025-01-20T10:02:17+00:00,inventory-service,,database,/query,14.03,13.95,48
trace00000277,span00000277,,2025-01-20T10:02:18+00:00,api,/order-service,inventory-service,/reservations,3.97,3.89,47
trace00000278,span00000278,,2025-01-20T10:02:18+00:00,inventory-service,,database,/query,13.87,13.93,47
trace00000279,span00000279,,2025-01-20T10:02:19+00:00,api,/order-service,inventory-service,/reservations,4.87,4.86,51
trace00000280,span00000280,,2025-01-20T10:02:19+00:00,inventory-service,,database,/query,12.72,12.69,51
trace00000281,span00000281,,2025-01-20T10:02:20+00:00,api,/order-service,inventory-service,/reservations,4.78,4.86,48
trace00000282,span00000282,,2025-01-20T10:02:20+00:00,inventory-service,,database,/query,14.3,14.24,48
trace00000283,span00000283,,2025-01-20T10:02:21+00:00,api,/order-service,inventory-service,/reservations,5.3,5.2,46
trace00000284,span00000284,,2025-01-20T10:02:21+00:00,inventory-service,,database,/query,13.28,13.29,46
trace00000285,span00000285,,2025-01-20T10:02:22+00:00,api,/order-service,inventory-service,/reservations,4.46,4.56,51
trace00000286,span00000286,,2025-01-20T10:02:22+00:00,inventory-service,,database,/query,17.45,17.37,51
trace00000287,span00000287,,2025-01-20T10:02:23+00:00,api,/order-service,inventory-service,/reservations,4.83,4.73,56
trace00000288,span00000288,,2025-01-20T10:02:23+00:00,inventory-service,,database,/query,16.02,16.04,56
trace00000289,span00000289,,2025-01-20T10:02:24+00:00,api,/order-service,inventory-service,/reservations,5.28,5.22,54
trace00000290,span00000290,,2025-01-20T10:02:24+00:00,inventory-service,,database,/query,15.41,15.46,54
trace00000291,span00000291,,2025-01-20T10:02:25+00:00,api,/order-service,inventory-service,/reservations,4.5,4.44,57
trace00000292,span00000292,,2025-01-20T10:02:25+00:00,inventory-service,,database,/query,14.88,14.83,57
trace00000293,span00000293,,2025-01-20T10:02:26+00:00,api,/order-service,inventory-service,/reservations,5.21,5.22,56
trace00000294,span00000294,,2025-01-20T10:02:26+00:00,inventory-service,,database,/query,15.0,14.98,56
trace00000295,span00000295,,2025-01-20T10:02:27+00:00,api,/order-service,inventory-service,/reservations,4.75,4.68,54
trace00000296,span00000296,,2025-01-20T10:02:27+00:00,inventory-service,,database,/query,14.05,14.09,54
trace00000297,span00000297,,2025-01-20T10:02:28+00:00,api,/order-service,inventory-service,/reservations,4.87,4.86,60
trace00000298,span00000298,,2025-01-20T10:02:28+00:00,inventory-service,,database,/query,14.42,14.48,60
trace00000299,span00000299,,2025-01-20T10:02:29+00:00,api,/order-service,inventory-service,/reservations,4.87,4.88,59
trace00000300,span00000300,,2025-01-20T10:02:29+00:00,inventory-service,,database,/query,11.45,11.41,59
trace00000301,span00000301,,2025-01-20T10:02:30+00:00,api,/order-service,inventory-service,/reservations,5.4,5.41,61
trace00000302,span00000302,,2025-01-20T10:02:30+00:00,inventory-service,,database,/query,14.55,14.56,61
trace00000303,span00000303,,2025-01-20T10:02:31+00:00,api,/order-service,inventory-service,/reservations,5.62,5.61,62
trace00000304,span00000304,,2025-01-20T10:02:31+00:00,inventory-service,,database,/query,16.27,16.22,62
trace00000305,span00000305,,2025-01-20T10:02:32+00:00,api,/order-service,inventory-service,/reservations,4.95,5.02,62
trace00000306,span00000306,,2025-01-20T10:02:32+00:00,inventory-service,,database,/query,14.02,13.97,62
trace00000307,span00000307,,2025-01-20T10:02:33+00:00,api,/order-service,inventory-service,/reservations,5.23,5.26,58
trace00000308,span00000308,,2025-01-20T10:02:33+00:00,inventory-service,,database,/query,14.51,14.43,58
trace00000309,span00000309,,2025-01-20T10:02:34+00:00,api,/order-service,inventory-service,/reservations,5.94,5.92,59
trace00000310,span00000310,,2025-01-20T10:02:34+00:00,inventory-service,,database,/query,15.86,15.85,59
trace00000311,span00000311,,2025-01-20T10:02:35+00:00,api,/order-service,inventory-service,/reservations,4.58,4.49,60
trace00000312,span00000312,,2025-01-20T10:02:35+00:00,inventory-service,,database,/query,14.88,14.97,60
trace00000313,span00000313,,2025-01-20T10:02:36+00:00,api,/order-service,inventory-service,/reservations,4.68,4.78,61
trace00000314,span00000314,,2025-01-20T10:02:36+00:00,inventory-service,,database,/query,14.28,14.25,61
trace00000315,span00000315,,2025-01-20T10:02:37+00:00,api,/order-service,inventory-service,/reservations,4.5,4.56,55
trace00000316,span00000316,,2025-01-20T10:02:37+00:00,inventory-service,,database,/query,16.68,16.65,55
trace00000317,span00000317,,2025-01-20T10:02:38+00:00,api,/order-service,inventory-service,/reservations,5.0,5.0,61
trace00000318,span00000318,,2025-01-20T10:02:38+00:00,inventory-service,,database,/query,16.33,16.39,61
trace00000319,span00000319,,2025-01-20T10:02:39+00:00,api,/order-service,inventory-service,/reservations,5.92,6.01,61
trace00000320,span00000320,,2025-01-20T10:02:39+00:00,inventory-service,,database,/query,17.9,17.87,61
trace00000321,span00000321,,2025-01-20T10:02:40+00:00,api,/order-service,inventory-service,/reservations,5.92,5.91,58
trace00000322,span00000322,,2025-01-20T10:02:40+00:00,inventory-service,,database,/query,13.91,13.97,58
trace00000323,span00000323,,2025-01-20T10:02:41+00:00,api,/order-service,inventory-service,/reservations,5.47,5.46,61
trace00000324,span00000324,,2025-01-20T10:02:41+00:00,inventory-service,,database,/query,37.48,37.57,61
trace00000325,span00000325,,2025-01-20T10:02:42+00:00,api,/order-service,inventory-service,/reservations,5.34,5.28,58
trace00000326,span00000326,,2025-01-20T10:02:42+00:00,inventory-service,,database,/query,14.74,14.71,58
trace00000327,span00000327,,2025-01-20T10:02:43+00:00,api,/order-service,inventory-service,/reservations,4.48,4.49,57
trace00000328,span00000328,,2025-01-20T10:02:43+00:00,inventory-service,,database,/query,13.18,13.28,57
trace00000329,span00000329,,2025-01-20T10:02:44+00:00,api,/order-service,inventory-service,/reservations,4.24,4.26,62
trace00000330,span00000330,,2025-01-20T10:02:44+00:00,inventory-service,,database,/query,12.92,12.88,62
trace00000331,span00000331,,2025-01-20T10:02:45+00:00,api,/order-service,inventory-service,/reservations,5.29,5.27,58
trace00000332,span00000332,,2025-01-20T10:02:45+00:00,inventory-service,,database,/query,13.29,13.23,58
trace00000333,span00000333,,2025-01-20T10:02:46+00:00,api,/order-service,inventory-service,/reservations,4.93,4.9,62
trace00000334,span00000334,,2025-01-20T10:02:46+00:00,inventory-service,,database,/query,17.91,17.85,62
trace00000335,span00000335,,2025-01-20T10:02:47+00:00,api,/order-service,inventory-service,/reservations,4.29,4.31,58
trace00000336,span00000336,,2025-01-20T10:02:47+00:00,inventory-service,,database,/query,17.79,17.71,58
trace00000337,span00000337,,2025-01-20T10:02:48+00:00,api,/order-service,inventory-service,/reservations,5.35,5.41,59
trace00000338,span00000338,,2025-01-20T10:02:48+00:00,inventory-service,,database,/query,13.54,13.51,59
trace00000339,span00000339,,2025-01-20T10:02:49+00:00,api,/order-service,inventory-service,/reservations,4.29,4.37,61
trace00000340,span00000340,,2025-01-20T10:02:49+00:00,inventory-service,,database,/query,18.26,18.24,61
trace00000341,span00000341,,2025-01-20T10:02:50+00:00,api,/order-service,inventory-service,/reservations,3.5,3.55,59
trace00000342,span00000342,,2025-01-20T10:02:50+00:00,inventory-service,,database,/query,16.26,16.18,59
trace00000343,span00000343,,2025-01-20T10:02:51+00:00,api,/order-service,inventory-service,/reservations,5.24,5.24,60
trace00000344,span00000344,,2025-01-20T10:02:51+00:00,inventory-service,,database,/query,13.96,14.02,60
trace00000345,span00000345,,2025-01-20T10:02:52+00:00,api,/order-service,inventory-service,/reservations,4.36,4.32,63
trace00000346,span00000346,,2025-01-20T10:02:52+00:00,inventory-service,,database,/query,16.34,16.38,63
trace00000347,span00000347,,2025-01-20T10:02:53+00:00,api,/order-service,inventory-service,/reservations,4.67,4.73,58
trace00000348,span00000348,,2025-01-20T10:02:53+00:00,inventory-service,,database,/query,13.52,13.45,58
trace00000349,span00000349,,2025-01-20T10:02:54+00:00,api,/order-service,inventory-service,/reservations,5.02,4.99,62
trace00000350,span00000350,,2025-01-20T10:02:54+00:00,inventory-service,,database,/query,12.99,13.01,62
trace00000351,span00000351,,2025-01-20T10:02:55+00:00,api,/order-service,inventory-service,/reservations,4.7,4.62,63
trace00000352,span00000352,,2025-01-20T10:02:55+00:00,inventory-service,,database,/query,15.9,15.9,63
trace00000353,span00000353,,2025-01-20T10:02:56+00:00,api,/order-service,inventory-service,/reservations,5.13,5.22,58
trace00000354,span00000354,,2025-01-20T10:02:56+00:00,inventory-service,,database,/query,15.26,15.18,58
trace00000355,span00000355,,2025-01-20T10:02:57+00:00,api,/order-service,inventory-service,/reservations,4.42,4.38,61
trace00000356,span00000356,,2025-01-20T10:02:57+00:00,inventory-service,,database,/query,13.95,14.02,61
trace00000357,span00000357,,2025-01-20T10:02:58+00:00,api,/order-service,inventory-service,/reservations,5.03,5.12,59
trace00000358,span00000358,,2025-01-20T10:02:58+00:00,inventory-service,,database,/query,18.96,19.0,59
trace00000359,span00000359,,2025-01-20T10:02:59+00:00,api,/order-service,inventory-service,/reservations,4.04,3.95,59
trace00000360,span00000360,,2025-01-20T10:02:59+00:00,inventory-service,,database,/query,12.98,13.04,59
trace00000361,span00000361,,2025-01-20T10:03:00+00:00,api,/order-service,inventory-service,/reservations,5.55,5.52,60
trace00000362,span00000362,,2025-01-20T10:03:00+00:00,inventory-service,,database,/query,12.48,12.55,60
trace00000363,span00000363,,2025-01-20T10:03:01+00:00,api,/order-service,inventory-service,/reservations,5.4,5.42,62
trace00000364,span00000364,,2025-01-20T10:03:01+00:00,inventory-service,,database,/query,12.9,12.8,62
trace00000365,span00000365,,2025-01-20T10:03:02+00:00,api,/order-service,inventory-service,/reservations,5.37,5.41,60
trace00000366,span00000366,,2025-01-20T10:03:02+00:00,inventory-service,,database,/query,15.12,15.16,60
trace00000367,span00000367,,2025-01-20T10:03:03+00:00,api,/order-service,inventory-service,/reservations,5.33,5.29,59
trace00000368,span00000368,,2025-01-20T10:03:03+00:00,inventory-service,,database,/query,15.73,15.82,59
trace00000369,span00000369,,2025-01-20T10:03:04+00:00,api,/order-service,inventory-service,/reservations,4.95,4.93,59
trace00000370,span00000370,,2025-01-20T10:03:04+00:00,inventory-service,,database,/query,14.52,14.61,59
trace00000371,span00000371,,2025-01-20T10:03:05+00:00,api,/order-service,inventory-service,/reservations,4.24,4.18,57
trace00000372,span00000372,,2025-01-20T10:03:05+00:00,inventory-service,,database,/query,16.2,16.27,57
trace00000373,span00000373,,2025-01-20T10:03:06+00:00,api,/order-service,inventory-service,/reservations,5.22,5.14,60
trace00000374,span00000374,,2025-01-20T10:03:06+00:00,inventory-service,,database,/query,13.62,13.55,60
trace00000375,span00000375,,2025-01-20T10:03:07+00:00,api,/order-service,inventory-service,/reservations,4.79,4.73,60
trace00000376,span00000376,,2025-01-20T10:03:07+00:00,inventory-service,,database,/query,13.3,13.33,60
trace00000377,span00000377,,2025-01-20T10:03:08+00:00,api,/order-service,inventory-service,/reservations,5.27,5.32,61
trace00000378,span00000378,,2025-01-20T10:03:08+00:00,inventory-service,,database,/query,14.2,14.25,61
trace00000379,span00000379,,2025-01-20T10:03:09+00:00,api,/order-service,inventory-service,/reservations,4.97,4.97,60
trace00000380,span00000380,,2025-01-20T10:03:09+00:00,inventory-service,,database,/query,17.87,17.84,60
trace00000381,span00000381,,2025-01-20T10:03:10+00:00,api,/order-service,inventory-service,/reservations,4.8,4.87,56
trace00000382,span00000382,,2025-01-20T10:03:10+00:00,inventory-service,,database,/query,15.95,15.98,56
trace00000383,span00000383,,2025-01-20T10:03:11+00:00,api,/order-service,inventory-service,/reservations,5.28,5.38,60
trace00000384,span00000384,,2025-01-20T10:03:11+00:00,inventory-service,,database,/query,12.16,12.11,60
trace00000385,span00000385,,2025-01-20T10:03:12+00:00,api,/order-service,inventory-service,/reservations,4.24,4.16,62
trace00000386,span00000386,,2025-01-20T10:03:12+00:00,inventory-service,,database,/query,16.31,16.3,62
trace00000387,span00000387,,2025-01-20T10:03:13+00:00,api,/order-service,inventory-service,/reservations,4.27,4.31,59
trace00000388,span00000388,,2025-01-20T10:03:13+00:00,inventory-service,,database,/query,12.76,12.71,59
trace00000389,span00000389,,2025-01-20T10:03:14+00:00,api,/order-service,inventory-service,/reservations,5.11,5.07,59
trace00000390,span00000390,,2025-01-20T10:03:14+00:00,inventory-service,,database,/query,14.33,14.43,59
trace00000391,span00000391,,2025-01-20T10:03:15+00:00,api,/order-service,inventory-service,/reservations,4.83,4.84,59
trace00000392,span00000392,,2025-01-20T10:03:15+00:00,inventory-service,,database,/query,17.59,17.54,59
trace00000393,span00000393,,2025-01-20T10:03:16+00:00,api,/order-service,inventory-service,/reservations,4.71,4.8,58
trace00000394,span00000394,,2025-01-20T10:03:16+00:00,inventory-service,,database,/query,13.06,13.14,58
trace00000395,span00000395,,2025-01-20T10:03:17+00:00,api,/order-service,inventory-service,/reservations,4.71,4.76,57
trace00000396,span00000396,,2025-01-20T10:03:17+00:00,inventory-service,,database,/query,16.82,16.86,57
trace00000397,span00000397,,2025-01-20T10:03:18+00:00,api,/order-service,inventory-service,/reservations,5.68,5.67,62
trace00000398,span00000398,,2025-01-20T10:03:18+00:00,inventory-service,,database,/query,12.97,13.01,62
trace00000399,span00000399,,2025-01-20T10:03:19+00:00,api,/order-service,inventory-service,/reservations,4.63,4.64,63
trace00000400,span00000400,,2025-01-20T10:03:19+00:00,inventory-service,,database,/query,14.15,14.15,63
trace00000401,span00000401,,2025-01-20T10:03:20+00:00,api,/order-service,inventory-service,/reservations,5.86,5.84,61
trace00000402,span00000402,,2025-01-20T10:03:20+00:00,inventory-service,,database,/query,12.75,12.73,61
trace00000403,span00000403,,2025-01-20T10:03:21+00:00,api,/order-service,inventory-service,/reservations,5.1,5.16,59
trace00000404,span00000404,,2025-01-20T10:03:21+00:00,inventory-service,,database,/query,15.26,15.33,59
trace00000405,span00000405,,2025-01-20T10:03:22+00:00,api,/order-service,inventory-service,/reservations,4.78,4.72,60
trace00000406,span00000406,,2025-01-20T10:03:22+00:00,inventory-service,,database,/query,14.5,14.45,60
trace00000407,span00000407,,2025-01-20T10:03:23+00:00,api,/order-service,inventory-service,/reservations,5.28,5.2,56
trace00000408,span00000408,,2025-01-20T10:03:23+00:00,inventory-service,,database,/query,15.2,15.28,56
trace00000409,span00000409,,2025-01-20T10:03:24+00:00,api,/order-service,inventory-service,/reservations,5.75,5.8,60
trace00000410,span00000410,,2025-01-20T10:03:24+00:00,inventory-service,,database,/query,14.29,14.19,60
trace00000411,span00000411,,2025-01-20T10:03:25+00:00,api,/order-service,inventory-service,/reservations,5.48,5.5,60
trace00000412,span00000412,,2025-01-20T10:03:25+00:00,inventory-service,,database,/query,15.64,15.6,60
trace00000413,span00000413,,2025-01-20T10:03:26+00:00,api,/order-service,inventory-service,/reservations,5.33,5.4,60
trace00000414,span00000414,,2025-01-20T10:03:26+00:00,inventory-service,,database,/query,11.48,11.42,60
trace00000415,span00000415,,2025-01-20T10:03:27+00:00,api,/order-service,inventory-service,/reservations,4.87,4.87,60
trace00000416,span00000416,,2025-01-20T10:03:27+00:00,inventory-service,,database,/query,14.33,14.24,60
trace00000417,span00000417,,2025-01-20T10:03:28+00:00,api,/order-service,inventory-service,/reservations,4.39,4.31,61
trace00000418,span00000418,,2025-01-20T10:03:28+00:00,inventory-service,,database,/query,14.2,14.18,61
trace00000419,span00000419,,2025-01-20T10:03:29+00:00,api,/order-service,inventory-service,/reservations,6.04,5.98,57
trace00000420,span00000420,,2025-01-20T10:03:29+00:00,inventory-service,,database,/query,14.57,14.52,57
trace00000421,span00000421,,2025-01-20T10:03:30+00:00,api,/order-service,inventory-service,/reservations,4.91,5.0,57
trace00000422,span00000422,,2025-01-20T10:03:30+00:00,inventory-service,,database,/query,13.41,13.5,57
trace00000423,span00000423,,2025-01-20T10:03:31+00:00,api,/order-service,inventory-service,/reservations,5.6,5.53,58
trace00000424,span00000424,,2025-01-20T10:03:31+00:00,inventory-service,,database,/query,13.32,13.41,58
trace00000425,span00000425,,2025-01-20T10:03:32+00:00,api,/order-service,inventory-service,/reservations,4.2,4.24,62
trace00000426,span00000426,,2025-01-20T10:03:32+00:00,inventory-service,,database,/query,13.75,13.84,62
trace00000427,span00000427,,2025-01-20T10:03:33+00:00,api,/order-service,inventory-service,/reservations,5.09,5.19,62
trace00000428,span00000428,,2025-01-20T10:03:33+00:00,inventory-service,,database,/query,13.68,13.68,62
trace00000429,span00000429,,2025-01-20T10:03:34+00:00,api,/order-service,inventory-service,/reservations,4.72,4.66,68
trace00000430,span00000430,,2025-01-20T10:03:34+00:00,inventory-service,,database,/query,16.84,16.75,68
trace00000431,span00000431,,2025-01-20T10:03:35+00:00,api,/order-service,inventory-service,/reservations,4.55,4.46,66
trace00000432,span00000432,,2025-01-20T10:03:35+00:00,inventory-service,,database,/query,16.12,16.21,66
trace00000433,span00000433,,2025-01-20T10:03:36+00:00,api,/order-service,inventory-service,/reservations,5.1,5.01,69
trace00000434,span00000434,,2025-01-20T10:03:36+00:00,inventory-service,,database,/query,14.32,14.28,69
trace00000435,span00000435,,2025-01-20T10:03:37+00:00,api,/order-service,inventory-service,/reservations,5.19,5.23,73
trace00000436,span00000436,,2025-01-20T10:03:37+00:00,inventory-service,,database,/query,16.23,16.14,73
trace00000437,span00000437,,2025-01-20T10:03:38+00:00,api,/order-service,inventory-service,/reservations,5.0,5.04,76
trace00000438,span00000438,,2025-01-20T10:03:38+00:00,inventory-service,,database,/query,190.9,190.94,76
trace00000439,span00000439,,2025-01-20T10:03:39+00:00,api,/order-service,inventory-service,/reservations,5.5,5.49,79
trace00000440,span00000440,,2025-01-20T10:03:39+00:00,inventory-service,,database,/query,155.58,155.53,79
trace00000441,span00000441,,2025-01-20T10:03:40+00:00,api,/order-service,inventory-service,/reservations,5.3,5.22,81
trace00000442,span00000442,,2025-01-20T10:03:40+00:00,inventory-service,,database,/query,234.98,235.0,81
trace00000443,span00000443,,2025-01-20T10:03:41+00:00,api,/order-service,inventory-service,/reservations,5.4,5.43,83
trace00000444,span00000444,,2025-01-20T10:03:41+00:00,inventory-service,,database,/query,207.11,207.05,83
trace00000445,span00000445,,2025-01-20T10:03:42+00:00,api,/order-service,inventory-service,/reservations,5.32,5.35,80
trace00000446,span00000446,,2025-01-20T10:03:42+00:00,inventory-service,,database,/query,218.99,218.9,80
trace00000447,span00000447,,2025-01-20T10:03:43+00:00,api,/order-service,inventory-service,/reservations,4.77,4.71,89
trace00000448,span00000448,,2025-01-20T10:03:43+00:00,inventory-service,,database,/query,243.82,243.84,89
trace00000449,span00000449,,2025-01-20T10:03:44+00:00,api,/order-service,inventory-service,/reservations,5.28,5.32,88
trace00000450,span00000450,,2025-01-20T10:03:44+00:00,inventory-service,,database,/query,286.88,286.8,88
trace00000451,span00000451,,2025-01-20T10:03:45+00:00,api,/order-service,inventory-service,/reservations,5.95,5.96,86
trace00000452,span00000452,,2025-01-20T10:03:45+00:00,inventory-service,,database,/query,251.64,251.7,86
trace00000453,span00000453,,2025-01-20T10:03:46+00:00,api,/order-service,inventory-service,/reservations,5.08,5.0,91
trace00000454,span00000454,,2025-01-20T10:03:46+00:00,inventory-service,,database,/query,252.91,253.0,91
trace00000455,span00000455,,2025-01-20T10:03:47+00:00,api,/order-service,inventory-service,/reservations,5.17,5.18,93
trace00000456,span00000456,,2025-01-20T10:03:47+00:00,inventory-service,,database,/query,258.04,258.09,93
trace00000457,span00000457,,2025-01-20T10:03:48+00:00,api,/order-service,inventory-service,/reservations,5.52,5.52,89
trace00000458,span00000458,,2025-01-20T10:03:48+00:00,inventory-service,,database,/query,249.28,249.25,89
trace00000459,span00000459,,2025-01-20T10:03:49+00:00,api,/order-service,inventory-service,/reservations,5.37,5.42,90
trace00000460,span00000460,,2025-01-20T10:03:49+00:00,inventory-service,,database,/query,311.86,311.95,90
trace00000461,span00000461,,2025-01-20T10:03:50+00:00,api,/order-service,inventory-service,/reservations,4.09,4.07,88
trace00000462,span00000462,,2025-01-20T10:03:50+00:00,inventory-service,,database,/query,315.64,315.7,88
trace00000463,span00000463,,2025-01-20T10:03:51+00:00,api,/order-service,inventory-service,/reservations,9.42,9.47,93
trace00000464,span00000464,,2025-01-20T10:03:51+00:00,inventory-service,,database,/query,294.39,294.37,93
trace00000465,span00000465,,2025-01-20T10:03:52+00:00,api,/order-service,inventory-service,/reservations,5.0,5.08,91
trace00000466,span00000466,,2025-01-20T10:03:52+00:00,inventory-service,,database,/query,291.77,291.67,91
trace00000467,span00000467,,2025-01-20T10:03:53+00:00,api,/order-service,inventory-service,/reservations,4.49,4.49,92
trace00000468,span00000468,,2025-01-20T10:03:53+00:00,inventory-service,,database,/query,272.86,272.8,92
trace00000469,span00000469,,2025-01-20T10:03:54+00:00,api,/order-service,inventory-service,/reservations,4.84,4.94,93
trace00000470,span00000470,,2025-01-20T10:03:54+00:00,inventory-service,,database,/query,324.34,324.35,93
trace00000471,span00000471,,2025-01-20T10:03:55+00:00,api,/order-service,inventory-service,/reservations,5.42,5.38,90
trace00000472,span00000472,,2025-01-20T10:03:55+00:00,inventory-service,,database,/query,366.56,366.64,90
trace00000473,span00000473,,2025-01-20T10:03:56+00:00,api,/order-service,inventory-service,/reservations,4.04,4.02,90
trace00000474,span00000474,,2025-01-20T10:03:56+00:00,inventory-service,,database,/query,322.27,322.33,90
trace00000475,span00000475,,2025-01-20T10:03:57+00:00,api,/order-service,inventory-service,/reservations,5.17,5.17,87
trace00000476,span00000476,,2025-01-20T10:03:57+00:00,inventory-service,,database,/query,256.43,256.49,87
trace00000477,span00000477,,2025-01-20T10:03:58+00:00,api,/order-service,inventory-service,/reservations,4.66,4.56,87
trace00000478,span00000478,,2025-01-20T10:03:58+00:00,inventory-service,,database,/query,267.2,267.22,87
trace00000479,span00000479,,2025-01-20T10:03:59+00:00,api,/order-service,inventory-service,/reservations,5.82,5.83,87
trace00000480,span00000480,,2025-01-20T10:03:59+00:00,inventory-service,,database,/query,317.97,317.92,87
trace00000481,span00000481,,2025-01-20T10:04:00+00:00,api,/order-service,inventory-service,/reservations,5.44,5.52,92
trace00000482,span00000482,,2025-01-20T10:04:00+00:00,inventory-service,,database,/query,287.18,287.2,92
trace00000483,span00000483,,2025-01-20T10:04:01+00:00,api,/order-service,inventory-service,/reservations,5.23,5.17,89
trace00000484,span00000484,,2025-01-20T10:04:01+00:00,inventory-service,,database,/query,296.99,297.08,89
trace00000485,span00000485,,2025-01-20T10:04:02+00:00,api,/order-service,inventory-service,/reservations,5.29,5.25,87
trace00000486,span00000486,,2025-01-20T10:04:02+00:00,inventory-service,,database,/query,302.11,302.09,87
trace00000487,span00000487,,2025-01-20T10:04:03+00:00,api,/order-service,inventory-service,/reservations,5.89,5.97,91
trace00000488,span00000488,,2025-01-20T10:04:03+00:00,inventory-service,,database,/query,298.3,298.32,91
trace00000489,span00000489,,2025-01-20T10:04:04+00:00,api,/order-service,inventory-service,/reservations,6.17,6.23,90
trace00000490,span00000490,,2025-01-20T10:04:04+00:00,inventory-service,,database,/query,284.3,284.39,90
trace00000491,span00000491,,2025-01-20T10:04:05+00:00,api,/order-service,inventory-service,/reservations,4.84,4.76,86
trace00000492,span00000492,,2025-01-20T10:04:05+00:00,inventory-service,,database,/query,348.23,348.23,86
trace00000493,span00000493,,2025-01-20T10:04:06+00:00,api,/order-service,inventory-service,/reservations,4.77,4.87,88
trace00000494,span00000494,,2025-01-20T10:04:06+00:00,inventory-service,,database,/query,270.14,270.18,88
trace00000495,span00000495,,2025-01-20T10:04:07+00:00,api,/order-service,inventory-service,/reservations,4.62,4.58,85
trace00000496,span00000496,,2025-01-20T10:04:07+00:00,inventory-service,,database,/query,266.31,266.22,85
trace00000497,span00000497,,2025-01-20T10:04:08+00:00,api,/order-service,inventory-service,/reservations,5.02,5.05,94
trace00000498,span00000498,,2025-01-20T10:04:08+00:00,inventory-service,,database,/query,336.2,336.11,94
trace00000499,span00000499,,2025-01-20T10:04:09+00:00,api,/order-service,inventory-service,/reservations,4.7,4.76,91
trace00000500,span00000500,,2025-01-20T10:04:09+00:00,inventory-service,,database,/query,374.73,374.79,91
trace00000501,span00000501,,2025-01-20T10:04:10+00:00,api,/order-service,inventory-service,/reservations,4.52,4.42,90
trace00000502,span00000502,,2025-01-20T10:04:10+00:00,inventory-service,,database,/query,281.76,281.75,90
trace00000503,span00000503,,2025-01-20T10:04:11+00:00,api,/order-service,inventory-service,/reservations,4.22,4.25,93
trace00000504,span00000504,,2025-01-20T10:04:11+00:00,inventory-service,,database,/query,298.14,298.07,93
trace00000505,span00000505,,2025-01-20T10:04:12+00:00,api,/order-service,inventory-service,/reservations,5.24,5.14,89
trace00000506,span00000506,,2025-01-20T10:04:12+00:00,inventory-service,,database,/query,304.14,304.23,89
trace00000507,span00000507,,2025-01-20T10:04:13+00:00,api,/order-service,inventory-service,/reservations,5.01,4.98,84
trace00000508,span00000508,,2025-01-20T10:04:13+00:00,inventory-service,,database,/query,352.64,352.6,84
trace00000509,span00000509,,2025-01-20T10:04:14+00:00,api,/order-service,inventory-service,/reservations,4.57,4.62,90
trace00000510,span00000510,,2025-01-20T10:04:14+00:00,inventory-service,,database,/query,321.62,321.63,90
trace00000511,span00000511,,2025-01-20T10:04:15+00:00,api,/order-service,inventory-service,/reservations,4.29,4.23,89
trace00000512,span00000512,,2025-01-20T10:04:15+00:00,inventory-service,,database,/query,347.17,347.21,89
trace00000513,span00000513,,2025-01-20T10:04:16+00:00,api,/order-service,inventory-service,/reservations,3.74,3.82,92
trace00000514,span00000514,,2025-01-20T10:04:16+00:00,inventory-service,,database,/query,282.72,282.67,92
trace00000515,span00000515,,2025-01-20T10:04:17+00:00,api,/order-service,inventory-service,/reservations,4.8,4.84,85
trace00000516,span00000516,,2025-01-20T10:04:17+00:00,inventory-service,,database,/query,311.43,311.39,85
trace00000517,span00000517,,2025-01-20T10:04:18+00:00,api,/order-service,inventory-service,/reservations,4.34,4.39,91
trace00000518,span00000518,,2025-01-20T10:04:18+00:00,inventory-service,,database,/query,313.01,313.09,91
trace00000519,span00000519,,2025-01-20T10:04:19+00:00,api,/order-service,inventory-service,/reservations,7.4,7.38,85
trace00000520,span00000520,,2025-01-20T10:04:19+00:00,inventory-service,,database,/query,246.35,246.32,85
trace00000521,span00000521,,2025-01-20T10:04:20+00:00,api,/order-service,inventory-service,/reservations,5.17,5.19,88
trace00000522,span00000522,,2025-01-20T10:04:20+00:00,inventory-service,,database,/query,268.76,268.73,88
trace00000523,span00000523,,2025-01-20T10:04:21+00:00,api,/order-service,inventory-service,/reservations,5.56,5.59,88
trace00000524,span00000524,,2025-01-20T10:04:21+00:00,inventory-service,,database,/query,333.63,333.64,88
trace00000525,span00000525,,2025-01-20T10:04:22+00:00,api,/order-service,inventory-service,/reservations,4.89,4.8,92
trace00000526,span00000526,,2025-01-20T10:04:22+00:00,inventory-service,,database,/query,293.3,293.31,92
trace00000527,span00000527,,2025-01-20T10:04:23+00:00,api,/order-service,inventory-service,/reservations,5.81,5.88,92
trace00000528,span00000528,,2025-01-20T10:04:23+00:00,inventory-service,,database,/query,308.76,308.76,92
trace00000529,span00000529,,2025-01-20T10:04:24+00:00,api,/order-service,inventory-service,/reservations,4.69,4.72,91
trace00000530,span00000530,,2025-01-20T10:04:24+00:00,inventory-service,,database,/query,316.89,316.95,91
trace00000531,span00000531,,2025-01-20T10:04:25+00:00,api,/order-service,inventory-service,/reservations,5.15,5.05,94
trace00000532,span00000532,,2025-01-20T10:04:25+00:00,inventory-service,,database,/query,313.1,313.01,94
trace00000533,span00000533,,2025-01-20T10:04:26+00:00,api,/order-service,inventory-service,/reservations,4.81,4.74,88
trace00000534,span00000534,,2025-01-20T10:04:26+00:00,inventory-service,,database,/query,266.6,266.68,88
trace00000535,span00000535,,2025-01-20T10:04:27+00:00,api,/order-service,inventory-service,/reservations,4.68,4.66,94
trace00000536,span00000536,,2025-01-20T10:04:27+00:00,inventory-service,,database,/query,301.39,301.44,94
trace00000537,span00000537,,2025-01-20T10:04:28+00:00,api,/order-service,inventory-service,/reservations,4.98,4.93,88
trace00000538,span00000538,,2025-01-20T10:04:28+00:00,inventory-service,,database,/query,304.0,304.08,88
trace00000539,span00000539,,2025-01-20T10:04:29+00:00,api,/order-service,inventory-service,/reservations,5.03,5.04,92
trace00000540,span00000540,,2025-01-20T10:04:29+00:00,inventory-service,,database,/query,328.58,328.53,92
trace00000541,span00000541,,2025-01-20T10:04:30+00:00,api,/order-service,inventory-service,/reservations,4.6,4.68,89
trace00000542,span00000542,,2025-01-20T10:04:30+00:00,inventory-service,,database,/query,313.57,313.52,89
trace00000543,span00000543,,2025-01-20T10:04:31+00:00,api,/order-service,inventory-service,/reservations,4.63,4.65,94
trace00000544,span00000544,,2025-01-20T10:04:31+00:00,inventory-service,,database,/query,360.6,360.51,94
trace00000545,span00000545,,2025-01-20T10:04:32+00:00,api,/order-service,inventory-service,/reservations,5.6,5.52,82
trace00000546,span00000546,,2025-01-20T10:04:32+00:00,inventory-service,,database,/query,356.97,357.0,82
trace00000547,span00000547,,2025-01-20T10:04:33+00:00,api,/order-service,inventory-service,/reservations,5.53,5.62,88
trace00000548,span00000548,,2025-01-20T10:04:33+00:00,inventory-service,,database,/query,359.74,359.83,88
trace00000549,span00000549,,2025-01-20T10:04:34+00:00,api,/order-service,inventory-service,/reservations,5.72,5.79,91
trace00000550,span00000550,,2025-01-20T10:04:34+00:00,inventory-service,,database,/query,299.4,299.38,91
trace00000551,span00000551,,2025-01-20T10:04:35+00:00,api,/order-service,inventory-service,/reservations,5.1,5.11,88
trace00000552,span00000552,,2025-01-20T10:04:35+00:00,inventory-service,,database,/query,269.3,269.35,88
trace00000553,span00000553,,2025-01-20T10:04:36+00:00,api,/order-service,inventory-service,/reservations,4.31,4.33,88
trace00000554,span00000554,,2025-01-20T10:04:36+00:00,inventory-service,,database,/query,306.07,306.1,88
trace00000555,span00000555,,2025-01-20T10:04:37+00:00,api,/order-service,inventory-service,/reservations,5.56,5.57,92
trace00000556,span00000556,,2025-01-20T10:04:37+00:00,inventory-service,,database,/query,296.52,296.5,92
trace00000557,span00000557,,2025-01-20T10:04:38+00:00,api,/order-service,inventory-service,/reservations,4.49,4.58,88
trace00000558,span00000558,,2025-01-20T10:04:38+00:00,inventory-service,,database,/query,299.77,299.73,88
trace00000559,span00000559,,2025-01-20T10:04:39+00:00,api,/order-service,inventory-service,/reservations,5.48,5.48,84
trace00000560,span00000560,,2025-01-20T10:04:39+00:00,inventory-service,,database,/query,310.51,310.52,84
trace00000561,span00000561,,2025-01-20T10:04:40+00:00,api,/order-service,inventory-service,/reservations,5.44,5.44,86
trace00000562,span00000562,,2025-01-20T10:04:40+00:00,inventory-service,,database,/query,339.98,340.04,86
trace00000563,span00000563,,2025-01-20T10:04:41+00:00,api,/order-service,inventory-service,/reservations,5.13,5.21,88
trace00000564,span00000564,,2025-01-20T10:04:41+00:00,inventory-service,,database,/query,313.56,313.58,88
trace00000565,span00000565,,2025-01-20T10:04:42+00:00,api,/order-service,inventory-service,/reservations,5.18,5.13,88
trace00000566,span00000566,,2025-01-20T10:04:42+00:00,inventory-service,,database,/query,343.25,343.21,88
trace00000567,span00000567,,2025-01-20T10:04:43+00:00,api,/order-service,inventory-service,/reservations,3.74,3.82,91
trace00000568,span00000568,,2025-01-20T10:04:43+00:00,inventory-service,,database,/query,299.39,299.44,91
trace00000569,span00000569,,2025-01-20T10:04:44+00:00,api,/order-service,inventory-service,/reservations,5.33,5.39,93
trace00000570,span00000570,,2025-01-20T10:04:44+00:00,inventory-service,,database,/query,288.92,288.93,93
trace00000571,span00000571,,2025-01-20T10:04:45+00:00,api,/order-service,inventory-service,/reservations,4.6,4.63,94
trace00000572,span00000572,,2025-01-20T10:04:45+00:00,inventory-service,,database,/query,270.69,270.77,94
trace00000573,span00000573,,2025-01-20T10:04:46+00:00,api,/order-service,inventory-service,/reservations,4.53,4.45,90
trace00000574,span00000574,,2025-01-20T10:04:46+00:00,inventory-service,,database,/query,278.36,278.4,90
trace00000575,span00000575,,2025-01-20T10:04:47+00:00,api,/order-service,inventory-service,/reservations,4.49,4.54,84
trace00000576,span00000576,,2025-01-20T10:04:47+00:00,inventory-service,,database,/query,327.4,327.41,84
trace00000577,span00000577,,2025-01-20T10:04:48+00:00,api,/order-service,inventory-service,/reservations,4.63,4.64,88
trace00000578,span00000578,,2025-01-20T10:04:48+00:00,inventory-service,,database,/query,309.72,309.68,88
trace00000579,span00000579,,2025-01-20T10:04:49+00:00,api,/order-service,inventory-service,/reservations,4.12,4.13,86
trace00000580,span00000580,,2025-01-20T10:04:49+00:00,inventory-service,,database,/query,337.55,337.58,86
trace00000581,span00000581,,2025-01-20T10:04:50+00:00,api,/order-service,inventory-service,/reservations,4.98,4.98,93
trace00000582,span00000582,,2025-01-20T10:04:50+00:00,inventory-service,,database,/query,313.98,313.98,93
trace00000583,span00000583,,2025-01-20T10:04:51+00:00,api,/order-service,inventory-service,/reservations,4.13,4.05,87
trace00000584,span00000584,,2025-01-20T10:04:51+00:00,inventory-service,,database,/query,291.49,291.54,87
trace00000585,span00000585,,2025-01-20T10:04:52+00:00,api,/order-service,inventory-service,/reservations,4.15,4.19,89
trace00000586,span00000586,,2025-01-20T10:04:52+00:00,inventory-service,,database,/query,258.52,258.55,89
trace00000587,span00000587,,2025-01-20T10:04:53+00:00,api,/order-service,inventory-service,/reservations,5.14,5.2,91
trace00000588,span00000588,,2025-01-20T10:04:53+00:00,inventory-service,,database,/query,330.59,330.55,91
trace00000589,span00000589,,2025-01-20T10:04:54+00:00,api,/order-service,inventory-service,/reservations,5.06,5.1,91
trace00000590,span00000590,,2025-01-20T10:04:54+00:00,inventory-service,,database,/query,283.24,283.15,91
trace00000591,span00000591,,2025-01-20T10:04:55+00:00,api,/order-service,inventory-service,/reservations,4.85,4.93,88
trace00000592,span00000592,,2025-01-20T10:04:55+00:00,inventory-service,,database,/query,292.88,292.85,88
trace00000593,span00000593,,2025-01-20T10:04:56+00:00,api,/order-service,inventory-service,/reservations,4.32,4.25,93
trace00000594,span00000594,,2025-01-20T10:04:56+00:00,inventory-service,,database,/query,339.15,339.13,93
trace00000595,span00000595,,2025-01-20T10:04:57+00:00,api,/order-service,inventory-service,/reservations,5.44,5.5,91
trace00000596,span00000596,,2025-01-20T10:04:57+00:00,inventory-service,,database,/query,331.44,331.39,91
trace00000597,span00000597,,2025-01-20T10:04:58+00:00,api,/order-service,inventory-service,/reservations,5.92,5.96,91
trace00000598,span00000598,,2025-01-20T10:04:58+00:00,inventory-service,,database,/query,352.25,352.25,91
trace00000599,span00000599,,2025-01-20T10:04:59+00:00,api,/order-service,inventory-service,/reservations,5.32,5.28,91
trace00000600,span00000600,,2025-01-20T10:04:59+00:00,inventory-service,,database,/query,347.65,347.61,91
trace00000601,span00000601,,2025-01-20T10:05:00+00:00,api,/order-service,inventory-service,/reservations,5.24,5.15,90
trace00000602,span00000602,,2025-01-20T10:05:00+00:00,inventory-service,,database,/query,271.48,271.46,90
trace00000603,span00000603,,2025-01-20T10:05:01+00:00,api,/order-service,inventory-service,/reservations,4.98,5.06,91
trace00000604,span00000604,,2025-01-20T10:05:01+00:00,inventory-service,,database,/query,315.23,315.25,91
trace00000605,span00000605,,2025-01-20T10:05:02+00:00,api,/order-service,inventory-service,/reservations,5.5,5.44,92
trace00000606,span00000606,,2025-01-20T10:05:02+00:00,inventory-service,,database,/query,332.13,332.17,92
trace00000607,span00000607,,2025-01-20T10:05:03+00:00,api,/order-service,inventory-service,/reservations,5.74,5.82,91
trace00000608,span00000608,,2025-01-20T10:05:03+00:00,inventory-service,,database,/query,340.8,340.8,91
trace00000609,span00000609,,2025-01-20T10:05:04+00:00,api,/order-service,inventory-service,/reservations,5.47,5.38,90
trace00000610,span00000610,,2025-01-20T10:05:04+00:00,inventory-service,,database,/query,313.97,314.06,90
trace00000611,span00000611,,2025-01-20T10:05:05+00:00,api,/order-service,inventory-service,/reservations,5.28,5.33,89
trace00000612,span00000612,,2025-01-20T10:05:05+00:00,inventory-service,,database,/query,305.46,305.54,89
trace00000613,span00000613,,2025-01-20T10:05:06+00:00,api,/order-service,inventory-service,/reservations,4.95,4.9,96
trace00000614,span00000614,,2025-01-20T10:05:06+00:00,inventory-service,,database,/query,344.97,345.04,96
trace00000615,span00000615,,2025-01-20T10:05:07+00:00,api,/order-service,inventory-service,/reservations,4.68,4.65,86
trace00000616,span00000616,,2025-01-20T10:05:07+00:00,inventory-service,,database,/query,340.58,340.64,86
trace00000617,span00000617,,2025-01-20T10:05:08+00:00,api,/order-service,inventory-service,/reservations,4.98,5.01,94
trace00000618,span00000618,,2025-01-20T10:05:08+00:00,inventory-service,,database,/query,331.46,331.55,94
trace00000619,span00000619,,2025-01-20T10:05:09+00:00,api,/order-service,inventory-service,/reservations,3.91,3.85,92
trace00000620,span00000620,,2025-01-20T10:05:09+00:00,inventory-service,,database,/query,289.07,288.99,92
trace00000621,span00000621,,2025-01-20T10:05:10+00:00,api,/order-service,inventory-service,/reservations,6.22,6.3,94
trace00000622,span00000622,,2025-01-20T10:05:10+00:00,inventory-service,,database,/query,311.37,311.34,94
trace00000623,span00000623,,2025-01-20T10:05:11+00:00,api,/order-service,inventory-service,/reservations,5.28,5.21,93
trace00000624,span00000624,,2025-01-20T10:05:11+00:00,inventory-service,,database,/query,282.98,282.97,93
trace00000625,span00000625,,2025-01-20T10:05:12+00:00,api,/order-service,inventory-service,/reservations,4.77,4.83,90
trace00000626,span00000626,,2025-01-20T10:05:12+00:00,inventory-service,,database,/query,335.58,335.64,90
trace00000627,span00000627,,2025-01-20T10:05:13+00:00,api,/order-service,inventory-service,/reservations,5.18,5.09,88
trace00000628,span00000628,,2025-01-20T10:05:13+00:00,inventory-service,,database,/query,325.93,325.89,88
trace00000629,span00000629,,2025-01-20T10:05:14+00:00,api,/order-service,inventory-service,/reservations,4.82,4.89,89
trace00000630,span00000630,,2025-01-20T10:05:14+00:00,inventory-service,,database,/query,319.74,319.75,89
trace00000631,span00000631,,2025-01-20T10:05:15+00:00,api,/order-service,inventory-service,/reservations,5.32,5.39,88
trace00000632,span00000632,,2025-01-20T10:05:15+00:00,inventory-service,,database,/query,306.45,306.38,88
trace00000633,span00000633,,2025-01-20T10:05:16+00:00,api,/order-service,inventory-service,/reservations,5.63,5.6,91
trace00000634,span00000634,,2025-01-20T10:05:16+00:00,inventory-service,,database,/query,300.37,300.38,91
trace00000635,span00000635,,2025-01-20T10:05:17+00:00,api,/order-service,inventory-service,/reservations,4.38,4.33,92
trace00000636,span00000636,,2025-01-20T10:05:17+00:00,inventory-service,,database,/query,366.68,366.7,92
trace00000637,span00000637,,2025-01-20T10:05:18+00:00,api,/order-service,inventory-service,/reservations,5.71,5.68,88
trace00000638,span00000638,,2025-01-20T10:05:18+00:00,inventory-service,,database,/query,387.62,387.67,88
trace00000639,span00000639,,2025-01-20T10:05:19+00:00,api,/order-service,inventory-service,/reservations,6.21,6.24,90
trace00000640,span00000640,,2025-01-20T10:05:19+00:00,inventory-service,,database,/query,327.91,327.81,90
trace00000641,span00000641,,2025-01-20T10:05:20+00:00,api,/order-service,inventory-service,/reservations,4.19,4.12,91
trace00000642,span00000642,,2025-01-20T10:05:20+00:00,inventory-service,,database,/query,312.13,312.18,91
trace00000643,span00000643,,2025-01-20T10:05:21+00:00,api,/order-service,inventory-service,/reservations,3.92,3.93,91
trace00000644,span00000644,,2025-01-20T10:05:21+00:00,inventory-service,,database,/query,296.62,296.68,91
trace00000645,span00000645,,2025-01-20T10:05:22+00:00,api,/order-service,inventory-service,/reservations,5.19,5.16,88
trace00000646,span00000646,,2025-01-20T10:05:22+00:00,inventory-service,,database,/query,328.17,328.18,88
trace00000647,span00000647,,2025-01-20T10:05:23+00:00,api,/order-service,inventory-service,/reservations,5.51,5.58,89
trace00000648,span00000648,,2025-01-20T10:05:23+00:00,inventory-service,,database,/query,332.76,332.7,89
trace00000649,span00000649,,2025-01-20T10:05:24+00:00,api,/order-service,inventory-service,/reservations,4.37,4.33,88
trace00000650,span00000650,,2025-01-20T10:05:24+00:00,inventory-service,,database,/query,342.1,342.15,88
trace00000651,span00000651,,2025-01-20T10:05:25+00:00,api,/order-service,inventory-service,/reservations,4.42,4.49,89
trace00000652,span00000652,,2025-01-20T10:05:25+00:00,inventory-service,,database,/query,341.61,341.64,89
trace00000653,span00000653,,2025-01-20T10:05:26+00:00,api,/order-service,inventory-service,/reservations,3.94,4.01,87
trace00000654,span00000654,,2025-01-20T10:05:26+00:00,inventory-service,,database,/query,345.89,345.94,87
trace00000655,span00000655,,2025-01-20T10:05:27+00:00,api,/order-service,inventory-service,/reservations,4.37,4.41,78
trace00000656,span00000656,,2025-01-20T10:05:27+00:00,inventory-service,,database,/query,354.64,354.67,78
trace00000657,span00000657,,2025-01-20T10:05:28+00:00,api,/order-service,inventory-service,/reservations,4.97,4.94,78
trace00000658,span00000658,,2025-01-20T10:05:28+00:00,inventory-service,,database,/query,349.82,349.87,78
trace00000659,span00000659,,2025-01-20T10:05:29+00:00,api,/order-service,inventory-service,/reservations,5.33,5.41,73
trace00000660,span00000660,,2025-01-20T10:05:29+00:00,inventory-service,,database,/query,291.21,291.2,73
trace00000661,span00000661,,2025-01-20T10:05:30+00:00,api,/order-service,inventory-service,/reservations,5.48,5.53,70
trace00000662,span00000662,,2025-01-20T10:05:30+00:00,inventory-service,,database,/query,263.4,263.42,70
trace00000663,span00000663,,2025-01-20T10:05:31+00:00,api,/order-service,inventory-service,/reservations,5.51,5.57,69
trace00000664,span00000664,,2025-01-20T10:05:31+00:00,inventory-service,,database,/query,269.87,269.96,69
trace00000665,span00000665,,2025-01-20T10:05:32+00:00,api,/order-service,inventory-service,/reservations,5.53,5.62,64
trace00000666,span00000666,,2025-01-20T10:05:32+00:00,inventory-service,,database,/query,388.28,388.27,64
trace00000667,span00000667,,2025-01-20T10:05:33+00:00,api,/order-service,inventory-service,/reservations,5.28,5.28,59
trace00000668,span00000668,,2025-01-20T10:05:33+00:00,inventory-service,,database,/query,336.95,336.97,59
trace00000669,span00000669,,2025-01-20T10:05:34+00:00,api,/order-service,inventory-service,/reservations,5.18,5.24,53
trace00000670,span00000670,,2025-01-20T10:05:34+00:00,inventory-service,,database,/query,325.63,325.64,53
trace00000671,span00000671,,2025-01-20T10:05:35+00:00,api,/order-service,inventory-service,/reservations,5.87,5.95,50
trace00000672,span00000672,,2025-01-20T10:05:35+00:00,inventory-service,,database,/query,339.99,340.07,50
trace00000673,span00000673,,2025-01-20T10:05:36+00:00,api,/order-service,inventory-service,/reservations,5.45,5.49,52
trace00000674,span00000674,,2025-01-20T10:05:36+00:00,inventory-service,,database,/query,328.42,328.36,52
trace00000675,span00000675,,2025-01-20T10:05:37+00:00,api,/order-service,inventory-service,/reservations,5.97,5.94,48
trace00000676,span00000676,,2025-01-20T10:05:37+00:00,inventory-service,,database,/query,337.99,338.07,48
trace00000677,span00000677,,2025-01-20T10:05:38+00:00,api,/order-service,inventory-service,/reservations,5.7,5.67,48
trace00000678,span00000678,,2025-01-20T10:05:38+00:00,inventory-service,,database,/query,286.82,286.73,48
trace00000679,span00000679,,2025-01-20T10:05:39+00:00,api,/order-service,inventory-service,/reservations,5.36,5.41,50
trace00000680,span00000680,,2025-01-20T10:05:39+00:00,inventory-service,,database,/query,307.35,307.31,50
trace00000681,span00000681,,2025-01-20T10:05:40+00:00,api,/order-service,inventory-service,/reservations,5.0,4.93,49
trace00000682,span00000682,,2025-01-20T10:05:40+00:00,inventory-service,,database,/query,272.63,272.55,49
trace00000683,span00000683,,2025-01-20T10:05:41+00:00,api,/order-service,inventory-service,/reservations,4.73,4.8,47
trace00000684,span00000684,,2025-01-20T10:05:41+00:00,inventory-service,,database,/query,353.58,353.58,47
trace00000685,span00000685,,2025-01-20T10:05:42+00:00,api,/order-service,inventory-service,/reservations,4.56,4.54,48
trace00000686,span00000686,,2025-01-20T10:05:42+00:00,inventory-service,,database,/query,358.83,358.8,48
trace00000687,span00000687,,2025-01-20T10:05:43+00:00,api,/order-service,inventory-service,/reservations,4.68,4.71,49
trace00000688,span00000688,,2025-01-20T10:05:43+00:00,inventory-service,,database,/query,425.07,425.16,49
trace00000689,span00000689,,2025-01-20T10:05:44+00:00,api,/order-service,inventory-service,/reservations,5.11,5.07,47
trace00000690,span00000690,,2025-01-20T10:05:44+00:00,inventory-service,,database,/query,363.0,363.1,47
trace00000691,span00000691,,2025-01-20T10:05:45+00:00,api,/order-service,inventory-service,/reservations,4.32,4.26,50
trace00000692,span00000692,,2025-01-20T10:05:45+00:00,inventory-service,,database,/query,355.86,355.88,50
trace00000693,span00000693,,2025-01-20T10:05:46+00:00,api,/order-service,inventory-service,/reservations,4.7,4.75,50
trace00000694,span00000694,,2025-01-20T10:05:46+00:00,inventory-service,,database,/query,317.56,317.5,50
trace00000695,span00000695,,2025-01-20T10:05:47+00:00,api,/order-service,inventory-service,/reservations,4.52,4.43,49
trace00000696,span00000696,,2025-01-20T10:05:47+00:00,inventory-service,,database,/query,279.25,279.16,49
trace00000697,span00000697,,2025-01-20T10:05:48+00:00,api,/order-service,inventory-service,/reservations,5.72,5.76,50
trace00000698,span00000698,,2025-01-20T10:05:48+00:00,inventory-service,,database,/query,364.19,364.16,50
trace00000699,span00000699,,2025-01-20T10:05:49+00:00,api,/order-service,inventory-service,/reservations,5.27,5.2,48
trace00000700,span00000700,,2025-01-20T10:05:49+00:00,inventory-service,,database,/query,387.24,387.29,48
trace00000701,span00000701,,2025-01-20T10:05:50+00:00,api,/order-service,inventory-service,/reservations,5.01,5.01,49
trace00000702,span00000702,,2025-01-20T10:05:50+00:00,inventory-service,,database,/query,253.66,253.73,49
trace00000703,span00000703,,2025-01-20T10:05:51+00:00,api,/order-service,inventory-service,/reservations,4.45,4.44,50
trace00000704,span00000704,,2025-01-20T10:05:51+00:00,inventory-service,,database,/query,344.58,344.64,50
trace00000705,span00000705,,2025-01-20T10:05:52+00:00,api,/order-service,inventory-service,/reservations,5.37,5.42,50
trace00000706,span00000706,,2025-01-20T10:05:52+00:00,inventory-service,,database,/query,318.78,318.76,50
trace00000707,span00000707,,2025-01-20T10:05:53+00:00,api,/order-service,inventory-service,/reservations,6.33,6.34,49
trace00000708,span00000708,,2025-01-20T10:05:53+00:00,inventory-service,,database,/query,305.23,305.26,49
trace00000709,span00000709,,2025-01-20T10:05:54+00:00,api,/order-service,inventory-service,/reservations,4.97,4.98,49
trace00000710,span00000710,,2025-01-20T10:05:54+00:00,inventory-service,,database,/query,272.02,272.11,49
trace00000711,span00000711,,2025-01-20T10:05:55+00:00,api,/order-service,inventory-service,/reservations,5.56,5.5,49
trace00000712,span00000712,,2025-01-20T10:05:55+00:00,inventory-service,,database,/query,319.6,319.61,49
trace00000713,span00000713,,2025-01-20T10:05:56+00:00,api,/order-service,inventory-service,/reservations,5.1,5.18,49
trace00000714,span00000714,,2025-01-20T10:05:56+00:00,inventory-service,,database,/query,288.19,288.1,49
trace00000715,span00000715,,2025-01-20T10:05:57+00:00,api,/order-service,inventory-service,/reservations,5.04,5.1,48
trace00000716,span00000716,,2025-01-20T10:05:57+00:00,inventory-service,,database,/query,347.76,347.66,48
trace00000717,span00000717,,2025-01-20T10:05:58+00:00,api,/order-service,inventory-service,/reservations,4.9,4.93,51
trace00000718,span00000718,,2025-01-20T10:05:58+00:00,inventory-service,,database,/query,321.73,321.68,51
trace00000719,span00000719,,2025-01-20T10:05:59+00:00,api,/order-service,inventory-service,/reservations,4.33,4.4,48
trace00000720,span00000720,,2025-01-20T10:05:59+00:00,inventory-service,,database,/query,270.98,271.04,48
trace00000721,span00000721,,2025-01-20T10:06:00+00:00,api,/order-service,inventory-service,/reservations,5.23,5.18,47
trace00000722,span00000722,,2025-01-20T10:06:00+00:00,inventory-service,,database,/query,269.28,269.33,47
trace00000723,span00000723,,2025-01-20T10:06:01+00:00,api,/order-service,inventory-service,/reservations,4.56,4.58,47
trace00000724,span00000724,,2025-01-20T10:06:01+00:00,inventory-service,,database,/query,335.85,335.76,47
trace00000725,span00000725,,2025-01-20T10:06:02+00:00,api,/order-service,inventory-service,/reservations,4.52,4.49,49
trace00000726,span00000726,,2025-01-20T10:06:02+00:00,inventory-service,,database,/query,346.7,346.68,49
trace00000727,span00000727,,2025-01-20T10:06:03+00:00,api,/order-service,inventory-service,/reservations,4.84,4.79,51
trace00000728,span00000728,,2025-01-20T10:06:03+00:00,inventory-service,,database,/query,354.73,354.63,51
trace00000729,span00000729,,2025-01-20T10:06:04+00:00,api,/order-service,inventory-service,/reservations,4.71,4.69,51
trace00000730,span00000730,,2025-01-20T10:06:04+00:00,inventory-service,,database,/query,354.4,354.37,51
trace00000731,span00000731,,2025-01-20T10:06:05+00:00,api,/order-service,inventory-service,/reservations,5.11,5.18,50
trace00000732,span00000732,,2025-01-20T10:06:05+00:00,inventory-service,,database,/query,299.72,299.77,50
trace00000733,span00000733,,2025-01-20T10:06:06+00:00,api,/order-service,inventory-service,/reservations,4.86,4.76,49
trace00000734,span00000734,,2025-01-20T10:06:06+00:00,inventory-service,,database,/query,316.62,316.7,49
trace00000735,span00000735,,2025-01-20T10:06:07+00:00,api,/order-service,inventory-service,/reservations,5.41,5.45,52
trace00000736,span00000736,,2025-01-20T10:06:07+00:00,inventory-service,,database,/query,283.61,283.59,52
trace00000737,span00000737,,2025-01-20T10:06:08+00:00,api,/order-service,inventory-service,/reservations,5.34,5.34,48
trace00000738,span00000738,,2025-01-20T10:06:08+00:00,inventory-service,,database,/query,297.95,297.85,48
trace00000739,span00000739,,2025-01-20T10:06:09+00:00,api,/order-service,inventory-service,/reservations,4.32,4.38,50
trace00000740,span00000740,,2025-01-20T10:06:09+00:00,inventory-service,,database,/query,331.87,331.78,50
trace00000741,span00000741,,2025-01-20T10:06:10+00:00,api,/order-service,inventory-service,/reservations,4.93,4.85,50
trace00000742,span00000742,,2025-01-20T10:06:10+00:00,inventory-service,,database,/query,393.71,393.71,50
trace00000743,span00000743,,2025-01-20T10:06:11+00:00,api,/order-service,inventory-service,/reservations,4.91,4.88,48
trace00000744,span00000744,,2025-01-20T10:06:11+00:00,inventory-service,,database,/query,313.5,313.54,48
trace00000745,span00000745,,2025-01-20T10:06:12+00:00,api,/order-service,inventory-service,/reservations,4.99,4.89,50
trace00000746,span00000746,,2025-01-20T10:06:12+00:00,inventory-service,,database,/query,334.18,334.2,50
trace00000747,span00000747,,2025-01-20T10:06:13+00:00,api,/order-service,inventory-service,/reservations,5.69,5.71,50
trace00000748,span00000748,,2025-01-20T10:06:13+00:00,inventory-service,,database,/query,294.95,294.89,50
trace00000749,span00000749,,2025-01-20T10:06:14+00:00,api,/order-service,inventory-service,/reservations,4.27,4.27,48
trace00000750,span00000750,,2025-01-20T10:06:14+00:00,inventory-service,,database,/query,335.68,335.77,48
trace00000751,span00000751,,2025-01-20T10:06:15+00:00,api,/order-service,inventory-service,/reservations,5.35,5.44,48
trace00000752,span00000752,,2025-01-20T10:06:15+00:00,inventory-service,,database,/query,304.34,304.37,48
trace00000753,span00000753,,2025-01-20T10:06:16+00:00,api,/order-service,inventory-service,/reservations,4.41,4.39,50
trace00000754,span00000754,,2025-01-20T10:06:16+00:00,inventory-service,,database,/query,356.83,356.82,50
trace00000755,span00000755,,2025-01-20T10:06:17+00:00,api,/order-service,inventory-service,/reservations,4.58,4.58,47
trace00000756,span00000756,,2025-01-20T10:06:17+00:00,inventory-service,,database,/query,379.59,379.56,47
trace00000757,span00000757,,2025-01-20T10:06:18+00:00,api,/order-service,inventory-service,/reservations,6.63,6.57,51
trace00000758,span00000758,,2025-01-20T10:06:18+00:00,inventory-service,,database,/query,322.42,322.5,51
trace00000759,span00000759,,2025-01-20T10:06:19+00:00,api,/order-service,inventory-service,/reservations,5.55,5.59,48
trace00000760,span00000760,,2025-01-20T10:06:19+00:00,inventory-service,,database,/query,295.77,295.83,48
trace00000761,span00000761,,2025-01-20T10:06:20+00:00,api,/order-service,inventory-service,/reservations,5.05,5.12,48
trace00000762,span00000762,,2025-01-20T10:06:20+00:00,inventory-service,,database,/query,314.44,314.45,48
trace00000763,span00000763,,2025-01-20T10:06:21+00:00,api,/order-service,inventory-service,/reservations,4.47,4.55,49
trace00000764,span00000764,,2025-01-20T10:06:21+00:00,inventory-service,,database,/query,299.64,299.61,49
trace00000765,span00000765,,2025-01-20T10:06:22+00:00,api,/order-service,inventory-service,/reservations,4.09,4.07,50
trace00000766,span00000766,,2025-01-20T10:06:22+00:00,inventory-service,,database,/query,342.54,342.51,50
trace00000767,span00000767,,2025-01-20T10:06:23+00:00,api,/order-service,inventory-service,/reservations,4.27,4.18,49
trace00000768,span00000768,,2025-01-20T10:06:23+00:00,inventory-service,,database,/query,331.41,331.5,49
trace00000769,span00000769,,2025-01-20T10:06:24+00:00,api,/order-service,inventory-service,/reservations,5.28,5.26,49
trace00000770,span00000770,,2025-01-20T10:06:24+00:00,inventory-service,,database,/query,358.87,358.88,49
trace00000771,span00000771,,2025-01-20T10:06:25+00:00,api,/order-service,inventory-service,/reservations,4.74,4.66,49
trace00000772,span00000772,,2025-01-20T10:06:25+00:00,inventory-service,,database,/query,380.97,381.02,49
trace00000773,span00000773,,2025-01-20T10:06:26+00:00,api,/order-service,inventory-service,/reservations,5.22,5.29,53
trace00000774,span00000774,,2025-01-20T10:06:26+00:00,inventory-service,,database,/query,294.89,294.92,53
trace00000775,span00000775,,2025-01-20T10:06:27+00:00,api,/order-service,inventory-service,/reservations,5.13,5.06,49
trace00000776,span00000776,,2025-01-20T10:06:27+00:00,inventory-service,,database,/query,301.8,301.89,49
trace00000777,span00000777,,2025-01-20T10:06:28+00:00,api,/order-service,inventory-service,/reservations,4.69,4.75,49
trace00000778,span00000778,,2025-01-20T10:06:28+00:00,inventory-service,,database,/query,324.26,324.28,49
trace00000779,span00000779,,2025-01-20T10:06:29+00:00,api,/order-service,inventory-service,/reservations,5.15,5.05,51
trace00000780,span00000780,,2025-01-20T10:06:29+00:00,inventory-service,,database,/query,321.79,321.86,51
trace00000781,span00000781,,2025-01-20T10:06:30+00:00,api,/order-service,inventory-service,/reservations,5.51,5.57,50
trace00000782,span00000782,,2025-01-20T10:06:30+00:00,inventory-service,,database,/query,290.35,290.36,50
trace00000783,span00000783,,2025-01-20T10:06:31+00:00,api,/order-service,inventory-service,/reservations,5.07,4.98,49
trace00000784,span00000784,,2025-01-20T10:06:31+00:00,inventory-service,,database,/query,307.88,307.81,49
trace00000785,span00000785,,2025-01-20T10:06:32+00:00,api,/order-service,inventory-service,/reservations,4.81,4.85,48
trace00000786,span00000786,,2025-01-20T10:06:32+00:00,inventory-service,,database,/query,269.43,269.51,48
trace00000787,span00000787,,2025-01-20T10:06:33+00:00,api,/order-service,inventory-service,/reservations,4.71,4.78,49
trace00000788,span00000788,,2025-01-20T10:06:33+00:00,inventory-service,,database,/query,378.26,378.36,49
trace00000789,span00000789,,2025-01-20T10:06:34+00:00,api,/order-service,inventory-service,/reservations,5.65,5.63,51
trace00000790,span00000790,,2025-01-20T10:06:34+00:00,inventory-service,,database,/query,321.96,321.97,51
trace00000791,span00000791,,2025-01-20T10:06:35+00:00,api,/order-service,inventory-service,/reservations,5.03,5.01,50
trace00000792,span00000792,,2025-01-20T10:06:35+00:00,inventory-service,,database,/query,344.65,344.72,50
trace00000793,span00000793,,2025-01-20T10:06:36+00:00,api,/order-service,inventory-service,/reservations,4.92,4.84,52
trace00000794,span00000794,,2025-01-20T10:06:36+00:00,inventory-service,,database,/query,301.01,300.92,52
trace00000795,span00000795,,2025-01-20T10:06:37+00:00,api,/order-service,inventory-service,/reservations,4.42,4.48,49
trace00000796,span00000796,,2025-01-20T10:06:37+00:00,inventory-service,,database,/query,364.64,364.59,49
trace00000797,span00000797,,2025-01-20T10:06:38+00:00,api,/order-service,inventory-service,/reservations,4.86,4.85,47
trace00000798,span00000798,,2025-01-20T10:06:38+00:00,inventory-service,,database,/query,304.79,304.77,47
trace00000799,span00000799,,2025-01-20T10:06:39+00:00,api,/order-service,inventory-service,/reservations,5.46,5.56,51
trace00000800,span00000800,,2025-01-20T10:06:39+00:00,inventory-service,,database,/query,305.05,305.04,51
trace00000801,span00000801,,2025-01-20T10:06:40+00:00,api,/order-service,inventory-service,/reservations,5.82,5.72,48
trace00000802,span00000802,,2025-01-20T10:06:40+00:00,inventory-service,,database,/query,315.14,315.2,48
trace00000803,span00000803,,2025-01-20T10:06:41+00:00,api,/order-service,inventory-service,/reservations,4.45,4.41,52
trace00000804,span00000804,,2025-01-20T10:06:41+00:00,inventory-service,,database,/query,317.04,316.99,52
trace00000805,span00000805,,2025-01-20T10:06:42+00:00,api,/order-service,inventory-service,/reservations,4.71,4.63,49
trace00000806,span00000806,,2025-01-20T10:06:42+00:00,inventory-service,,database,/query,642.93,642.96,49
trace00000807,span00000807,,2025-01-20T10:06:43+00:00,api,/order-service,inventory-service,/reservations,4.71,4.67,52
trace00000808,span00000808,,2025-01-20T10:06:43+00:00,inventory-service,,database,/query,270.15,270.17,52
trace00000809,span00000809,,2025-01-20T10:06:44+00:00,api,/order-service,inventory-service,/reservations,4.83,4.81,49
trace00000810,span00000810,,2025-01-20T10:06:44+00:00,inventory-service,,database,/query,318.7,318.64,49
trace00000811,span00000811,,2025-01-20T10:06:45+00:00,api,/order-service,inventory-service,/reservations,4.58,4.57,49
trace00000812,span00000812,,2025-01-20T10:06:45+00:00,inventory-service,,database,/query,337.6,337.59,49
trace00000813,span00000813,,2025-01-20T10:06:46+00:00,api,/order-service,inventory-service,/reservations,5.23,5.2,50
trace00000814,span00000814,,2025-01-20T10:06:46+00:00,inventory-service,,database,/query,284.06,284.15,50
trace00000815,span00000815,,2025-01-20T10:06:47+00:00,api,/order-service,inventory-service,/reservations,4.3,4.34,51
trace00000816,span00000816,,2025-01-20T10:06:47+00:00,inventory-service,,database,/query,322.05,322.05,51
trace00000817,span00000817,,2025-01-20T10:06:48+00:00,api,/order-service,inventory-service,/reservations,5.21,5.31,47
trace00000818,span00000818,,2025-01-20T10:06:48+00:00,inventory-service,,database,/query,275.8,275.72,47
trace00000819,span00000819,,2025-01-20T10:06:49+00:00,api,/order-service,inventory-service,/reservations,5.46,5.49,51
trace00000820,span00000820,,2025-01-20T10:06:49+00:00,inventory-service,,database,/query,362.79,362.8,51
trace00000821,span00000821,,2025-01-20T10:06:50+00:00,api,/order-service,inventory-service,/reservations,5.54,5.62,50
trace00000822,span00000822,,2025-01-20T10:06:50+00:00,inventory-service,,database,/query,277.41,277.35,50
trace00000823,span00000823,,2025-01-20T10:06:51+00:00,api,/order-service,inventory-service,/reservations,5.19,5.17,51
trace00000824,span00000824,,2025-01-20T10:06:51+00:00,inventory-service,,database,/query,323.1,323.12,51
trace00000825,span00000825,,2025-01-20T10:06:52+00:00,api,/order-service,inventory-service,/reservations,5.19,5.13,51
trace00000826,span00000826,,2025-01-20T10:06:52+00:00,inventory-service,,database,/query,302.47,302.43,51
trace00000827,span00000827,,2025-01-20T10:06:53+00:00,api,/order-service,inventory-service,/reservations,4.63,4.55,51
trace00000828,span00000828,,2025-01-20T10:06:53+00:00,inventory-service,,database,/query,293.16,293.09,51
trace00000829,span00000829,,2025-01-20T10:06:54+00:00,api,/order-service,inventory-service,/reservations,4.24,4.31,48
trace00000830,span00000830,,2025-01-20T10:06:54+00:00,inventory-service,,database,/query,359.57,359.5,48
trace00000831,span00000831,,2025-01-20T10:06:55+00:00,api,/order-service,inventory-service,/reservations,5.23,5.21,51
trace00000832,span00000832,,2025-01-20T10:06:55+00:00,inventory-service,,database,/query,312.93,312.88,51
trace00000833,span00000833,,2025-01-20T10:06:56+00:00,api,/order-service,inventory-service,/reservations,5.52,5.46,51
trace00000834,span00000834,,2025-01-20T10:06:56+00:00,inventory-service,,database,/query,334.11,334.21,51
trace00000835,span00000835,,2025-01-20T10:06:57+00:00,api,/order-service,inventory-service,/reservations,4.71,4.71,50
trace00000836,span00000836,,2025-01-20T10:06:57+00:00,inventory-service,,database,/query,276.81,276.79,50
trace00000837,span00000837,,2025-01-20T10:06:58+00:00,api,/order-service,inventory-service,/reservations,4.88,4.91,52
trace00000838,span00000838,,2025-01-20T10:06:58+00:00,inventory-service,,database,/query,363.84,363.82,52
trace00000839,span00000839,,2025-01-20T10:06:59+00:00,api,/order-service,inventory-service,/reservations,5.15,5.1,50
trace00000840,span00000840,,2025-01-20T10:06:59+00:00,inventory-service,,database,/query,251.24,251.23,50
trace00000841,span00000841,,2025-01-20T10:07:00+00:00,api,/order-service,inventory-service,/reservations,5.49,5.51,50
trace00000842,span00000842,,2025-01-20T10:07:00+00:00,inventory-service,,database,/query,330.74,330.75,50
trace00000843,span00000843,,2025-01-20T10:07:01+00:00,api,/order-service,inventory-service,/reservations,5.25,5.19,48
trace00000844,span00000844,,2025-01-20T10:07:01+00:00,inventory-service,,database,/query,330.08,330.02,48
trace00000845,span00000845,,2025-01-20T10:07:02+00:00,api,/order-service,inventory-service,/reservations,5.04,4.98,48
trace00000846,span00000846,,2025-01-20T10:07:02+00:00,inventory-service,,database,/query,310.96,311.05,48
trace00000847,span00000847,,2025-01-20T10:07:03+00:00,api,/order-service,inventory-service,/reservations,4.44,4.36,51
trace00000848,span00000848,,2025-01-20T10:07:03+00:00,inventory-service,,database,/query,268.86,268.82,51
trace00000849,span00000849,,2025-01-20T10:07:04+00:00,api,/order-service,inventory-service,/reservations,5.56,5.49,51
trace00000850,span00000850,,2025-01-20T10:07:04+00:00,inventory-service,,database,/query,303.86,303.86,51
trace00000851,span00000851,,2025-01-20T10:07:05+00:00,api,/order-service,inventory-service,/reservations,4.42,4.44,50
trace00000852,span00000852,,2025-01-20T10:07:05+00:00,inventory-service,,database,/query,320.89,320.81,50
trace00000853,span00000853,,2025-01-20T10:07:06+00:00,api,/order-service,inventory-service,/reservations,4.0,4.08,53
trace00000854,span00000854,,2025-01-20T10:07:06+00:00,inventory-service,,database,/query,302.22,302.13,53
trace00000855,span00000855,,2025-01-20T10:07:07+00:00,api,/order-service,inventory-service,/reservations,5.2,5.13,47
trace00000856,span00000856,,2025-01-20T10:07:07+00:00,inventory-service,,database,/query,397.79,397.88,47
trace00000857,span00000857,,2025-01-20T10:07:08+00:00,api,/order-service,inventory-service,/reservations,5.48,5.38,51
trace00000858,span00000858,,2025-01-20T10:07:08+00:00,inventory-service,,database,/query,369.93,369.93,51
trace00000859,span00000859,,2025-01-20T10:07:09+00:00,api,/order-service,inventory-service,/reservations,5.31,5.39,50
trace00000860,span00000860,,2025-01-20T10:07:09+00:00,inventory-service,,database,/query,364.24,364.14,50
trace00000861,span00000861,,2025-01-20T10:07:10+00:00,api,/order-service,inventory-service,/reservations,4.91,4.86,50
trace00000862,span00000862,,2025-01-20T10:07:10+00:00,inventory-service,,database,/query,332.99,333.0,50
trace00000863,span00000863,,2025-01-20T10:07:11+00:00,api,/order-service,inventory-service,/reservations,4.51,4.54,47
trace00000864,span00000864,,2025-01-20T10:07:11+00:00,inventory-service,,database,/query,295.08,295.06,47
trace00000865,span00000865,,2025-01-20T10:07:12+00:00,api,/order-service,inventory-service,/reservations,4.9,4.95,47
trace00000866,span00000866,,2025-01-20T10:07:12+00:00,inventory-service,,database,/query,301.45,301.41,47
trace00000867,span00000867,,2025-01-20T10:07:13+00:00,api,/order-service,inventory-service,/reservations,5.44,5.53,48
trace00000868,span00000868,,2025-01-20T10:07:13+00:00,inventory-service,,database,/query,289.59,289.63,48
trace00000869,span00000869,,2025-01-20T10:07:14+00:00,api,/order-service,inventory-service,/reservations,5.15,5.21,51
trace00000870,span00000870,,2025-01-20T10:07:14+00:00,inventory-service,,database,/query,313.23,313.29,51
trace00000871,span00000871,,2025-01-20T10:07:15+00:00,api,/order-service,inventory-service,/reservations,4.86,4.92,54
trace00000872,span00000872,,2025-01-20T10:07:15+00:00,inventory-service,,database,/query,355.85,355.78,54
trace00000873,span00000873,,2025-01-20T10:07:16+00:00,api,/order-service,inventory-service,/reservations,4.5,4.51,51
trace00000874,span00000874,,2025-01-20T10:07:16+00:00,inventory-service,,database,/query,321.75,321.72,51
trace00000875,span00000875,,2025-01-20T10:07:17+00:00,api,/order-service,inventory-service,/reservations,4.99,5.07,47
trace00000876,span00000876,,2025-01-20T10:07:17+00:00,inventory-service,,database,/query,313.82,313.85,47
trace00000877,span00000877,,2025-01-20T10:07:18+00:00,api,/order-service,inventory-service,/reservations,4.49,4.57,46
trace00000878,span00000878,,2025-01-20T10:07:18+00:00,inventory-service,,database,/query,291.23,291.22,46
trace00000879,span00000879,,2025-01-20T10:07:19+00:00,api,/order-service,inventory-service,/reservations,5.91,5.97,50
trace00000880,span00000880,,2025-01-20T10:07:19+00:00,inventory-service,,database,/query,312.06,312.11,50
trace00000881,span00000881,,2025-01-20T10:07:20+00:00,api,/order-service,inventory-service,/reservations,5.35,5.27,49
trace00000882,span00000882,,2025-01-20T10:07:20+00:00,inventory-service,,database,/query,303.64,303.64,49
trace00000883,span00000883,,2025-01-20T10:07:21+00:00,api,/order-service,inventory-service,/reservations,4.78,4.71,49
trace00000884,span00000884,,2025-01-20T10:07:21+00:00,inventory-service,,database,/query,323.21,323.19,49
trace00000885,span00000885,,2025-01-20T10:07:22+00:00,api,/order-service,inventory-service,/reservations,6.38,6.45,48
trace00000886,span00000886,,2025-01-20T10:07:22+00:00,inventory-service,,database,/query,361.47,361.51,48
trace00000887,span00000887,,2025-01-20T10:07:23+00:00,api,/order-service,inventory-service,/reservations,4.94,4.98,52
trace00000888,span00000888,,2025-01-20T10:07:23+00:00,inventory-service,,database,/query,343.31,343.35,52
trace00000889,span00000889,,2025-01-20T10:07:24+00:00,api,/order-service,inventory-service,/reservations,5.66,5.65,49
trace00000890,span00000890,,2025-01-20T10:07:24+00:00,inventory-service,,database,/query,329.65,329.72,49
trace00000891,span00000891,,2025-01-20T10:07:25+00:00,api,/order-service,inventory-service,/reservations,5.04,4.99,49
trace00000892,span00000892,,2025-01-20T10:07:25+00:00,inventory-service,,database,/query,312.9,312.89,49
trace00000893,span00000893,,2025-01-20T10:07:26+00:00,api,/order-service,inventory-service,/reservations,3.96,3.86,50
trace00000894,span00000894,,2025-01-20T10:07:26+00:00,inventory-service,,database,/query,386.34,386.39,50
trace00000895,span00000895,,2025-01-20T10:07:27+00:00,api,/order-service,inventory-service,/reservations,4.19,4.12,49
trace00000896,span00000896,,2025-01-20T10:07:27+00:00,inventory-service,,database,/query,335.53,335.46,49
trace00000897,span00000897,,2025-01-20T10:07:28+00:00,api,/order-service,inventory-service,/reservations,4.77,4.77,49
trace00000898,span00000898,,2025-01-20T10:07:28+00:00,inventory-service,,database,/query,334.73,334.72,49
trace00000899,span00000899,,2025-01-20T10:07:29+00:00,api,/order-service,inventory-service,/reservations,4.36,4.38,50
trace00000900,span00000900,,2025-01-20T10:07:29+00:00,inventory-service,,database,/query,338.23,338.29,50
trace00000901,span00000901,,2025-01-20T10:07:30+00:00,api,/order-service,inventory-service,/reservations,4.84,4.82,52
trace00000902,span00000902,,2025-01-20T10:07:30+00:00,inventory-service,,database,/query,334.49,334.43,52
trace00000903,span00000903,,2025-01-20T10:07:31+00:00,api,/order-service,inventory-service,/reservations,5.86,5.85,51
trace00000904,span00000904,,2025-01-20T10:07:31+00:00,inventory-service,,database,/query,351.67,351.65,51
trace00000905,span00000905,,2025-01-20T10:07:32+00:00,api,/order-service,inventory-service,/reservations,4.56,4.61,49
trace00000906,span00000906,,2025-01-20T10:07:32+00:00,inventory-service,,database,/query,301.04,301.08,49
trace00000907,span00000907,,2025-01-20T10:07:33+00:00,api,/order-service,inventory-service,/reservations,5.32,5.22,48
trace00000908,span00000908,,2025-01-20T10:07:33+00:00,inventory-service,,database,/query,292.82,292.91,48
trace00000909,span00000909,,2025-01-20T10:07:34+00:00,api,/order-service,inventory-service,/reservations,5.12,5.1,48
trace00000910,span00000910,,2025-01-20T10:07:34+00:00,inventory-service,,database,/query,326.03,326.08,48
trace00000911,span00000911,,2025-01-20T10:07:35+00:00,api,/order-service,inventory-service,/reservations,5.84,5.88,50
trace00000912,span00000912,,2025-01-20T10:07:35+00:00,inventory-service,,database,/query,320.67,320.68,50
trace00000913,span00000913,,2025-01-20T10:07:36+00:00,api,/order-service,inventory-service,/reservations,5.05,4.98,49
trace00000914,span00000914,,2025-01-20T10:07:36+00:00,inventory-service,,database,/query,246.6,246.52,49
trace00000915,span00000915,,2025-01-20T10:07:37+00:00,api,/order-service,inventory-service,/reservations,4.56,4.49,50
trace00000916,span00000916,,2025-01-20T10:07:37+00:00,inventory-service,,database,/query,292.15,292.19,50
trace00000917,span00000917,,2025-01-20T10:07:38+00:00,api,/order-service,inventory-service,/reservations,4.43,4.49,49
trace00000918,span00000918,,2025-01-20T10:07:38+00:00,inventory-service,,database,/query,911.69,911.62,49
trace00000919,span00000919,,2025-01-20T10:07:39+00:00,api,/order-service,inventory-service,/reservations,4.46,4.54,47
trace00000920,span00000920,,2025-01-20T10:07:39+00:00,inventory-service,,database,/query,348.01,348.04,47
trace00000921,span00000921,,2025-01-20T10:07:40+00:00,api,/order-service,inventory-service,/reservations,4.98,4.92,50
trace00000922,span00000922,,2025-01-20T10:07:40+00:00,inventory-service,,database,/query,377.25,377.16,50
trace00000923,span00000923,,2025-01-20T10:07:41+00:00,api,/order-service,inventory-service,/reservations,4.72,4.65,51
trace00000924,span00000924,,2025-01-20T10:07:41+00:00,inventory-service,,database,/query,318.3,318.21,51
trace00000925,span00000925,,2025-01-20T10:07:42+00:00,api,/order-service,inventory-service,/reservations,4.83,4.82,50
trace00000926,span00000926,,2025-01-20T10:07:42+00:00,inventory-service,,database,/query,356.11,356.06,50
trace00000927,span00000927,,2025-01-20T10:07:43+00:00,api,/order-service,inventory-service,/reservations,4.45,4.53,47
trace00000928,span00000928,,2025-01-20T10:07:43+00:00,inventory-service,,database,/query,332.8,332.71,47
trace00000929,span00000929,,2025-01-20T10:07:44+00:00,api,/order-service,inventory-service,/reservations,4.99,4.97,51
trace00000930,span00000930,,2025-01-20T10:07:44+00:00,inventory-service,,database,/query,327.69,327.76,51
trace00000931,span00000931,,2025-01-20T10:07:45+00:00,api,/order-service,inventory-service,/reservations,4.47,4.52,10
trace00000932,span00000932,,2025-01-20T10:07:45+00:00,inventory-service,,database,/query,275.88,275.85,10
trace00000933,span00000933,,2025-01-20T10:07:46+00:00,api,/order-service,inventory-service,/reservations,5.15,5.15,9
trace00000934,span00000934,,2025-01-20T10:07:46+00:00,inventory-service,,database,/query,313.14,313.06,9
trace00000935,span00000935,,2025-01-20T10:07:47+00:00,api,/order-service,inventory-service,/reservations,5.9,5.95,9
trace00000936,span00000936,,2025-01-20T10:07:47+00:00,inventory-service,,database,/query,275.42,275.42,9
trace00000937,span00000937,,2025-01-20T10:07:48+00:00,api,/order-service,inventory-service,/reservations,6.15,6.16,10
trace00000938,span00000938,,2025-01-20T10:07:48+00:00,inventory-service,,database,/query,949.0,949.04,10
trace00000939,span00000939,,2025-01-20T10:07:49+00:00,api,/order-service,inventory-service,/reservations,5.62,5.61,10
trace00000940,span00000940,,2025-01-20T10:07:49+00:00,inventory-service,,database,/query,297.29,297.21,10
trace00000941,span00000941,,2025-01-20T10:07:50+00:00,api,/order-service,inventory-service,/reservations,5.32,5.25,9
trace00000942,span00000942,,2025-01-20T10:07:50+00:00,inventory-service,,database,/query,284.58,284.53,9
trace00000943,span00000943,,2025-01-20T10:07:51+00:00,api,/order-service,inventory-service,/reservations,4.65,4.66,9
trace00000944,span00000944,,2025-01-20T10:07:51+00:00,inventory-service,,database,/query,352.96,352.96,9
trace00000945,span00000945,,2025-01-20T10:07:52+00:00,api,/order-service,inventory-service,/reservations,4.18,4.14,9
trace00000946,span00000946,,2025-01-20T10:07:52+00:00,inventory-service,,database,/query,350.11,350.11,9
trace00000947,span00000947,,2025-01-20T10:07:53+00:00,api,/order-service,inventory-service,/reservations,5.75,5.83,10
trace00000948,span00000948,,2025-01-20T10:07:53+00:00,inventory-service,,database,/query,330.18,330.19,10
trace00000949,span00000949,,2025-01-20T10:07:54+00:00,api,/order-service,inventory-service,/reservations,5.28,5.31,10
trace00000950,span00000950,,2025-01-20T10:07:54+00:00,inventory-service,,database,/query,295.21,295.3,10
trace00000951,span00000951,,2025-01-20T10:07:55+00:00,api,/order-service,inventory-service,/reservations,4.82,4.83,10
trace00000952,span00000952,,2025-01-20T10:07:55+00:00,inventory-service,,database,/query,290.51,290.52,10
trace00000953,span00000953,,2025-01-20T10:07:56+00:00,api,/order-service,inventory-service,/reservations,4.69,4.69,9
trace00000954,span00000954,,2025-01-20T10:07:56+00:00,inventory-service,,database,/query,327.01,326.98,9
trace00000955,span00000955,,2025-01-20T10:07:57+00:00,api,/order-service,inventory-service,/reservations,5.5,5.57,9
trace00000956,span00000956,,2025-01-20T10:07:57+00:00,inventory-service,,database,/query,307.93,308.01,9
trace00000957,span00000957,,2025-01-20T10:07:58+00:00,api,/order-service,inventory-service,/reservations,4.38,4.3,10
trace00000958,span00000958,,2025-01-20T10:07:58+00:00,inventory-service,,database,/query,319.37,319.37,10
trace00000959,span00000959,,2025-01-20T10:07:59+00:00,api,/order-service,inventory-service,/reservations,5.54,5.44,9
trace00000960,span00000960,,2025-01-20T10:07:59+00:00,inventory-service,,database,/query,396.85,396.82,9
